26 0 1 000000 00000000 0
42 4 3 000000 00000001 0
43 4 3 000001 00000000 0
44 4 3 000002 00000000 0
45 4 3 000003 00000000 0
46 4 3 000004 00000000 0
47 4 3 000005 00000000 0
48 4 3 000006 00000000 0
49 4 3 000007 00000000 0
64 0 1 000100 00000000 0
80 4 3 000100 00000001 0
81 4 3 000101 00000000 0
82 4 3 000102 00000000 0
83 4 3 000103 00000000 0
84 4 3 000104 00000000 0
85 4 3 000105 00000000 0
86 4 3 000106 00000000 0
87 4 3 000107 00000000 0
125 0 1 000110 00000000 0
141 4 3 000110 00000000 0
142 4 3 000111 00000001 0
143 4 3 000112 00000000 0
144 4 3 000113 00000000 0
145 4 3 000114 00000000 0
146 4 3 000115 00000000 0
147 4 3 000116 00000000 0
148 4 3 000117 00000000 0
186 0 1 000120 00000000 0
202 4 3 000120 00000000 0
203 4 3 000121 00000000 0
204 4 3 000122 00000001 0
205 4 3 000123 00000000 0
206 4 3 000124 00000000 0
207 4 3 000125 00000000 0
208 4 3 000126 00000000 0
209 4 3 000127 00000000 0
247 0 1 000130 00000000 0
263 4 3 000130 00000000 0
264 4 3 000131 00000000 0
265 4 3 000132 00000000 0
266 4 3 000133 00000001 0
267 4 3 000134 00000000 0
268 4 3 000135 00000000 0
269 4 3 000136 00000000 0
270 4 3 000137 00000000 0
308 0 1 000140 00000000 0
324 4 3 000140 00000000 0
325 4 3 000141 00000000 0
326 4 3 000142 00000000 0
327 4 3 000143 00000000 0
328 4 3 000144 00000001 0
329 4 3 000145 00000000 0
330 4 3 000146 00000000 0
331 4 3 000147 00000000 0
369 0 1 000150 00000000 0
385 4 3 000150 00000000 0
386 4 3 000151 00000000 0
387 4 3 000152 00000000 0
388 4 3 000153 00000000 0
389 4 3 000154 00000000 0
390 4 3 000155 00000001 0
391 4 3 000156 00000000 0
392 4 3 000157 00000000 0
430 0 1 000160 00000000 0
446 4 3 000160 00000000 0
447 4 3 000161 00000000 0
448 4 3 000162 00000000 0
449 4 3 000163 00000000 0
450 4 3 000164 00000000 0
451 4 3 000165 00000000 0
452 4 3 000166 00000001 0
453 4 3 000167 00000000 0
491 0 1 000170 00000000 0
507 4 3 000170 00000000 0
508 4 3 000171 00000000 0
509 4 3 000172 00000000 0
510 4 3 000173 00000000 0
511 4 3 000174 00000000 0
512 4 3 000175 00000000 0
513 4 3 000176 00000000 0
514 4 3 000177 00000001 0
539 0 1 000008 00000000 0
555 4 3 000008 00000000 0
556 4 3 000009 00000000 0
557 4 3 00000A 00000000 0
558 4 3 00000B 00000000 0
559 4 3 00000C 00000000 0
560 4 3 00000D 00000000 0
561 4 3 00000E 00000000 0
562 4 3 00000F 00000000 0
577 0 1 000180 00000000 0
593 4 3 000180 00000000 0
594 4 3 000181 00000000 0
595 4 3 000182 00000000 0
596 4 3 000183 00000000 0
597 4 3 000184 00000000 0
598 4 3 000185 00000000 0
599 4 3 000186 00000000 0
600 4 3 000187 00000000 0
638 0 1 000190 00000000 0
654 4 3 000190 00000000 0
655 4 3 000191 00000000 0
656 4 3 000192 00000000 0
657 4 3 000193 00000000 0
658 4 3 000194 00000000 0
659 4 3 000195 00000000 0
660 4 3 000196 00000000 0
661 4 3 000197 00000000 0
699 0 1 0001A0 00000000 0
715 4 3 0001A0 00000000 0
716 4 3 0001A1 00000000 0
717 4 3 0001A2 00000000 0
718 4 3 0001A3 00000000 0
719 4 3 0001A4 00000000 0
720 4 3 0001A5 00000000 0
721 4 3 0001A6 00000000 0
722 4 3 0001A7 00000000 0
760 0 1 0001B0 00000000 0
776 4 3 0001B0 00000000 0
777 4 3 0001B1 00000000 0
778 4 3 0001B2 00000000 0
779 4 3 0001B3 00000000 0
780 4 3 0001B4 00000000 0
781 4 3 0001B5 00000000 0
782 4 3 0001B6 00000000 0
783 4 3 0001B7 00000000 0
821 0 1 0001C0 00000000 0
837 4 3 0001C0 00000000 0
838 4 3 0001C1 00000000 0
839 4 3 0001C2 00000000 0
840 4 3 0001C3 00000000 0
841 4 3 0001C4 00000000 0
842 4 3 0001C5 00000000 0
843 4 3 0001C6 00000000 0
844 4 3 0001C7 00000000 0
882 0 1 0001D0 00000000 0
898 4 3 0001D0 00000000 0
899 4 3 0001D1 00000000 0
900 4 3 0001D2 00000000 0
901 4 3 0001D3 00000000 0
902 4 3 0001D4 00000000 0
903 4 3 0001D5 00000000 0
904 4 3 0001D6 00000000 0
905 4 3 0001D7 00000000 0
943 0 1 0001E0 00000000 0
959 4 3 0001E0 00000000 0
960 4 3 0001E1 00000000 0
961 4 3 0001E2 00000000 0
962 4 3 0001E3 00000000 0
963 4 3 0001E4 00000000 0
964 4 3 0001E5 00000000 0
965 4 3 0001E6 00000000 0
966 4 3 0001E7 00000000 0
1004 0 1 0001F0 00000000 0
1020 4 3 0001F0 00000000 0
1021 4 3 0001F1 00000000 0
1022 4 3 0001F2 00000000 0
1023 4 3 0001F3 00000000 0
1024 4 3 0001F4 00000000 0
1025 4 3 0001F5 00000000 0
1026 4 3 0001F6 00000000 0
1027 4 3 0001F7 00000000 0
1056 0 2 000200 00000000 0
1072 4 3 000200 00000000 0
1073 4 3 000201 00000000 0
1074 4 3 000202 00000000 0
1075 4 3 000203 00000000 0
1076 4 3 000204 00000000 0
1077 4 3 000205 00000000 0
1078 4 3 000206 00000000 0
1079 4 3 000207 00000000 0
1098 0 1 000000 00000000 0
1114 4 3 000000 00000001 0
1115 4 3 000001 00000000 0
1116 4 3 000002 00000000 0
1117 4 3 000003 00000000 0
1118 4 3 000004 00000000 0
1119 4 3 000005 00000000 0
1120 4 3 000006 00000000 0
1121 4 3 000007 00000000 0
1703 0 2 000201 00000000 0
1719 4 3 000200 00000001 0
1720 4 3 000201 00000000 0
1721 4 3 000202 00000000 0
1722 4 3 000203 00000000 0
1723 4 3 000204 00000000 0
1724 4 3 000205 00000000 0
1725 4 3 000206 00000000 0
1726 4 3 000207 00000000 0
1745 0 1 000000 00000000 0
1761 4 3 000000 00000001 0
1762 4 3 000001 00000000 0
1763 4 3 000002 00000000 0
1764 4 3 000003 00000000 0
1765 4 3 000004 00000000 0
1766 4 3 000005 00000000 0
1767 4 3 000006 00000000 0
1768 4 3 000007 00000000 0
2350 0 2 000202 00000000 0
2366 4 3 000200 00000001 0
2367 4 3 000201 00000000 0
2368 4 3 000202 00000000 0
2369 4 3 000203 00000000 0
2370 4 3 000204 00000000 0
2371 4 3 000205 00000000 0
2372 4 3 000206 00000000 0
2373 4 3 000207 00000000 0
2392 0 1 000000 00000000 0
2408 4 3 000000 00000001 0
2409 4 3 000001 00000000 0
2410 4 3 000002 00000000 0
2411 4 3 000003 00000000 0
2412 4 3 000004 00000000 0
2413 4 3 000005 00000000 0
2414 4 3 000006 00000000 0
2415 4 3 000007 00000000 0
2997 0 2 000203 00000000 0
3013 4 3 000200 00000001 0
3014 4 3 000201 00000000 0
3015 4 3 000202 00000000 0
3016 4 3 000203 00000000 0
3017 4 3 000204 00000000 0
3018 4 3 000205 00000000 0
3019 4 3 000206 00000000 0
3020 4 3 000207 00000000 0
3039 0 1 000000 00000000 0
3055 4 3 000000 00000001 0
3056 4 3 000001 00000000 0
3057 4 3 000002 00000000 0
3058 4 3 000003 00000000 0
3059 4 3 000004 00000000 0
3060 4 3 000005 00000000 0
3061 4 3 000006 00000000 0
3062 4 3 000007 00000000 0
3644 0 2 000204 00000000 0
3660 4 3 000200 00000001 0
3661 4 3 000201 00000000 0
3662 4 3 000202 00000000 0
3663 4 3 000203 00000000 0
3664 4 3 000204 00000000 0
3665 4 3 000205 00000000 0
3666 4 3 000206 00000000 0
3667 4 3 000207 00000000 0
3686 0 1 000000 00000000 0
3702 4 3 000000 00000001 0
3703 4 3 000001 00000000 0
3704 4 3 000002 00000000 0
3705 4 3 000003 00000000 0
3706 4 3 000004 00000000 0
3707 4 3 000005 00000000 0
3708 4 3 000006 00000000 0
3709 4 3 000007 00000000 0
4291 0 2 000205 00000000 0
4307 4 3 000200 00000001 0
4308 4 3 000201 00000000 0
4309 4 3 000202 00000000 0
4310 4 3 000203 00000000 0
4311 4 3 000204 00000000 0
4312 4 3 000205 00000000 0
4313 4 3 000206 00000000 0
4314 4 3 000207 00000000 0
4333 0 1 000000 00000000 0
4349 4 3 000000 00000001 0
4350 4 3 000001 00000000 0
4351 4 3 000002 00000000 0
4352 4 3 000003 00000000 0
4353 4 3 000004 00000000 0
4354 4 3 000005 00000000 0
4355 4 3 000006 00000000 0
4356 4 3 000007 00000000 0
4938 0 2 000206 00000000 0
4954 4 3 000200 00000001 0
4955 4 3 000201 00000000 0
4956 4 3 000202 00000000 0
4957 4 3 000203 00000000 0
4958 4 3 000204 00000000 0
4959 4 3 000205 00000000 0
4960 4 3 000206 00000000 0
4961 4 3 000207 00000000 0
4980 0 1 000000 00000000 0
4996 4 3 000000 00000001 0
4997 4 3 000001 00000000 0
4998 4 3 000002 00000000 0
4999 4 3 000003 00000000 0
5000 4 3 000004 00000000 0
5001 4 3 000005 00000000 0
5002 4 3 000006 00000000 0
5003 4 3 000007 00000000 0
5585 0 2 000207 00000000 0
5601 4 3 000200 00000001 0
5602 4 3 000201 00000000 0
5603 4 3 000202 00000000 0
5604 4 3 000203 00000000 0
5605 4 3 000204 00000000 0
5606 4 3 000205 00000000 0
5607 4 3 000206 00000000 0
5608 4 3 000207 00000000 0
5627 0 1 000000 00000000 0
5643 4 3 000000 00000001 0
5644 4 3 000001 00000000 0
5645 4 3 000002 00000000 0
5646 4 3 000003 00000000 0
5647 4 3 000004 00000000 0
5648 4 3 000005 00000000 0
5649 4 3 000006 00000000 0
5650 4 3 000007 00000000 0
5665 0 1 000108 00000000 0
5681 4 3 000108 00000000 0
5682 4 3 000109 00000000 0
5683 4 3 00010A 00000000 0
5684 4 3 00010B 00000000 0
5685 4 3 00010C 00000000 0
5686 4 3 00010D 00000000 0
5687 4 3 00010E 00000000 0
5688 4 3 00010F 00000000 0
5726 0 1 000118 00000000 0
5742 4 3 000118 00000000 0
5743 4 3 000119 00000000 0
5744 4 3 00011A 00000000 0
5745 4 3 00011B 00000000 0
5746 4 3 00011C 00000000 0
5747 4 3 00011D 00000000 0
5748 4 3 00011E 00000000 0
5749 4 3 00011F 00000000 0
5787 0 1 000128 00000000 0
5803 4 3 000128 00000000 0
5804 4 3 000129 00000000 0
5805 4 3 00012A 00000000 0
5806 4 3 00012B 00000000 0
5807 4 3 00012C 00000000 0
5808 4 3 00012D 00000000 0
5809 4 3 00012E 00000000 0
5810 4 3 00012F 00000000 0
5848 0 1 000138 00000000 0
5864 4 3 000138 00000000 0
5865 4 3 000139 00000000 0
5866 4 3 00013A 00000000 0
5867 4 3 00013B 00000000 0
5868 4 3 00013C 00000000 0
5869 4 3 00013D 00000000 0
5870 4 3 00013E 00000000 0
5871 4 3 00013F 00000000 0
5909 0 1 000148 00000000 0
5925 4 3 000148 00000000 0
5926 4 3 000149 00000000 0
5927 4 3 00014A 00000000 0
5928 4 3 00014B 00000000 0
5929 4 3 00014C 00000000 0
5930 4 3 00014D 00000000 0
5931 4 3 00014E 00000000 0
5932 4 3 00014F 00000000 0
5970 0 1 000158 00000000 0
5986 4 3 000158 00000000 0
5987 4 3 000159 00000000 0
5988 4 3 00015A 00000000 0
5989 4 3 00015B 00000000 0
5990 4 3 00015C 00000000 0
5991 4 3 00015D 00000000 0
5992 4 3 00015E 00000000 0
5993 4 3 00015F 00000000 0
6031 0 1 000168 00000000 0
6047 4 3 000168 00000000 0
6048 4 3 000169 00000000 0
6049 4 3 00016A 00000000 0
6050 4 3 00016B 00000000 0
6051 4 3 00016C 00000000 0
6052 4 3 00016D 00000000 0
6053 4 3 00016E 00000000 0
6054 4 3 00016F 00000000 0
6092 0 1 000178 00000000 0
6108 4 3 000178 00000000 0
6109 4 3 000179 00000000 0
6110 4 3 00017A 00000000 0
6111 4 3 00017B 00000000 0
6112 4 3 00017C 00000000 0
6113 4 3 00017D 00000000 0
6114 4 3 00017E 00000000 0
6115 4 3 00017F 00000000 0
6153 0 1 000188 00000000 0
6169 4 3 000188 00000001 0
6170 4 3 000189 00000000 0
6171 4 3 00018A 00000000 0
6172 4 3 00018B 00000000 0
6173 4 3 00018C 00000000 0
6174 4 3 00018D 00000000 0
6175 4 3 00018E 00000000 0
6176 4 3 00018F 00000000 0
6214 0 1 000198 00000000 0
6230 4 3 000198 00000000 0
6231 4 3 000199 00000001 0
6232 4 3 00019A 00000000 0
6233 4 3 00019B 00000000 0
6234 4 3 00019C 00000000 0
6235 4 3 00019D 00000000 0
6236 4 3 00019E 00000000 0
6237 4 3 00019F 00000000 0
6275 0 1 0001A8 00000000 0
6291 4 3 0001A8 00000000 0
6292 4 3 0001A9 00000000 0
6293 4 3 0001AA 00000001 0
6294 4 3 0001AB 00000000 0
6295 4 3 0001AC 00000000 0
6296 4 3 0001AD 00000000 0
6297 4 3 0001AE 00000000 0
6298 4 3 0001AF 00000000 0
6336 0 1 0001B8 00000000 0
6352 4 3 0001B8 00000000 0
6353 4 3 0001B9 00000000 0
6354 4 3 0001BA 00000000 0
6355 4 3 0001BB 00000001 0
6356 4 3 0001BC 00000000 0
6357 4 3 0001BD 00000000 0
6358 4 3 0001BE 00000000 0
6359 4 3 0001BF 00000000 0
6397 0 1 0001C8 00000000 0
6413 4 3 0001C8 00000000 0
6414 4 3 0001C9 00000000 0
6415 4 3 0001CA 00000000 0
6416 4 3 0001CB 00000000 0
6417 4 3 0001CC 00000001 0
6418 4 3 0001CD 00000000 0
6419 4 3 0001CE 00000000 0
6420 4 3 0001CF 00000000 0
6458 0 1 0001D8 00000000 0
6474 4 3 0001D8 00000000 0
6475 4 3 0001D9 00000000 0
6476 4 3 0001DA 00000000 0
6477 4 3 0001DB 00000000 0
6478 4 3 0001DC 00000000 0
6479 4 3 0001DD 00000001 0
6480 4 3 0001DE 00000000 0
6481 4 3 0001DF 00000000 0
6519 0 1 0001E8 00000000 0
6535 4 3 0001E8 00000000 0
6536 4 3 0001E9 00000000 0
6537 4 3 0001EA 00000000 0
6538 4 3 0001EB 00000000 0
6539 4 3 0001EC 00000000 0
6540 4 3 0001ED 00000000 0
6541 4 3 0001EE 00000001 0
6542 4 3 0001EF 00000000 0
6580 0 1 0001F8 00000000 0
6596 4 3 0001F8 00000000 0
6597 4 3 0001F9 00000000 0
6598 4 3 0001FA 00000000 0
6599 4 3 0001FB 00000000 0
6600 4 3 0001FC 00000000 0
6601 4 3 0001FD 00000000 0
6602 4 3 0001FE 00000000 0
6603 4 3 0001FF 00000001 0
6632 0 2 000208 00000000 0
6648 4 3 000208 00000000 0
6649 4 3 000209 00000000 0
6650 4 3 00020A 00000000 0
6651 4 3 00020B 00000000 0
6652 4 3 00020C 00000000 0
6653 4 3 00020D 00000000 0
6654 4 3 00020E 00000000 0
6655 4 3 00020F 00000000 0
6962 0 1 000008 00000000 0
6978 4 3 000008 00000000 0
6979 4 3 000009 00000000 0
6980 4 3 00000A 00000000 0
6981 4 3 00000B 00000000 0
6982 4 3 00000C 00000000 0
6983 4 3 00000D 00000000 0
6984 4 3 00000E 00000000 0
6985 4 3 00000F 00000000 0
7279 0 2 000209 00000000 0
7295 4 3 000208 00000000 0
7296 4 3 000209 00000000 0
7297 4 3 00020A 00000000 0
7298 4 3 00020B 00000000 0
7299 4 3 00020C 00000000 0
7300 4 3 00020D 00000000 0
7301 4 3 00020E 00000000 0
7302 4 3 00020F 00000000 0
7609 0 1 000008 00000000 0
7625 4 3 000008 00000000 0
7626 4 3 000009 00000000 0
7627 4 3 00000A 00000000 0
7628 4 3 00000B 00000000 0
7629 4 3 00000C 00000000 0
7630 4 3 00000D 00000000 0
7631 4 3 00000E 00000000 0
7632 4 3 00000F 00000000 0
7926 0 2 00020A 00000000 0
7942 4 3 000208 00000000 0
7943 4 3 000209 00000000 0
7944 4 3 00020A 00000000 0
7945 4 3 00020B 00000000 0
7946 4 3 00020C 00000000 0
7947 4 3 00020D 00000000 0
7948 4 3 00020E 00000000 0
7949 4 3 00020F 00000000 0
8256 0 1 000008 00000000 0
8272 4 3 000008 00000000 0
8273 4 3 000009 00000000 0
8274 4 3 00000A 00000000 0
8275 4 3 00000B 00000000 0
8276 4 3 00000C 00000000 0
8277 4 3 00000D 00000000 0
8278 4 3 00000E 00000000 0
8279 4 3 00000F 00000000 0
8573 0 2 00020B 00000000 0
8589 4 3 000208 00000000 0
8590 4 3 000209 00000000 0
8591 4 3 00020A 00000000 0
8592 4 3 00020B 00000000 0
8593 4 3 00020C 00000000 0
8594 4 3 00020D 00000000 0
8595 4 3 00020E 00000000 0
8596 4 3 00020F 00000000 0
8903 0 1 000008 00000000 0
8919 4 3 000008 00000000 0
8920 4 3 000009 00000000 0
8921 4 3 00000A 00000000 0
8922 4 3 00000B 00000000 0
8923 4 3 00000C 00000000 0
8924 4 3 00000D 00000000 0
8925 4 3 00000E 00000000 0
8926 4 3 00000F 00000000 0
9220 0 2 00020C 00000000 0
9236 4 3 000208 00000000 0
9237 4 3 000209 00000000 0
9238 4 3 00020A 00000000 0
9239 4 3 00020B 00000000 0
9240 4 3 00020C 00000000 0
9241 4 3 00020D 00000000 0
9242 4 3 00020E 00000000 0
9243 4 3 00020F 00000000 0
9550 0 1 000008 00000000 0
9566 4 3 000008 00000000 0
9567 4 3 000009 00000000 0
9568 4 3 00000A 00000000 0
9569 4 3 00000B 00000000 0
9570 4 3 00000C 00000000 0
9571 4 3 00000D 00000000 0
9572 4 3 00000E 00000000 0
9573 4 3 00000F 00000000 0
9867 0 2 00020D 00000000 0
9883 4 3 000208 00000000 0
9884 4 3 000209 00000000 0
9885 4 3 00020A 00000000 0
9886 4 3 00020B 00000000 0
9887 4 3 00020C 00000000 0
9888 4 3 00020D 00000000 0
9889 4 3 00020E 00000000 0
9890 4 3 00020F 00000000 0
10197 0 1 000008 00000000 0
10213 4 3 000008 00000000 0
10214 4 3 000009 00000000 0
10215 4 3 00000A 00000000 0
10216 4 3 00000B 00000000 0
10217 4 3 00000C 00000000 0
10218 4 3 00000D 00000000 0
10219 4 3 00000E 00000000 0
10220 4 3 00000F 00000000 0
10514 0 2 00020E 00000000 0
10530 4 3 000208 00000000 0
10531 4 3 000209 00000000 0
10532 4 3 00020A 00000000 0
10533 4 3 00020B 00000000 0
10534 4 3 00020C 00000000 0
10535 4 3 00020D 00000000 0
10536 4 3 00020E 00000000 0
10537 4 3 00020F 00000000 0
10844 0 1 000008 00000000 0
10860 4 3 000008 00000000 0
10861 4 3 000009 00000000 0
10862 4 3 00000A 00000000 0
10863 4 3 00000B 00000000 0
10864 4 3 00000C 00000000 0
10865 4 3 00000D 00000000 0
10866 4 3 00000E 00000000 0
10867 4 3 00000F 00000000 0
11161 0 2 00020F 00000000 0
11177 4 3 000208 00000000 0
11178 4 3 000209 00000000 0
11179 4 3 00020A 00000000 0
11180 4 3 00020B 00000000 0
11181 4 3 00020C 00000000 0
11182 4 3 00020D 00000000 0
11183 4 3 00020E 00000000 0
11184 4 3 00020F 00000000 0
11210 0 1 000010 00000000 0
11226 4 3 000010 00000000 0
11227 4 3 000011 00000001 0
11228 4 3 000012 00000000 0
11229 4 3 000013 00000000 0
11230 4 3 000014 00000000 0
11231 4 3 000015 00000000 0
11232 4 3 000016 00000000 0
11233 4 3 000017 00000000 0
11523 0 1 000018 00000000 0
11539 4 3 000018 00000000 0
11540 4 3 000019 00000000 0
11541 4 3 00001A 00000000 0
11542 4 3 00001B 00000000 0
11543 4 3 00001C 00000000 0
11544 4 3 00001D 00000000 0
11545 4 3 00001E 00000000 0
11546 4 3 00001F 00000000 0
11840 0 2 000210 00000000 0
11856 4 3 000210 00000000 0
11857 4 3 000211 00000000 0
11858 4 3 000212 00000000 0
11859 4 3 000213 00000000 0
11860 4 3 000214 00000000 0
11861 4 3 000215 00000000 0
11862 4 3 000216 00000000 0
11863 4 3 000217 00000000 0
11882 0 1 000010 00000000 0
11898 4 3 000010 00000000 0
11899 4 3 000011 00000001 0
11900 4 3 000012 00000000 0
11901 4 3 000013 00000000 0
11902 4 3 000014 00000000 0
11903 4 3 000015 00000000 0
11904 4 3 000016 00000000 0
11905 4 3 000017 00000000 0
12487 0 2 000211 00000000 0
12503 4 3 000210 00000000 0
12504 4 3 000211 00000000 0
12505 4 3 000212 00000000 0
12506 4 3 000213 00000000 0
12507 4 3 000214 00000000 0
12508 4 3 000215 00000000 0
12509 4 3 000216 00000000 0
12510 4 3 000217 00000000 0
12529 0 1 000010 00000000 0
12545 4 3 000010 00000000 0
12546 4 3 000011 00000001 0
12547 4 3 000012 00000000 0
12548 4 3 000013 00000000 0
12549 4 3 000014 00000000 0
12550 4 3 000015 00000000 0
12551 4 3 000016 00000000 0
12552 4 3 000017 00000000 0
13134 0 2 000212 00000000 0
13150 4 3 000210 00000000 0
13151 4 3 000211 00000001 0
13152 4 3 000212 00000000 0
13153 4 3 000213 00000000 0
13154 4 3 000214 00000000 0
13155 4 3 000215 00000000 0
13156 4 3 000216 00000000 0
13157 4 3 000217 00000000 0
13176 0 1 000010 00000000 0
13192 4 3 000010 00000000 0
13193 4 3 000011 00000001 0
13194 4 3 000012 00000000 0
13195 4 3 000013 00000000 0
13196 4 3 000014 00000000 0
13197 4 3 000015 00000000 0
13198 4 3 000016 00000000 0
13199 4 3 000017 00000000 0
13781 0 2 000213 00000000 0
13797 4 3 000210 00000000 0
13798 4 3 000211 00000001 0
13799 4 3 000212 00000000 0
13800 4 3 000213 00000000 0
13801 4 3 000214 00000000 0
13802 4 3 000215 00000000 0
13803 4 3 000216 00000000 0
13804 4 3 000217 00000000 0
13823 0 1 000010 00000000 0
13839 4 3 000010 00000000 0
13840 4 3 000011 00000001 0
13841 4 3 000012 00000000 0
13842 4 3 000013 00000000 0
13843 4 3 000014 00000000 0
13844 4 3 000015 00000000 0
13845 4 3 000016 00000000 0
13846 4 3 000017 00000000 0
14428 0 2 000214 00000000 0
14444 4 3 000210 00000000 0
14445 4 3 000211 00000001 0
14446 4 3 000212 00000000 0
14447 4 3 000213 00000000 0
14448 4 3 000214 00000000 0
14449 4 3 000215 00000000 0
14450 4 3 000216 00000000 0
14451 4 3 000217 00000000 0
14470 0 1 000010 00000000 0
14486 4 3 000010 00000000 0
14487 4 3 000011 00000001 0
14488 4 3 000012 00000000 0
14489 4 3 000013 00000000 0
14490 4 3 000014 00000000 0
14491 4 3 000015 00000000 0
14492 4 3 000016 00000000 0
14493 4 3 000017 00000000 0
15075 0 2 000215 00000000 0
15091 4 3 000210 00000000 0
15092 4 3 000211 00000001 0
15093 4 3 000212 00000000 0
15094 4 3 000213 00000000 0
15095 4 3 000214 00000000 0
15096 4 3 000215 00000000 0
15097 4 3 000216 00000000 0
15098 4 3 000217 00000000 0
15117 0 1 000010 00000000 0
15133 4 3 000010 00000000 0
15134 4 3 000011 00000001 0
15135 4 3 000012 00000000 0
15136 4 3 000013 00000000 0
15137 4 3 000014 00000000 0
15138 4 3 000015 00000000 0
15139 4 3 000016 00000000 0
15140 4 3 000017 00000000 0
15722 0 2 000216 00000000 0
15738 4 3 000210 00000000 0
15739 4 3 000211 00000001 0
15740 4 3 000212 00000000 0
15741 4 3 000213 00000000 0
15742 4 3 000214 00000000 0
15743 4 3 000215 00000000 0
15744 4 3 000216 00000000 0
15745 4 3 000217 00000000 0
15764 0 1 000010 00000000 0
15780 4 3 000010 00000000 0
15781 4 3 000011 00000001 0
15782 4 3 000012 00000000 0
15783 4 3 000013 00000000 0
15784 4 3 000014 00000000 0
15785 4 3 000015 00000000 0
15786 4 3 000016 00000000 0
15787 4 3 000017 00000000 0
16369 0 2 000217 00000000 0
16385 4 3 000210 00000000 0
16386 4 3 000211 00000001 0
16387 4 3 000212 00000000 0
16388 4 3 000213 00000000 0
16389 4 3 000214 00000000 0
16390 4 3 000215 00000000 0
16391 4 3 000216 00000000 0
16392 4 3 000217 00000000 0
16411 0 1 000010 00000000 0
16427 4 3 000010 00000000 0
16428 4 3 000011 00000001 0
16429 4 3 000012 00000000 0
16430 4 3 000013 00000000 0
16431 4 3 000014 00000000 0
16432 4 3 000015 00000000 0
16433 4 3 000016 00000000 0
16434 4 3 000017 00000000 0
17016 0 2 000218 00000000 0
17032 4 3 000218 00000000 0
17033 4 3 000219 00000000 0
17034 4 3 00021A 00000000 0
17035 4 3 00021B 00000000 0
17036 4 3 00021C 00000000 0
17037 4 3 00021D 00000000 0
17038 4 3 00021E 00000000 0
17039 4 3 00021F 00000000 0
17346 0 1 000018 00000000 0
17362 4 3 000018 00000000 0
17363 4 3 000019 00000000 0
17364 4 3 00001A 00000000 0
17365 4 3 00001B 00000000 0
17366 4 3 00001C 00000000 0
17367 4 3 00001D 00000000 0
17368 4 3 00001E 00000000 0
17369 4 3 00001F 00000000 0
17663 0 2 000219 00000000 0
17679 4 3 000218 00000000 0
17680 4 3 000219 00000000 0
17681 4 3 00021A 00000000 0
17682 4 3 00021B 00000000 0
17683 4 3 00021C 00000000 0
17684 4 3 00021D 00000000 0
17685 4 3 00021E 00000000 0
17686 4 3 00021F 00000000 0
17993 0 1 000018 00000000 0
18009 4 3 000018 00000000 0
18010 4 3 000019 00000000 0
18011 4 3 00001A 00000000 0
18012 4 3 00001B 00000000 0
18013 4 3 00001C 00000000 0
18014 4 3 00001D 00000000 0
18015 4 3 00001E 00000000 0
18016 4 3 00001F 00000000 0
18310 0 2 00021A 00000000 0
18326 4 3 000218 00000000 0
18327 4 3 000219 00000000 0
18328 4 3 00021A 00000000 0
18329 4 3 00021B 00000000 0
18330 4 3 00021C 00000000 0
18331 4 3 00021D 00000000 0
18332 4 3 00021E 00000000 0
18333 4 3 00021F 00000000 0
18640 0 1 000018 00000000 0
18656 4 3 000018 00000000 0
18657 4 3 000019 00000000 0
18658 4 3 00001A 00000000 0
18659 4 3 00001B 00000000 0
18660 4 3 00001C 00000000 0
18661 4 3 00001D 00000000 0
18662 4 3 00001E 00000000 0
18663 4 3 00001F 00000000 0
18957 0 2 00021B 00000000 0
18973 4 3 000218 00000000 0
18974 4 3 000219 00000000 0
18975 4 3 00021A 00000000 0
18976 4 3 00021B 00000000 0
18977 4 3 00021C 00000000 0
18978 4 3 00021D 00000000 0
18979 4 3 00021E 00000000 0
18980 4 3 00021F 00000000 0
19287 0 1 000018 00000000 0
19303 4 3 000018 00000000 0
19304 4 3 000019 00000000 0
19305 4 3 00001A 00000000 0
19306 4 3 00001B 00000000 0
19307 4 3 00001C 00000000 0
19308 4 3 00001D 00000000 0
19309 4 3 00001E 00000000 0
19310 4 3 00001F 00000000 0
19604 0 2 00021C 00000000 0
19620 4 3 000218 00000000 0
19621 4 3 000219 00000000 0
19622 4 3 00021A 00000000 0
19623 4 3 00021B 00000000 0
19624 4 3 00021C 00000000 0
19625 4 3 00021D 00000000 0
19626 4 3 00021E 00000000 0
19627 4 3 00021F 00000000 0
19934 0 1 000018 00000000 0
19950 4 3 000018 00000000 0
19951 4 3 000019 00000000 0
19952 4 3 00001A 00000000 0
19953 4 3 00001B 00000000 0
19954 4 3 00001C 00000000 0
19955 4 3 00001D 00000000 0
19956 4 3 00001E 00000000 0
19957 4 3 00001F 00000000 0
20251 0 2 00021D 00000000 0
20267 4 3 000218 00000000 0
20268 4 3 000219 00000000 0
20269 4 3 00021A 00000000 0
20270 4 3 00021B 00000000 0
20271 4 3 00021C 00000000 0
20272 4 3 00021D 00000000 0
20273 4 3 00021E 00000000 0
20274 4 3 00021F 00000000 0
20581 0 1 000018 00000000 0
20597 4 3 000018 00000000 0
20598 4 3 000019 00000000 0
20599 4 3 00001A 00000000 0
20600 4 3 00001B 00000000 0
20601 4 3 00001C 00000000 0
20602 4 3 00001D 00000000 0
20603 4 3 00001E 00000000 0
20604 4 3 00001F 00000000 0
20898 0 2 00021E 00000000 0
20914 4 3 000218 00000000 0
20915 4 3 000219 00000000 0
20916 4 3 00021A 00000000 0
20917 4 3 00021B 00000000 0
20918 4 3 00021C 00000000 0
20919 4 3 00021D 00000000 0
20920 4 3 00021E 00000000 0
20921 4 3 00021F 00000000 0
21228 0 1 000018 00000000 0
21244 4 3 000018 00000000 0
21245 4 3 000019 00000000 0
21246 4 3 00001A 00000000 0
21247 4 3 00001B 00000000 0
21248 4 3 00001C 00000000 0
21249 4 3 00001D 00000000 0
21250 4 3 00001E 00000000 0
21251 4 3 00001F 00000000 0
21545 0 2 00021F 00000000 0
21561 4 3 000218 00000000 0
21562 4 3 000219 00000000 0
21563 4 3 00021A 00000000 0
21564 4 3 00021B 00000000 0
21565 4 3 00021C 00000000 0
21566 4 3 00021D 00000000 0
21567 4 3 00021E 00000000 0
21568 4 3 00021F 00000000 0
21594 0 1 000020 00000000 0
21610 4 3 000020 00000000 0
21611 4 3 000021 00000000 0
21612 4 3 000022 00000001 0
21613 4 3 000023 00000000 0
21614 4 3 000024 00000000 0
21615 4 3 000025 00000000 0
21616 4 3 000026 00000000 0
21617 4 3 000027 00000000 0
21907 0 1 000028 00000000 0
21923 4 3 000028 00000000 0
21924 4 3 000029 00000000 0
21925 4 3 00002A 00000000 0
21926 4 3 00002B 00000000 0
21927 4 3 00002C 00000000 0
21928 4 3 00002D 00000000 0
21929 4 3 00002E 00000000 0
21930 4 3 00002F 00000000 0
22224 0 2 000220 00000000 0
22240 4 3 000220 00000000 0
22241 4 3 000221 00000000 0
22242 4 3 000222 00000000 0
22243 4 3 000223 00000000 0
22244 4 3 000224 00000000 0
22245 4 3 000225 00000000 0
22246 4 3 000226 00000000 0
22247 4 3 000227 00000000 0
22266 0 1 000020 00000000 0
22282 4 3 000020 00000000 0
22283 4 3 000021 00000000 0
22284 4 3 000022 00000001 0
22285 4 3 000023 00000000 0
22286 4 3 000024 00000000 0
22287 4 3 000025 00000000 0
22288 4 3 000026 00000000 0
22289 4 3 000027 00000000 0
22871 0 2 000221 00000000 0
22887 4 3 000220 00000000 0
22888 4 3 000221 00000000 0
22889 4 3 000222 00000000 0
22890 4 3 000223 00000000 0
22891 4 3 000224 00000000 0
22892 4 3 000225 00000000 0
22893 4 3 000226 00000000 0
22894 4 3 000227 00000000 0
22913 0 1 000020 00000000 0
22929 4 3 000020 00000000 0
22930 4 3 000021 00000000 0
22931 4 3 000022 00000001 0
22932 4 3 000023 00000000 0
22933 4 3 000024 00000000 0
22934 4 3 000025 00000000 0
22935 4 3 000026 00000000 0
22936 4 3 000027 00000000 0
23518 0 2 000222 00000000 0
23534 4 3 000220 00000000 0
23535 4 3 000221 00000000 0
23536 4 3 000222 00000000 0
23537 4 3 000223 00000000 0
23538 4 3 000224 00000000 0
23539 4 3 000225 00000000 0
23540 4 3 000226 00000000 0
23541 4 3 000227 00000000 0
23560 0 1 000020 00000000 0
23576 4 3 000020 00000000 0
23577 4 3 000021 00000000 0
23578 4 3 000022 00000001 0
23579 4 3 000023 00000000 0
23580 4 3 000024 00000000 0
23581 4 3 000025 00000000 0
23582 4 3 000026 00000000 0
23583 4 3 000027 00000000 0
24165 0 2 000223 00000000 0
24181 4 3 000220 00000000 0
24182 4 3 000221 00000000 0
24183 4 3 000222 00000001 0
24184 4 3 000223 00000000 0
24185 4 3 000224 00000000 0
24186 4 3 000225 00000000 0
24187 4 3 000226 00000000 0
24188 4 3 000227 00000000 0
24207 0 1 000020 00000000 0
24223 4 3 000020 00000000 0
24224 4 3 000021 00000000 0
24225 4 3 000022 00000001 0
24226 4 3 000023 00000000 0
24227 4 3 000024 00000000 0
24228 4 3 000025 00000000 0
24229 4 3 000026 00000000 0
24230 4 3 000027 00000000 0
24812 0 2 000224 00000000 0
24828 4 3 000220 00000000 0
24829 4 3 000221 00000000 0
24830 4 3 000222 00000001 0
24831 4 3 000223 00000000 0
24832 4 3 000224 00000000 0
24833 4 3 000225 00000000 0
24834 4 3 000226 00000000 0
24835 4 3 000227 00000000 0
24854 0 1 000020 00000000 0
24870 4 3 000020 00000000 0
24871 4 3 000021 00000000 0
24872 4 3 000022 00000001 0
24873 4 3 000023 00000000 0
24874 4 3 000024 00000000 0
24875 4 3 000025 00000000 0
24876 4 3 000026 00000000 0
24877 4 3 000027 00000000 0
25459 0 2 000225 00000000 0
25475 4 3 000220 00000000 0
25476 4 3 000221 00000000 0
25477 4 3 000222 00000001 0
25478 4 3 000223 00000000 0
25479 4 3 000224 00000000 0
25480 4 3 000225 00000000 0
25481 4 3 000226 00000000 0
25482 4 3 000227 00000000 0
25501 0 1 000020 00000000 0
25517 4 3 000020 00000000 0
25518 4 3 000021 00000000 0
25519 4 3 000022 00000001 0
25520 4 3 000023 00000000 0
25521 4 3 000024 00000000 0
25522 4 3 000025 00000000 0
25523 4 3 000026 00000000 0
25524 4 3 000027 00000000 0
26106 0 2 000226 00000000 0
26122 4 3 000220 00000000 0
26123 4 3 000221 00000000 0
26124 4 3 000222 00000001 0
26125 4 3 000223 00000000 0
26126 4 3 000224 00000000 0
26127 4 3 000225 00000000 0
26128 4 3 000226 00000000 0
26129 4 3 000227 00000000 0
26148 0 1 000020 00000000 0
26164 4 3 000020 00000000 0
26165 4 3 000021 00000000 0
26166 4 3 000022 00000001 0
26167 4 3 000023 00000000 0
26168 4 3 000024 00000000 0
26169 4 3 000025 00000000 0
26170 4 3 000026 00000000 0
26171 4 3 000027 00000000 0
26753 0 2 000227 00000000 0
26769 4 3 000220 00000000 0
26770 4 3 000221 00000000 0
26771 4 3 000222 00000001 0
26772 4 3 000223 00000000 0
26773 4 3 000224 00000000 0
26774 4 3 000225 00000000 0
26775 4 3 000226 00000000 0
26776 4 3 000227 00000000 0
26795 0 1 000020 00000000 0
26811 4 3 000020 00000000 0
26812 4 3 000021 00000000 0
26813 4 3 000022 00000001 0
26814 4 3 000023 00000000 0
26815 4 3 000024 00000000 0
26816 4 3 000025 00000000 0
26817 4 3 000026 00000000 0
26818 4 3 000027 00000000 0
27400 0 2 000228 00000000 0
27416 4 3 000228 00000000 0
27417 4 3 000229 00000000 0
27418 4 3 00022A 00000000 0
27419 4 3 00022B 00000000 0
27420 4 3 00022C 00000000 0
27421 4 3 00022D 00000000 0
27422 4 3 00022E 00000000 0
27423 4 3 00022F 00000000 0
27730 0 1 000028 00000000 0
27746 4 3 000028 00000000 0
27747 4 3 000029 00000000 0
27748 4 3 00002A 00000000 0
27749 4 3 00002B 00000000 0
27750 4 3 00002C 00000000 0
27751 4 3 00002D 00000000 0
27752 4 3 00002E 00000000 0
27753 4 3 00002F 00000000 0
28047 0 2 000229 00000000 0
28063 4 3 000228 00000000 0
28064 4 3 000229 00000000 0
28065 4 3 00022A 00000000 0
28066 4 3 00022B 00000000 0
28067 4 3 00022C 00000000 0
28068 4 3 00022D 00000000 0
28069 4 3 00022E 00000000 0
28070 4 3 00022F 00000000 0
28377 0 1 000028 00000000 0
28393 4 3 000028 00000000 0
28394 4 3 000029 00000000 0
28395 4 3 00002A 00000000 0
28396 4 3 00002B 00000000 0
28397 4 3 00002C 00000000 0
28398 4 3 00002D 00000000 0
28399 4 3 00002E 00000000 0
28400 4 3 00002F 00000000 0
28694 0 2 00022A 00000000 0
28710 4 3 000228 00000000 0
28711 4 3 000229 00000000 0
28712 4 3 00022A 00000000 0
28713 4 3 00022B 00000000 0
28714 4 3 00022C 00000000 0
28715 4 3 00022D 00000000 0
28716 4 3 00022E 00000000 0
28717 4 3 00022F 00000000 0
29024 0 1 000028 00000000 0
29040 4 3 000028 00000000 0
29041 4 3 000029 00000000 0
29042 4 3 00002A 00000000 0
29043 4 3 00002B 00000000 0
29044 4 3 00002C 00000000 0
29045 4 3 00002D 00000000 0
29046 4 3 00002E 00000000 0
29047 4 3 00002F 00000000 0
29341 0 2 00022B 00000000 0
29357 4 3 000228 00000000 0
29358 4 3 000229 00000000 0
29359 4 3 00022A 00000000 0
29360 4 3 00022B 00000000 0
29361 4 3 00022C 00000000 0
29362 4 3 00022D 00000000 0
29363 4 3 00022E 00000000 0
29364 4 3 00022F 00000000 0
29671 0 1 000028 00000000 0
29687 4 3 000028 00000000 0
29688 4 3 000029 00000000 0
29689 4 3 00002A 00000000 0
29690 4 3 00002B 00000000 0
29691 4 3 00002C 00000000 0
29692 4 3 00002D 00000000 0
29693 4 3 00002E 00000000 0
29694 4 3 00002F 00000000 0
29988 0 2 00022C 00000000 0
30004 4 3 000228 00000000 0
30005 4 3 000229 00000000 0
30006 4 3 00022A 00000000 0
30007 4 3 00022B 00000000 0
30008 4 3 00022C 00000000 0
30009 4 3 00022D 00000000 0
30010 4 3 00022E 00000000 0
30011 4 3 00022F 00000000 0
30318 0 1 000028 00000000 0
30334 4 3 000028 00000000 0
30335 4 3 000029 00000000 0
30336 4 3 00002A 00000000 0
30337 4 3 00002B 00000000 0
30338 4 3 00002C 00000000 0
30339 4 3 00002D 00000000 0
30340 4 3 00002E 00000000 0
30341 4 3 00002F 00000000 0
30635 0 2 00022D 00000000 0
30651 4 3 000228 00000000 0
30652 4 3 000229 00000000 0
30653 4 3 00022A 00000000 0
30654 4 3 00022B 00000000 0
30655 4 3 00022C 00000000 0
30656 4 3 00022D 00000000 0
30657 4 3 00022E 00000000 0
30658 4 3 00022F 00000000 0
30965 0 1 000028 00000000 0
30981 4 3 000028 00000000 0
30982 4 3 000029 00000000 0
30983 4 3 00002A 00000000 0
30984 4 3 00002B 00000000 0
30985 4 3 00002C 00000000 0
30986 4 3 00002D 00000000 0
30987 4 3 00002E 00000000 0
30988 4 3 00002F 00000000 0
31282 0 2 00022E 00000000 0
31298 4 3 000228 00000000 0
31299 4 3 000229 00000000 0
31300 4 3 00022A 00000000 0
31301 4 3 00022B 00000000 0
31302 4 3 00022C 00000000 0
31303 4 3 00022D 00000000 0
31304 4 3 00022E 00000000 0
31305 4 3 00022F 00000000 0
31612 0 1 000028 00000000 0
31628 4 3 000028 00000000 0
31629 4 3 000029 00000000 0
31630 4 3 00002A 00000000 0
31631 4 3 00002B 00000000 0
31632 4 3 00002C 00000000 0
31633 4 3 00002D 00000000 0
31634 4 3 00002E 00000000 0
31635 4 3 00002F 00000000 0
31929 0 2 00022F 00000000 0
31945 4 3 000228 00000000 0
31946 4 3 000229 00000000 0
31947 4 3 00022A 00000000 0
31948 4 3 00022B 00000000 0
31949 4 3 00022C 00000000 0
31950 4 3 00022D 00000000 0
31951 4 3 00022E 00000000 0
31952 4 3 00022F 00000000 0
31978 0 1 000030 00000000 0
31994 4 3 000030 00000000 0
31995 4 3 000031 00000000 0
31996 4 3 000032 00000000 0
31997 4 3 000033 00000001 0
31998 4 3 000034 00000000 0
31999 4 3 000035 00000000 0
32000 4 3 000036 00000000 0
32001 4 3 000037 00000000 0
32291 0 1 000038 00000000 0
32307 4 3 000038 00000000 0
32308 4 3 000039 00000000 0
32309 4 3 00003A 00000000 0
32310 4 3 00003B 00000000 0
32311 4 3 00003C 00000000 0
32312 4 3 00003D 00000000 0
32313 4 3 00003E 00000000 0
32314 4 3 00003F 00000000 0
32608 0 2 000230 00000000 0
32624 4 3 000230 00000000 0
32625 4 3 000231 00000000 0
32626 4 3 000232 00000000 0
32627 4 3 000233 00000000 0
32628 4 3 000234 00000000 0
32629 4 3 000235 00000000 0
32630 4 3 000236 00000000 0
32631 4 3 000237 00000000 0
32650 0 1 000030 00000000 0
32666 4 3 000030 00000000 0
32667 4 3 000031 00000000 0
32668 4 3 000032 00000000 0
32669 4 3 000033 00000001 0
32670 4 3 000034 00000000 0
32671 4 3 000035 00000000 0
32672 4 3 000036 00000000 0
32673 4 3 000037 00000000 0
33255 0 2 000231 00000000 0
33271 4 3 000230 00000000 0
33272 4 3 000231 00000000 0
33273 4 3 000232 00000000 0
33274 4 3 000233 00000000 0
33275 4 3 000234 00000000 0
33276 4 3 000235 00000000 0
33277 4 3 000236 00000000 0
33278 4 3 000237 00000000 0
33297 0 1 000030 00000000 0
33313 4 3 000030 00000000 0
33314 4 3 000031 00000000 0
33315 4 3 000032 00000000 0
33316 4 3 000033 00000001 0
33317 4 3 000034 00000000 0
33318 4 3 000035 00000000 0
33319 4 3 000036 00000000 0
33320 4 3 000037 00000000 0
33902 0 2 000232 00000000 0
33918 4 3 000230 00000000 0
33919 4 3 000231 00000000 0
33920 4 3 000232 00000000 0
33921 4 3 000233 00000000 0
33922 4 3 000234 00000000 0
33923 4 3 000235 00000000 0
33924 4 3 000236 00000000 0
33925 4 3 000237 00000000 0
33944 0 1 000030 00000000 0
33960 4 3 000030 00000000 0
33961 4 3 000031 00000000 0
33962 4 3 000032 00000000 0
33963 4 3 000033 00000001 0
33964 4 3 000034 00000000 0
33965 4 3 000035 00000000 0
33966 4 3 000036 00000000 0
33967 4 3 000037 00000000 0
34549 0 2 000233 00000000 0
34565 4 3 000230 00000000 0
34566 4 3 000231 00000000 0
34567 4 3 000232 00000000 0
34568 4 3 000233 00000000 0
34569 4 3 000234 00000000 0
34570 4 3 000235 00000000 0
34571 4 3 000236 00000000 0
34572 4 3 000237 00000000 0
34591 0 1 000030 00000000 0
34607 4 3 000030 00000000 0
34608 4 3 000031 00000000 0
34609 4 3 000032 00000000 0
34610 4 3 000033 00000001 0
34611 4 3 000034 00000000 0
34612 4 3 000035 00000000 0
34613 4 3 000036 00000000 0
34614 4 3 000037 00000000 0
35196 0 2 000234 00000000 0
35212 4 3 000230 00000000 0
35213 4 3 000231 00000000 0
35214 4 3 000232 00000000 0
35215 4 3 000233 00000001 0
35216 4 3 000234 00000000 0
35217 4 3 000235 00000000 0
35218 4 3 000236 00000000 0
35219 4 3 000237 00000000 0
35238 0 1 000030 00000000 0
35254 4 3 000030 00000000 0
35255 4 3 000031 00000000 0
35256 4 3 000032 00000000 0
35257 4 3 000033 00000001 0
35258 4 3 000034 00000000 0
35259 4 3 000035 00000000 0
35260 4 3 000036 00000000 0
35261 4 3 000037 00000000 0
35843 0 2 000235 00000000 0
35859 4 3 000230 00000000 0
35860 4 3 000231 00000000 0
35861 4 3 000232 00000000 0
35862 4 3 000233 00000001 0
35863 4 3 000234 00000000 0
35864 4 3 000235 00000000 0
35865 4 3 000236 00000000 0
35866 4 3 000237 00000000 0
35885 0 1 000030 00000000 0
35901 4 3 000030 00000000 0
35902 4 3 000031 00000000 0
35903 4 3 000032 00000000 0
35904 4 3 000033 00000001 0
35905 4 3 000034 00000000 0
35906 4 3 000035 00000000 0
35907 4 3 000036 00000000 0
35908 4 3 000037 00000000 0
36490 0 2 000236 00000000 0
36506 4 3 000230 00000000 0
36507 4 3 000231 00000000 0
36508 4 3 000232 00000000 0
36509 4 3 000233 00000001 0
36510 4 3 000234 00000000 0
36511 4 3 000235 00000000 0
36512 4 3 000236 00000000 0
36513 4 3 000237 00000000 0
36532 0 1 000030 00000000 0
36548 4 3 000030 00000000 0
36549 4 3 000031 00000000 0
36550 4 3 000032 00000000 0
36551 4 3 000033 00000001 0
36552 4 3 000034 00000000 0
36553 4 3 000035 00000000 0
36554 4 3 000036 00000000 0
36555 4 3 000037 00000000 0
37137 0 2 000237 00000000 0
37153 4 3 000230 00000000 0
37154 4 3 000231 00000000 0
37155 4 3 000232 00000000 0
37156 4 3 000233 00000001 0
37157 4 3 000234 00000000 0
37158 4 3 000235 00000000 0
37159 4 3 000236 00000000 0
37160 4 3 000237 00000000 0
37179 0 1 000030 00000000 0
37195 4 3 000030 00000000 0
37196 4 3 000031 00000000 0
37197 4 3 000032 00000000 0
37198 4 3 000033 00000001 0
37199 4 3 000034 00000000 0
37200 4 3 000035 00000000 0
37201 4 3 000036 00000000 0
37202 4 3 000037 00000000 0
37784 0 2 000238 00000000 0
37800 4 3 000238 00000000 0
37801 4 3 000239 00000000 0
37802 4 3 00023A 00000000 0
37803 4 3 00023B 00000000 0
37804 4 3 00023C 00000000 0
37805 4 3 00023D 00000000 0
37806 4 3 00023E 00000000 0
37807 4 3 00023F 00000000 0
38114 0 1 000038 00000000 0
38130 4 3 000038 00000000 0
38131 4 3 000039 00000000 0
38132 4 3 00003A 00000000 0
38133 4 3 00003B 00000000 0
38134 4 3 00003C 00000000 0
38135 4 3 00003D 00000000 0
38136 4 3 00003E 00000000 0
38137 4 3 00003F 00000000 0
38431 0 2 000239 00000000 0
38447 4 3 000238 00000000 0
38448 4 3 000239 00000000 0
38449 4 3 00023A 00000000 0
38450 4 3 00023B 00000000 0
38451 4 3 00023C 00000000 0
38452 4 3 00023D 00000000 0
38453 4 3 00023E 00000000 0
38454 4 3 00023F 00000000 0
38761 0 1 000038 00000000 0
38777 4 3 000038 00000000 0
38778 4 3 000039 00000000 0
38779 4 3 00003A 00000000 0
38780 4 3 00003B 00000000 0
38781 4 3 00003C 00000000 0
38782 4 3 00003D 00000000 0
38783 4 3 00003E 00000000 0
38784 4 3 00003F 00000000 0
39078 0 2 00023A 00000000 0
39094 4 3 000238 00000000 0
39095 4 3 000239 00000000 0
39096 4 3 00023A 00000000 0
39097 4 3 00023B 00000000 0
39098 4 3 00023C 00000000 0
39099 4 3 00023D 00000000 0
39100 4 3 00023E 00000000 0
39101 4 3 00023F 00000000 0
39408 0 1 000038 00000000 0
39424 4 3 000038 00000000 0
39425 4 3 000039 00000000 0
39426 4 3 00003A 00000000 0
39427 4 3 00003B 00000000 0
39428 4 3 00003C 00000000 0
39429 4 3 00003D 00000000 0
39430 4 3 00003E 00000000 0
39431 4 3 00003F 00000000 0
39725 0 2 00023B 00000000 0
39741 4 3 000238 00000000 0
39742 4 3 000239 00000000 0
39743 4 3 00023A 00000000 0
39744 4 3 00023B 00000000 0
39745 4 3 00023C 00000000 0
39746 4 3 00023D 00000000 0
39747 4 3 00023E 00000000 0
39748 4 3 00023F 00000000 0
40055 0 1 000038 00000000 0
40071 4 3 000038 00000000 0
40072 4 3 000039 00000000 0
40073 4 3 00003A 00000000 0
40074 4 3 00003B 00000000 0
40075 4 3 00003C 00000000 0
40076 4 3 00003D 00000000 0
40077 4 3 00003E 00000000 0
40078 4 3 00003F 00000000 0
40372 0 2 00023C 00000000 0
40388 4 3 000238 00000000 0
40389 4 3 000239 00000000 0
40390 4 3 00023A 00000000 0
40391 4 3 00023B 00000000 0
40392 4 3 00023C 00000000 0
40393 4 3 00023D 00000000 0
40394 4 3 00023E 00000000 0
40395 4 3 00023F 00000000 0
40702 0 1 000038 00000000 0
40718 4 3 000038 00000000 0
40719 4 3 000039 00000000 0
40720 4 3 00003A 00000000 0
40721 4 3 00003B 00000000 0
40722 4 3 00003C 00000000 0
40723 4 3 00003D 00000000 0
40724 4 3 00003E 00000000 0
40725 4 3 00003F 00000000 0
41019 0 2 00023D 00000000 0
41035 4 3 000238 00000000 0
41036 4 3 000239 00000000 0
41037 4 3 00023A 00000000 0
41038 4 3 00023B 00000000 0
41039 4 3 00023C 00000000 0
41040 4 3 00023D 00000000 0
41041 4 3 00023E 00000000 0
41042 4 3 00023F 00000000 0
41349 0 1 000038 00000000 0
41365 4 3 000038 00000000 0
41366 4 3 000039 00000000 0
41367 4 3 00003A 00000000 0
41368 4 3 00003B 00000000 0
41369 4 3 00003C 00000000 0
41370 4 3 00003D 00000000 0
41371 4 3 00003E 00000000 0
41372 4 3 00003F 00000000 0
41666 0 2 00023E 00000000 0
41682 4 3 000238 00000000 0
41683 4 3 000239 00000000 0
41684 4 3 00023A 00000000 0
41685 4 3 00023B 00000000 0
41686 4 3 00023C 00000000 0
41687 4 3 00023D 00000000 0
41688 4 3 00023E 00000000 0
41689 4 3 00023F 00000000 0
41996 0 1 000038 00000000 0
42012 4 3 000038 00000000 0
42013 4 3 000039 00000000 0
42014 4 3 00003A 00000000 0
42015 4 3 00003B 00000000 0
42016 4 3 00003C 00000000 0
42017 4 3 00003D 00000000 0
42018 4 3 00003E 00000000 0
42019 4 3 00003F 00000000 0
42313 0 2 00023F 00000000 0
42329 4 3 000238 00000000 0
42330 4 3 000239 00000000 0
42331 4 3 00023A 00000000 0
42332 4 3 00023B 00000000 0
42333 4 3 00023C 00000000 0
42334 4 3 00023D 00000000 0
42335 4 3 00023E 00000000 0
42336 4 3 00023F 00000000 0
42362 0 1 000040 00000000 0
42378 4 3 000040 00000000 0
42379 4 3 000041 00000000 0
42380 4 3 000042 00000000 0
42381 4 3 000043 00000000 0
42382 4 3 000044 00000001 0
42383 4 3 000045 00000000 0
42384 4 3 000046 00000000 0
42385 4 3 000047 00000000 0
42675 0 1 000048 00000000 0
42691 4 3 000048 00000000 0
42692 4 3 000049 00000000 0
42693 4 3 00004A 00000000 0
42694 4 3 00004B 00000000 0
42695 4 3 00004C 00000000 0
42696 4 3 00004D 00000000 0
42697 4 3 00004E 00000000 0
42698 4 3 00004F 00000000 0
42992 0 2 000240 00000000 0
43008 4 3 000240 00000000 0
43009 4 3 000241 00000000 0
43010 4 3 000242 00000000 0
43011 4 3 000243 00000000 0
43012 4 3 000244 00000000 0
43013 4 3 000245 00000000 0
43014 4 3 000246 00000000 0
43015 4 3 000247 00000000 0
43034 0 1 000040 00000000 0
43050 4 3 000040 00000000 0
43051 4 3 000041 00000000 0
43052 4 3 000042 00000000 0
43053 4 3 000043 00000000 0
43054 4 3 000044 00000001 0
43055 4 3 000045 00000000 0
43056 4 3 000046 00000000 0
43057 4 3 000047 00000000 0
43639 0 2 000241 00000000 0
43655 4 3 000240 00000000 0
43656 4 3 000241 00000000 0
43657 4 3 000242 00000000 0
43658 4 3 000243 00000000 0
43659 4 3 000244 00000000 0
43660 4 3 000245 00000000 0
43661 4 3 000246 00000000 0
43662 4 3 000247 00000000 0
43681 0 1 000040 00000000 0
43697 4 3 000040 00000000 0
43698 4 3 000041 00000000 0
43699 4 3 000042 00000000 0
43700 4 3 000043 00000000 0
43701 4 3 000044 00000001 0
43702 4 3 000045 00000000 0
43703 4 3 000046 00000000 0
43704 4 3 000047 00000000 0
44286 0 2 000242 00000000 0
44302 4 3 000240 00000000 0
44303 4 3 000241 00000000 0
44304 4 3 000242 00000000 0
44305 4 3 000243 00000000 0
44306 4 3 000244 00000000 0
44307 4 3 000245 00000000 0
44308 4 3 000246 00000000 0
44309 4 3 000247 00000000 0
44328 0 1 000040 00000000 0
44344 4 3 000040 00000000 0
44345 4 3 000041 00000000 0
44346 4 3 000042 00000000 0
44347 4 3 000043 00000000 0
44348 4 3 000044 00000001 0
44349 4 3 000045 00000000 0
44350 4 3 000046 00000000 0
44351 4 3 000047 00000000 0
44933 0 2 000243 00000000 0
44949 4 3 000240 00000000 0
44950 4 3 000241 00000000 0
44951 4 3 000242 00000000 0
44952 4 3 000243 00000000 0
44953 4 3 000244 00000000 0
44954 4 3 000245 00000000 0
44955 4 3 000246 00000000 0
44956 4 3 000247 00000000 0
44975 0 1 000040 00000000 0
44991 4 3 000040 00000000 0
44992 4 3 000041 00000000 0
44993 4 3 000042 00000000 0
44994 4 3 000043 00000000 0
44995 4 3 000044 00000001 0
44996 4 3 000045 00000000 0
44997 4 3 000046 00000000 0
44998 4 3 000047 00000000 0
45580 0 2 000244 00000000 0
45596 4 3 000240 00000000 0
45597 4 3 000241 00000000 0
45598 4 3 000242 00000000 0
45599 4 3 000243 00000000 0
45600 4 3 000244 00000000 0
45601 4 3 000245 00000000 0
45602 4 3 000246 00000000 0
45603 4 3 000247 00000000 0
45622 0 1 000040 00000000 0
45638 4 3 000040 00000000 0
45639 4 3 000041 00000000 0
45640 4 3 000042 00000000 0
45641 4 3 000043 00000000 0
45642 4 3 000044 00000001 0
45643 4 3 000045 00000000 0
45644 4 3 000046 00000000 0
45645 4 3 000047 00000000 0
46227 0 2 000245 00000000 0
46243 4 3 000240 00000000 0
46244 4 3 000241 00000000 0
46245 4 3 000242 00000000 0
46246 4 3 000243 00000000 0
46247 4 3 000244 00000001 0
46248 4 3 000245 00000000 0
46249 4 3 000246 00000000 0
46250 4 3 000247 00000000 0
46269 0 1 000040 00000000 0
46285 4 3 000040 00000000 0
46286 4 3 000041 00000000 0
46287 4 3 000042 00000000 0
46288 4 3 000043 00000000 0
46289 4 3 000044 00000001 0
46290 4 3 000045 00000000 0
46291 4 3 000046 00000000 0
46292 4 3 000047 00000000 0
46874 0 2 000246 00000000 0
46890 4 3 000240 00000000 0
46891 4 3 000241 00000000 0
46892 4 3 000242 00000000 0
46893 4 3 000243 00000000 0
46894 4 3 000244 00000001 0
46895 4 3 000245 00000000 0
46896 4 3 000246 00000000 0
46897 4 3 000247 00000000 0
46916 0 1 000040 00000000 0
46932 4 3 000040 00000000 0
46933 4 3 000041 00000000 0
46934 4 3 000042 00000000 0
46935 4 3 000043 00000000 0
46936 4 3 000044 00000001 0
46937 4 3 000045 00000000 0
46938 4 3 000046 00000000 0
46939 4 3 000047 00000000 0
47521 0 2 000247 00000000 0
47537 4 3 000240 00000000 0
47538 4 3 000241 00000000 0
47539 4 3 000242 00000000 0
47540 4 3 000243 00000000 0
47541 4 3 000244 00000001 0
47542 4 3 000245 00000000 0
47543 4 3 000246 00000000 0
47544 4 3 000247 00000000 0
47563 0 1 000040 00000000 0
47579 4 3 000040 00000000 0
47580 4 3 000041 00000000 0
47581 4 3 000042 00000000 0
47582 4 3 000043 00000000 0
47583 4 3 000044 00000001 0
47584 4 3 000045 00000000 0
47585 4 3 000046 00000000 0
47586 4 3 000047 00000000 0
48168 0 2 000248 00000000 0
48184 4 3 000248 00000000 0
48185 4 3 000249 00000000 0
48186 4 3 00024A 00000000 0
48187 4 3 00024B 00000000 0
48188 4 3 00024C 00000000 0
48189 4 3 00024D 00000000 0
48190 4 3 00024E 00000000 0
48191 4 3 00024F 00000000 0
48498 0 1 000048 00000000 0
48514 4 3 000048 00000000 0
48515 4 3 000049 00000000 0
48516 4 3 00004A 00000000 0
48517 4 3 00004B 00000000 0
48518 4 3 00004C 00000000 0
48519 4 3 00004D 00000000 0
48520 4 3 00004E 00000000 0
48521 4 3 00004F 00000000 0
48815 0 2 000249 00000000 0
48831 4 3 000248 00000000 0
48832 4 3 000249 00000000 0
48833 4 3 00024A 00000000 0
48834 4 3 00024B 00000000 0
48835 4 3 00024C 00000000 0
48836 4 3 00024D 00000000 0
48837 4 3 00024E 00000000 0
48838 4 3 00024F 00000000 0
49145 0 1 000048 00000000 0
49161 4 3 000048 00000000 0
49162 4 3 000049 00000000 0
49163 4 3 00004A 00000000 0
49164 4 3 00004B 00000000 0
49165 4 3 00004C 00000000 0
49166 4 3 00004D 00000000 0
49167 4 3 00004E 00000000 0
49168 4 3 00004F 00000000 0
49462 0 2 00024A 00000000 0
49478 4 3 000248 00000000 0
49479 4 3 000249 00000000 0
49480 4 3 00024A 00000000 0
49481 4 3 00024B 00000000 0
49482 4 3 00024C 00000000 0
49483 4 3 00024D 00000000 0
49484 4 3 00024E 00000000 0
49485 4 3 00024F 00000000 0
49792 0 1 000048 00000000 0
49808 4 3 000048 00000000 0
49809 4 3 000049 00000000 0
49810 4 3 00004A 00000000 0
49811 4 3 00004B 00000000 0
49812 4 3 00004C 00000000 0
49813 4 3 00004D 00000000 0
49814 4 3 00004E 00000000 0
49815 4 3 00004F 00000000 0
50109 0 2 00024B 00000000 0
50125 4 3 000248 00000000 0
50126 4 3 000249 00000000 0
50127 4 3 00024A 00000000 0
50128 4 3 00024B 00000000 0
50129 4 3 00024C 00000000 0
50130 4 3 00024D 00000000 0
50131 4 3 00024E 00000000 0
50132 4 3 00024F 00000000 0
50439 0 1 000048 00000000 0
50455 4 3 000048 00000000 0
50456 4 3 000049 00000000 0
50457 4 3 00004A 00000000 0
50458 4 3 00004B 00000000 0
50459 4 3 00004C 00000000 0
50460 4 3 00004D 00000000 0
50461 4 3 00004E 00000000 0
50462 4 3 00004F 00000000 0
50756 0 2 00024C 00000000 0
50772 4 3 000248 00000000 0
50773 4 3 000249 00000000 0
50774 4 3 00024A 00000000 0
50775 4 3 00024B 00000000 0
50776 4 3 00024C 00000000 0
50777 4 3 00024D 00000000 0
50778 4 3 00024E 00000000 0
50779 4 3 00024F 00000000 0
51086 0 1 000048 00000000 0
51102 4 3 000048 00000000 0
51103 4 3 000049 00000000 0
51104 4 3 00004A 00000000 0
51105 4 3 00004B 00000000 0
51106 4 3 00004C 00000000 0
51107 4 3 00004D 00000000 0
51108 4 3 00004E 00000000 0
51109 4 3 00004F 00000000 0
51403 0 2 00024D 00000000 0
51419 4 3 000248 00000000 0
51420 4 3 000249 00000000 0
51421 4 3 00024A 00000000 0
51422 4 3 00024B 00000000 0
51423 4 3 00024C 00000000 0
51424 4 3 00024D 00000000 0
51425 4 3 00024E 00000000 0
51426 4 3 00024F 00000000 0
51733 0 1 000048 00000000 0
51749 4 3 000048 00000000 0
51750 4 3 000049 00000000 0
51751 4 3 00004A 00000000 0
51752 4 3 00004B 00000000 0
51753 4 3 00004C 00000000 0
51754 4 3 00004D 00000000 0
51755 4 3 00004E 00000000 0
51756 4 3 00004F 00000000 0
52050 0 2 00024E 00000000 0
52066 4 3 000248 00000000 0
52067 4 3 000249 00000000 0
52068 4 3 00024A 00000000 0
52069 4 3 00024B 00000000 0
52070 4 3 00024C 00000000 0
52071 4 3 00024D 00000000 0
52072 4 3 00024E 00000000 0
52073 4 3 00024F 00000000 0
52380 0 1 000048 00000000 0
52396 4 3 000048 00000000 0
52397 4 3 000049 00000000 0
52398 4 3 00004A 00000000 0
52399 4 3 00004B 00000000 0
52400 4 3 00004C 00000000 0
52401 4 3 00004D 00000000 0
52402 4 3 00004E 00000000 0
52403 4 3 00004F 00000000 0
52697 0 2 00024F 00000000 0
52713 4 3 000248 00000000 0
52714 4 3 000249 00000000 0
52715 4 3 00024A 00000000 0
52716 4 3 00024B 00000000 0
52717 4 3 00024C 00000000 0
52718 4 3 00024D 00000000 0
52719 4 3 00024E 00000000 0
52720 4 3 00024F 00000000 0
52746 0 1 000050 00000000 0
52762 4 3 000050 00000000 0
52763 4 3 000051 00000000 0
52764 4 3 000052 00000000 0
52765 4 3 000053 00000000 0
52766 4 3 000054 00000000 0
52767 4 3 000055 00000001 0
52768 4 3 000056 00000000 0
52769 4 3 000057 00000000 0
53059 0 1 000058 00000000 0
53075 4 3 000058 00000000 0
53076 4 3 000059 00000000 0
53077 4 3 00005A 00000000 0
53078 4 3 00005B 00000000 0
53079 4 3 00005C 00000000 0
53080 4 3 00005D 00000000 0
53081 4 3 00005E 00000000 0
53082 4 3 00005F 00000000 0
53376 0 2 000250 00000000 0
53392 4 3 000250 00000000 0
53393 4 3 000251 00000000 0
53394 4 3 000252 00000000 0
53395 4 3 000253 00000000 0
53396 4 3 000254 00000000 0
53397 4 3 000255 00000000 0
53398 4 3 000256 00000000 0
53399 4 3 000257 00000000 0
53418 0 1 000050 00000000 0
53434 4 3 000050 00000000 0
53435 4 3 000051 00000000 0
53436 4 3 000052 00000000 0
53437 4 3 000053 00000000 0
53438 4 3 000054 00000000 0
53439 4 3 000055 00000001 0
53440 4 3 000056 00000000 0
53441 4 3 000057 00000000 0
54023 0 2 000251 00000000 0
54039 4 3 000250 00000000 0
54040 4 3 000251 00000000 0
54041 4 3 000252 00000000 0
54042 4 3 000253 00000000 0
54043 4 3 000254 00000000 0
54044 4 3 000255 00000000 0
54045 4 3 000256 00000000 0
54046 4 3 000257 00000000 0
54065 0 1 000050 00000000 0
54081 4 3 000050 00000000 0
54082 4 3 000051 00000000 0
54083 4 3 000052 00000000 0
54084 4 3 000053 00000000 0
54085 4 3 000054 00000000 0
54086 4 3 000055 00000001 0
54087 4 3 000056 00000000 0
54088 4 3 000057 00000000 0
54670 0 2 000252 00000000 0
54686 4 3 000250 00000000 0
54687 4 3 000251 00000000 0
54688 4 3 000252 00000000 0
54689 4 3 000253 00000000 0
54690 4 3 000254 00000000 0
54691 4 3 000255 00000000 0
54692 4 3 000256 00000000 0
54693 4 3 000257 00000000 0
54712 0 1 000050 00000000 0
54728 4 3 000050 00000000 0
54729 4 3 000051 00000000 0
54730 4 3 000052 00000000 0
54731 4 3 000053 00000000 0
54732 4 3 000054 00000000 0
54733 4 3 000055 00000001 0
54734 4 3 000056 00000000 0
54735 4 3 000057 00000000 0
55317 0 2 000253 00000000 0
55333 4 3 000250 00000000 0
55334 4 3 000251 00000000 0
55335 4 3 000252 00000000 0
55336 4 3 000253 00000000 0
55337 4 3 000254 00000000 0
55338 4 3 000255 00000000 0
55339 4 3 000256 00000000 0
55340 4 3 000257 00000000 0
55359 0 1 000050 00000000 0
55375 4 3 000050 00000000 0
55376 4 3 000051 00000000 0
55377 4 3 000052 00000000 0
55378 4 3 000053 00000000 0
55379 4 3 000054 00000000 0
55380 4 3 000055 00000001 0
55381 4 3 000056 00000000 0
55382 4 3 000057 00000000 0
55964 0 2 000254 00000000 0
55980 4 3 000250 00000000 0
55981 4 3 000251 00000000 0
55982 4 3 000252 00000000 0
55983 4 3 000253 00000000 0
55984 4 3 000254 00000000 0
55985 4 3 000255 00000000 0
55986 4 3 000256 00000000 0
55987 4 3 000257 00000000 0
56006 0 1 000050 00000000 0
56022 4 3 000050 00000000 0
56023 4 3 000051 00000000 0
56024 4 3 000052 00000000 0
56025 4 3 000053 00000000 0
56026 4 3 000054 00000000 0
56027 4 3 000055 00000001 0
56028 4 3 000056 00000000 0
56029 4 3 000057 00000000 0
56611 0 2 000255 00000000 0
56627 4 3 000250 00000000 0
56628 4 3 000251 00000000 0
56629 4 3 000252 00000000 0
56630 4 3 000253 00000000 0
56631 4 3 000254 00000000 0
56632 4 3 000255 00000000 0
56633 4 3 000256 00000000 0
56634 4 3 000257 00000000 0
56653 0 1 000050 00000000 0
56669 4 3 000050 00000000 0
56670 4 3 000051 00000000 0
56671 4 3 000052 00000000 0
56672 4 3 000053 00000000 0
56673 4 3 000054 00000000 0
56674 4 3 000055 00000001 0
56675 4 3 000056 00000000 0
56676 4 3 000057 00000000 0
57258 0 2 000256 00000000 0
57274 4 3 000250 00000000 0
57275 4 3 000251 00000000 0
57276 4 3 000252 00000000 0
57277 4 3 000253 00000000 0
57278 4 3 000254 00000000 0
57279 4 3 000255 00000001 0
57280 4 3 000256 00000000 0
57281 4 3 000257 00000000 0
57300 0 1 000050 00000000 0
57316 4 3 000050 00000000 0
57317 4 3 000051 00000000 0
57318 4 3 000052 00000000 0
57319 4 3 000053 00000000 0
57320 4 3 000054 00000000 0
57321 4 3 000055 00000001 0
57322 4 3 000056 00000000 0
57323 4 3 000057 00000000 0
57905 0 2 000257 00000000 0
57921 4 3 000250 00000000 0
57922 4 3 000251 00000000 0
57923 4 3 000252 00000000 0
57924 4 3 000253 00000000 0
57925 4 3 000254 00000000 0
57926 4 3 000255 00000001 0
57927 4 3 000256 00000000 0
57928 4 3 000257 00000000 0
57947 0 1 000050 00000000 0
57963 4 3 000050 00000000 0
57964 4 3 000051 00000000 0
57965 4 3 000052 00000000 0
57966 4 3 000053 00000000 0
57967 4 3 000054 00000000 0
57968 4 3 000055 00000001 0
57969 4 3 000056 00000000 0
57970 4 3 000057 00000000 0
58552 0 2 000258 00000000 0
58568 4 3 000258 00000000 0
58569 4 3 000259 00000000 0
58570 4 3 00025A 00000000 0
58571 4 3 00025B 00000000 0
58572 4 3 00025C 00000000 0
58573 4 3 00025D 00000000 0
58574 4 3 00025E 00000000 0
58575 4 3 00025F 00000000 0
58882 0 1 000058 00000000 0
58898 4 3 000058 00000000 0
58899 4 3 000059 00000000 0
58900 4 3 00005A 00000000 0
58901 4 3 00005B 00000000 0
58902 4 3 00005C 00000000 0
58903 4 3 00005D 00000000 0
58904 4 3 00005E 00000000 0
58905 4 3 00005F 00000000 0
59199 0 2 000259 00000000 0
59215 4 3 000258 00000000 0
59216 4 3 000259 00000000 0
59217 4 3 00025A 00000000 0
59218 4 3 00025B 00000000 0
59219 4 3 00025C 00000000 0
59220 4 3 00025D 00000000 0
59221 4 3 00025E 00000000 0
59222 4 3 00025F 00000000 0
59529 0 1 000058 00000000 0
59545 4 3 000058 00000000 0
59546 4 3 000059 00000000 0
59547 4 3 00005A 00000000 0
59548 4 3 00005B 00000000 0
59549 4 3 00005C 00000000 0
59550 4 3 00005D 00000000 0
59551 4 3 00005E 00000000 0
59552 4 3 00005F 00000000 0
59846 0 2 00025A 00000000 0
59862 4 3 000258 00000000 0
59863 4 3 000259 00000000 0
59864 4 3 00025A 00000000 0
59865 4 3 00025B 00000000 0
59866 4 3 00025C 00000000 0
59867 4 3 00025D 00000000 0
59868 4 3 00025E 00000000 0
59869 4 3 00025F 00000000 0
60176 0 1 000058 00000000 0
60192 4 3 000058 00000000 0
60193 4 3 000059 00000000 0
60194 4 3 00005A 00000000 0
60195 4 3 00005B 00000000 0
60196 4 3 00005C 00000000 0
60197 4 3 00005D 00000000 0
60198 4 3 00005E 00000000 0
60199 4 3 00005F 00000000 0
60493 0 2 00025B 00000000 0
60509 4 3 000258 00000000 0
60510 4 3 000259 00000000 0
60511 4 3 00025A 00000000 0
60512 4 3 00025B 00000000 0
60513 4 3 00025C 00000000 0
60514 4 3 00025D 00000000 0
60515 4 3 00025E 00000000 0
60516 4 3 00025F 00000000 0
60823 0 1 000058 00000000 0
60839 4 3 000058 00000000 0
60840 4 3 000059 00000000 0
60841 4 3 00005A 00000000 0
60842 4 3 00005B 00000000 0
60843 4 3 00005C 00000000 0
60844 4 3 00005D 00000000 0
60845 4 3 00005E 00000000 0
60846 4 3 00005F 00000000 0
61140 0 2 00025C 00000000 0
61156 4 3 000258 00000000 0
61157 4 3 000259 00000000 0
61158 4 3 00025A 00000000 0
61159 4 3 00025B 00000000 0
61160 4 3 00025C 00000000 0
61161 4 3 00025D 00000000 0
61162 4 3 00025E 00000000 0
61163 4 3 00025F 00000000 0
61470 0 1 000058 00000000 0
61486 4 3 000058 00000000 0
61487 4 3 000059 00000000 0
61488 4 3 00005A 00000000 0
61489 4 3 00005B 00000000 0
61490 4 3 00005C 00000000 0
61491 4 3 00005D 00000000 0
61492 4 3 00005E 00000000 0
61493 4 3 00005F 00000000 0
61787 0 2 00025D 00000000 0
61803 4 3 000258 00000000 0
61804 4 3 000259 00000000 0
61805 4 3 00025A 00000000 0
61806 4 3 00025B 00000000 0
61807 4 3 00025C 00000000 0
61808 4 3 00025D 00000000 0
61809 4 3 00025E 00000000 0
61810 4 3 00025F 00000000 0
62117 0 1 000058 00000000 0
62133 4 3 000058 00000000 0
62134 4 3 000059 00000000 0
62135 4 3 00005A 00000000 0
62136 4 3 00005B 00000000 0
62137 4 3 00005C 00000000 0
62138 4 3 00005D 00000000 0
62139 4 3 00005E 00000000 0
62140 4 3 00005F 00000000 0
62434 0 2 00025E 00000000 0
62450 4 3 000258 00000000 0
62451 4 3 000259 00000000 0
62452 4 3 00025A 00000000 0
62453 4 3 00025B 00000000 0
62454 4 3 00025C 00000000 0
62455 4 3 00025D 00000000 0
62456 4 3 00025E 00000000 0
62457 4 3 00025F 00000000 0
62764 0 1 000058 00000000 0
62780 4 3 000058 00000000 0
62781 4 3 000059 00000000 0
62782 4 3 00005A 00000000 0
62783 4 3 00005B 00000000 0
62784 4 3 00005C 00000000 0
62785 4 3 00005D 00000000 0
62786 4 3 00005E 00000000 0
62787 4 3 00005F 00000000 0
63081 0 2 00025F 00000000 0
63097 4 3 000258 00000000 0
63098 4 3 000259 00000000 0
63099 4 3 00025A 00000000 0
63100 4 3 00025B 00000000 0
63101 4 3 00025C 00000000 0
63102 4 3 00025D 00000000 0
63103 4 3 00025E 00000000 0
63104 4 3 00025F 00000000 0
63130 0 1 000060 00000000 0
63146 4 3 000060 00000000 0
63147 4 3 000061 00000000 0
63148 4 3 000062 00000000 0
63149 4 3 000063 00000000 0
63150 4 3 000064 00000000 0
63151 4 3 000065 00000000 0
63152 4 3 000066 00000001 0
63153 4 3 000067 00000000 0
63443 0 1 000068 00000000 0
63459 4 3 000068 00000000 0
63460 4 3 000069 00000000 0
63461 4 3 00006A 00000000 0
63462 4 3 00006B 00000000 0
63463 4 3 00006C 00000000 0
63464 4 3 00006D 00000000 0
63465 4 3 00006E 00000000 0
63466 4 3 00006F 00000000 0
63760 0 2 000260 00000000 0
63776 4 3 000260 00000000 0
63777 4 3 000261 00000000 0
63778 4 3 000262 00000000 0
63779 4 3 000263 00000000 0
63780 4 3 000264 00000000 0
63781 4 3 000265 00000000 0
63782 4 3 000266 00000000 0
63783 4 3 000267 00000000 0
63802 0 1 000060 00000000 0
63818 4 3 000060 00000000 0
63819 4 3 000061 00000000 0
63820 4 3 000062 00000000 0
63821 4 3 000063 00000000 0
63822 4 3 000064 00000000 0
63823 4 3 000065 00000000 0
63824 4 3 000066 00000001 0
63825 4 3 000067 00000000 0
64407 0 2 000261 00000000 0
64423 4 3 000260 00000000 0
64424 4 3 000261 00000000 0
64425 4 3 000262 00000000 0
64426 4 3 000263 00000000 0
64427 4 3 000264 00000000 0
64428 4 3 000265 00000000 0
64429 4 3 000266 00000000 0
64430 4 3 000267 00000000 0
64449 0 1 000060 00000000 0
64465 4 3 000060 00000000 0
64466 4 3 000061 00000000 0
64467 4 3 000062 00000000 0
64468 4 3 000063 00000000 0
64469 4 3 000064 00000000 0
64470 4 3 000065 00000000 0
64471 4 3 000066 00000001 0
64472 4 3 000067 00000000 0
65054 0 2 000262 00000000 0
65070 4 3 000260 00000000 0
65071 4 3 000261 00000000 0
65072 4 3 000262 00000000 0
65073 4 3 000263 00000000 0
65074 4 3 000264 00000000 0
65075 4 3 000265 00000000 0
65076 4 3 000266 00000000 0
65077 4 3 000267 00000000 0
65096 0 1 000060 00000000 0
65112 4 3 000060 00000000 0
65113 4 3 000061 00000000 0
65114 4 3 000062 00000000 0
65115 4 3 000063 00000000 0
65116 4 3 000064 00000000 0
65117 4 3 000065 00000000 0
65118 4 3 000066 00000001 0
65119 4 3 000067 00000000 0
65701 0 2 000263 00000000 0
65717 4 3 000260 00000000 0
65718 4 3 000261 00000000 0
65719 4 3 000262 00000000 0
65720 4 3 000263 00000000 0
65721 4 3 000264 00000000 0
65722 4 3 000265 00000000 0
65723 4 3 000266 00000000 0
65724 4 3 000267 00000000 0
65743 0 1 000060 00000000 0
65759 4 3 000060 00000000 0
65760 4 3 000061 00000000 0
65761 4 3 000062 00000000 0
65762 4 3 000063 00000000 0
65763 4 3 000064 00000000 0
65764 4 3 000065 00000000 0
65765 4 3 000066 00000001 0
65766 4 3 000067 00000000 0
66348 0 2 000264 00000000 0
66364 4 3 000260 00000000 0
66365 4 3 000261 00000000 0
66366 4 3 000262 00000000 0
66367 4 3 000263 00000000 0
66368 4 3 000264 00000000 0
66369 4 3 000265 00000000 0
66370 4 3 000266 00000000 0
66371 4 3 000267 00000000 0
66390 0 1 000060 00000000 0
66406 4 3 000060 00000000 0
66407 4 3 000061 00000000 0
66408 4 3 000062 00000000 0
66409 4 3 000063 00000000 0
66410 4 3 000064 00000000 0
66411 4 3 000065 00000000 0
66412 4 3 000066 00000001 0
66413 4 3 000067 00000000 0
66995 0 2 000265 00000000 0
67011 4 3 000260 00000000 0
67012 4 3 000261 00000000 0
67013 4 3 000262 00000000 0
67014 4 3 000263 00000000 0
67015 4 3 000264 00000000 0
67016 4 3 000265 00000000 0
67017 4 3 000266 00000000 0
67018 4 3 000267 00000000 0
67037 0 1 000060 00000000 0
67053 4 3 000060 00000000 0
67054 4 3 000061 00000000 0
67055 4 3 000062 00000000 0
67056 4 3 000063 00000000 0
67057 4 3 000064 00000000 0
67058 4 3 000065 00000000 0
67059 4 3 000066 00000001 0
67060 4 3 000067 00000000 0
67642 0 2 000266 00000000 0
67658 4 3 000260 00000000 0
67659 4 3 000261 00000000 0
67660 4 3 000262 00000000 0
67661 4 3 000263 00000000 0
67662 4 3 000264 00000000 0
67663 4 3 000265 00000000 0
67664 4 3 000266 00000000 0
67665 4 3 000267 00000000 0
67684 0 1 000060 00000000 0
67700 4 3 000060 00000000 0
67701 4 3 000061 00000000 0
67702 4 3 000062 00000000 0
67703 4 3 000063 00000000 0
67704 4 3 000064 00000000 0
67705 4 3 000065 00000000 0
67706 4 3 000066 00000001 0
67707 4 3 000067 00000000 0
68289 0 2 000267 00000000 0
68305 4 3 000260 00000000 0
68306 4 3 000261 00000000 0
68307 4 3 000262 00000000 0
68308 4 3 000263 00000000 0
68309 4 3 000264 00000000 0
68310 4 3 000265 00000000 0
68311 4 3 000266 00000001 0
68312 4 3 000267 00000000 0
68331 0 1 000060 00000000 0
68347 4 3 000060 00000000 0
68348 4 3 000061 00000000 0
68349 4 3 000062 00000000 0
68350 4 3 000063 00000000 0
68351 4 3 000064 00000000 0
68352 4 3 000065 00000000 0
68353 4 3 000066 00000001 0
68354 4 3 000067 00000000 0
68936 0 2 000268 00000000 0
68952 4 3 000268 00000000 0
68953 4 3 000269 00000000 0
68954 4 3 00026A 00000000 0
68955 4 3 00026B 00000000 0
68956 4 3 00026C 00000000 0
68957 4 3 00026D 00000000 0
68958 4 3 00026E 00000000 0
68959 4 3 00026F 00000000 0
69266 0 1 000068 00000000 0
69282 4 3 000068 00000000 0
69283 4 3 000069 00000000 0
69284 4 3 00006A 00000000 0
69285 4 3 00006B 00000000 0
69286 4 3 00006C 00000000 0
69287 4 3 00006D 00000000 0
69288 4 3 00006E 00000000 0
69289 4 3 00006F 00000000 0
69583 0 2 000269 00000000 0
69599 4 3 000268 00000000 0
69600 4 3 000269 00000000 0
69601 4 3 00026A 00000000 0
69602 4 3 00026B 00000000 0
69603 4 3 00026C 00000000 0
69604 4 3 00026D 00000000 0
69605 4 3 00026E 00000000 0
69606 4 3 00026F 00000000 0
69913 0 1 000068 00000000 0
69929 4 3 000068 00000000 0
69930 4 3 000069 00000000 0
69931 4 3 00006A 00000000 0
69932 4 3 00006B 00000000 0
69933 4 3 00006C 00000000 0
69934 4 3 00006D 00000000 0
69935 4 3 00006E 00000000 0
69936 4 3 00006F 00000000 0
70230 0 2 00026A 00000000 0
70246 4 3 000268 00000000 0
70247 4 3 000269 00000000 0
70248 4 3 00026A 00000000 0
70249 4 3 00026B 00000000 0
70250 4 3 00026C 00000000 0
70251 4 3 00026D 00000000 0
70252 4 3 00026E 00000000 0
70253 4 3 00026F 00000000 0
70560 0 1 000068 00000000 0
70576 4 3 000068 00000000 0
70577 4 3 000069 00000000 0
70578 4 3 00006A 00000000 0
70579 4 3 00006B 00000000 0
70580 4 3 00006C 00000000 0
70581 4 3 00006D 00000000 0
70582 4 3 00006E 00000000 0
70583 4 3 00006F 00000000 0
70877 0 2 00026B 00000000 0
70893 4 3 000268 00000000 0
70894 4 3 000269 00000000 0
70895 4 3 00026A 00000000 0
70896 4 3 00026B 00000000 0
70897 4 3 00026C 00000000 0
70898 4 3 00026D 00000000 0
70899 4 3 00026E 00000000 0
70900 4 3 00026F 00000000 0
71207 0 1 000068 00000000 0
71223 4 3 000068 00000000 0
71224 4 3 000069 00000000 0
71225 4 3 00006A 00000000 0
71226 4 3 00006B 00000000 0
71227 4 3 00006C 00000000 0
71228 4 3 00006D 00000000 0
71229 4 3 00006E 00000000 0
71230 4 3 00006F 00000000 0
71524 0 2 00026C 00000000 0
71540 4 3 000268 00000000 0
71541 4 3 000269 00000000 0
71542 4 3 00026A 00000000 0
71543 4 3 00026B 00000000 0
71544 4 3 00026C 00000000 0
71545 4 3 00026D 00000000 0
71546 4 3 00026E 00000000 0
71547 4 3 00026F 00000000 0
71854 0 1 000068 00000000 0
71870 4 3 000068 00000000 0
71871 4 3 000069 00000000 0
71872 4 3 00006A 00000000 0
71873 4 3 00006B 00000000 0
71874 4 3 00006C 00000000 0
71875 4 3 00006D 00000000 0
71876 4 3 00006E 00000000 0
71877 4 3 00006F 00000000 0
72171 0 2 00026D 00000000 0
72187 4 3 000268 00000000 0
72188 4 3 000269 00000000 0
72189 4 3 00026A 00000000 0
72190 4 3 00026B 00000000 0
72191 4 3 00026C 00000000 0
72192 4 3 00026D 00000000 0
72193 4 3 00026E 00000000 0
72194 4 3 00026F 00000000 0
72501 0 1 000068 00000000 0
72517 4 3 000068 00000000 0
72518 4 3 000069 00000000 0
72519 4 3 00006A 00000000 0
72520 4 3 00006B 00000000 0
72521 4 3 00006C 00000000 0
72522 4 3 00006D 00000000 0
72523 4 3 00006E 00000000 0
72524 4 3 00006F 00000000 0
72818 0 2 00026E 00000000 0
72834 4 3 000268 00000000 0
72835 4 3 000269 00000000 0
72836 4 3 00026A 00000000 0
72837 4 3 00026B 00000000 0
72838 4 3 00026C 00000000 0
72839 4 3 00026D 00000000 0
72840 4 3 00026E 00000000 0
72841 4 3 00026F 00000000 0
73148 0 1 000068 00000000 0
73164 4 3 000068 00000000 0
73165 4 3 000069 00000000 0
73166 4 3 00006A 00000000 0
73167 4 3 00006B 00000000 0
73168 4 3 00006C 00000000 0
73169 4 3 00006D 00000000 0
73170 4 3 00006E 00000000 0
73171 4 3 00006F 00000000 0
73465 0 2 00026F 00000000 0
73481 4 3 000268 00000000 0
73482 4 3 000269 00000000 0
73483 4 3 00026A 00000000 0
73484 4 3 00026B 00000000 0
73485 4 3 00026C 00000000 0
73486 4 3 00026D 00000000 0
73487 4 3 00026E 00000000 0
73488 4 3 00026F 00000000 0
73514 0 1 000070 00000000 0
73530 4 3 000070 00000000 0
73531 4 3 000071 00000000 0
73532 4 3 000072 00000000 0
73533 4 3 000073 00000000 0
73534 4 3 000074 00000000 0
73535 4 3 000075 00000000 0
73536 4 3 000076 00000000 0
73537 4 3 000077 00000001 0
73827 0 1 000078 00000000 0
73843 4 3 000078 00000000 0
73844 4 3 000079 00000000 0
73845 4 3 00007A 00000000 0
73846 4 3 00007B 00000000 0
73847 4 3 00007C 00000000 0
73848 4 3 00007D 00000000 0
73849 4 3 00007E 00000000 0
73850 4 3 00007F 00000000 0
74144 0 2 000270 00000000 0
74160 4 3 000270 00000000 0
74161 4 3 000271 00000000 0
74162 4 3 000272 00000000 0
74163 4 3 000273 00000000 0
74164 4 3 000274 00000000 0
74165 4 3 000275 00000000 0
74166 4 3 000276 00000000 0
74167 4 3 000277 00000000 0
74186 0 1 000070 00000000 0
74202 4 3 000070 00000000 0
74203 4 3 000071 00000000 0
74204 4 3 000072 00000000 0
74205 4 3 000073 00000000 0
74206 4 3 000074 00000000 0
74207 4 3 000075 00000000 0
74208 4 3 000076 00000000 0
74209 4 3 000077 00000001 0
74791 0 2 000271 00000000 0
74807 4 3 000270 00000000 0
74808 4 3 000271 00000000 0
74809 4 3 000272 00000000 0
74810 4 3 000273 00000000 0
74811 4 3 000274 00000000 0
74812 4 3 000275 00000000 0
74813 4 3 000276 00000000 0
74814 4 3 000277 00000000 0
74833 0 1 000070 00000000 0
74849 4 3 000070 00000000 0
74850 4 3 000071 00000000 0
74851 4 3 000072 00000000 0
74852 4 3 000073 00000000 0
74853 4 3 000074 00000000 0
74854 4 3 000075 00000000 0
74855 4 3 000076 00000000 0
74856 4 3 000077 00000001 0
75438 0 2 000272 00000000 0
75454 4 3 000270 00000000 0
75455 4 3 000271 00000000 0
75456 4 3 000272 00000000 0
75457 4 3 000273 00000000 0
75458 4 3 000274 00000000 0
75459 4 3 000275 00000000 0
75460 4 3 000276 00000000 0
75461 4 3 000277 00000000 0
75480 0 1 000070 00000000 0
75496 4 3 000070 00000000 0
75497 4 3 000071 00000000 0
75498 4 3 000072 00000000 0
75499 4 3 000073 00000000 0
75500 4 3 000074 00000000 0
75501 4 3 000075 00000000 0
75502 4 3 000076 00000000 0
75503 4 3 000077 00000001 0
76085 0 2 000273 00000000 0
76101 4 3 000270 00000000 0
76102 4 3 000271 00000000 0
76103 4 3 000272 00000000 0
76104 4 3 000273 00000000 0
76105 4 3 000274 00000000 0
76106 4 3 000275 00000000 0
76107 4 3 000276 00000000 0
76108 4 3 000277 00000000 0
76127 0 1 000070 00000000 0
76143 4 3 000070 00000000 0
76144 4 3 000071 00000000 0
76145 4 3 000072 00000000 0
76146 4 3 000073 00000000 0
76147 4 3 000074 00000000 0
76148 4 3 000075 00000000 0
76149 4 3 000076 00000000 0
76150 4 3 000077 00000001 0
76732 0 2 000274 00000000 0
76748 4 3 000270 00000000 0
76749 4 3 000271 00000000 0
76750 4 3 000272 00000000 0
76751 4 3 000273 00000000 0
76752 4 3 000274 00000000 0
76753 4 3 000275 00000000 0
76754 4 3 000276 00000000 0
76755 4 3 000277 00000000 0
76774 0 1 000070 00000000 0
76790 4 3 000070 00000000 0
76791 4 3 000071 00000000 0
76792 4 3 000072 00000000 0
76793 4 3 000073 00000000 0
76794 4 3 000074 00000000 0
76795 4 3 000075 00000000 0
76796 4 3 000076 00000000 0
76797 4 3 000077 00000001 0
77379 0 2 000275 00000000 0
77395 4 3 000270 00000000 0
77396 4 3 000271 00000000 0
77397 4 3 000272 00000000 0
77398 4 3 000273 00000000 0
77399 4 3 000274 00000000 0
77400 4 3 000275 00000000 0
77401 4 3 000276 00000000 0
77402 4 3 000277 00000000 0
77421 0 1 000070 00000000 0
77437 4 3 000070 00000000 0
77438 4 3 000071 00000000 0
77439 4 3 000072 00000000 0
77440 4 3 000073 00000000 0
77441 4 3 000074 00000000 0
77442 4 3 000075 00000000 0
77443 4 3 000076 00000000 0
77444 4 3 000077 00000001 0
78026 0 2 000276 00000000 0
78042 4 3 000270 00000000 0
78043 4 3 000271 00000000 0
78044 4 3 000272 00000000 0
78045 4 3 000273 00000000 0
78046 4 3 000274 00000000 0
78047 4 3 000275 00000000 0
78048 4 3 000276 00000000 0
78049 4 3 000277 00000000 0
78068 0 1 000070 00000000 0
78084 4 3 000070 00000000 0
78085 4 3 000071 00000000 0
78086 4 3 000072 00000000 0
78087 4 3 000073 00000000 0
78088 4 3 000074 00000000 0
78089 4 3 000075 00000000 0
78090 4 3 000076 00000000 0
78091 4 3 000077 00000001 0
78673 0 2 000277 00000000 0
78689 4 3 000270 00000000 0
78690 4 3 000271 00000000 0
78691 4 3 000272 00000000 0
78692 4 3 000273 00000000 0
78693 4 3 000274 00000000 0
78694 4 3 000275 00000000 0
78695 4 3 000276 00000000 0
78696 4 3 000277 00000000 0
78715 0 1 000070 00000000 0
78731 4 3 000070 00000000 0
78732 4 3 000071 00000000 0
78733 4 3 000072 00000000 0
78734 4 3 000073 00000000 0
78735 4 3 000074 00000000 0
78736 4 3 000075 00000000 0
78737 4 3 000076 00000000 0
78738 4 3 000077 00000001 0
79320 0 2 000278 00000000 0
79336 4 3 000278 00000000 0
79337 4 3 000279 00000000 0
79338 4 3 00027A 00000000 0
79339 4 3 00027B 00000000 0
79340 4 3 00027C 00000000 0
79341 4 3 00027D 00000000 0
79342 4 3 00027E 00000000 0
79343 4 3 00027F 00000000 0
79650 0 1 000078 00000000 0
79666 4 3 000078 00000000 0
79667 4 3 000079 00000000 0
79668 4 3 00007A 00000000 0
79669 4 3 00007B 00000000 0
79670 4 3 00007C 00000000 0
79671 4 3 00007D 00000000 0
79672 4 3 00007E 00000000 0
79673 4 3 00007F 00000000 0
79967 0 2 000279 00000000 0
79983 4 3 000278 00000000 0
79984 4 3 000279 00000000 0
79985 4 3 00027A 00000000 0
79986 4 3 00027B 00000000 0
79987 4 3 00027C 00000000 0
79988 4 3 00027D 00000000 0
79989 4 3 00027E 00000000 0
79990 4 3 00027F 00000000 0
80297 0 1 000078 00000000 0
80313 4 3 000078 00000000 0
80314 4 3 000079 00000000 0
80315 4 3 00007A 00000000 0
80316 4 3 00007B 00000000 0
80317 4 3 00007C 00000000 0
80318 4 3 00007D 00000000 0
80319 4 3 00007E 00000000 0
80320 4 3 00007F 00000000 0
80614 0 2 00027A 00000000 0
80630 4 3 000278 00000000 0
80631 4 3 000279 00000000 0
80632 4 3 00027A 00000000 0
80633 4 3 00027B 00000000 0
80634 4 3 00027C 00000000 0
80635 4 3 00027D 00000000 0
80636 4 3 00027E 00000000 0
80637 4 3 00027F 00000000 0
80944 0 1 000078 00000000 0
80960 4 3 000078 00000000 0
80961 4 3 000079 00000000 0
80962 4 3 00007A 00000000 0
80963 4 3 00007B 00000000 0
80964 4 3 00007C 00000000 0
80965 4 3 00007D 00000000 0
80966 4 3 00007E 00000000 0
80967 4 3 00007F 00000000 0
81261 0 2 00027B 00000000 0
81277 4 3 000278 00000000 0
81278 4 3 000279 00000000 0
81279 4 3 00027A 00000000 0
81280 4 3 00027B 00000000 0
81281 4 3 00027C 00000000 0
81282 4 3 00027D 00000000 0
81283 4 3 00027E 00000000 0
81284 4 3 00027F 00000000 0
81591 0 1 000078 00000000 0
81607 4 3 000078 00000000 0
81608 4 3 000079 00000000 0
81609 4 3 00007A 00000000 0
81610 4 3 00007B 00000000 0
81611 4 3 00007C 00000000 0
81612 4 3 00007D 00000000 0
81613 4 3 00007E 00000000 0
81614 4 3 00007F 00000000 0
81908 0 2 00027C 00000000 0
81924 4 3 000278 00000000 0
81925 4 3 000279 00000000 0
81926 4 3 00027A 00000000 0
81927 4 3 00027B 00000000 0
81928 4 3 00027C 00000000 0
81929 4 3 00027D 00000000 0
81930 4 3 00027E 00000000 0
81931 4 3 00027F 00000000 0
82238 0 1 000078 00000000 0
82254 4 3 000078 00000000 0
82255 4 3 000079 00000000 0
82256 4 3 00007A 00000000 0
82257 4 3 00007B 00000000 0
82258 4 3 00007C 00000000 0
82259 4 3 00007D 00000000 0
82260 4 3 00007E 00000000 0
82261 4 3 00007F 00000000 0
82555 0 2 00027D 00000000 0
82571 4 3 000278 00000000 0
82572 4 3 000279 00000000 0
82573 4 3 00027A 00000000 0
82574 4 3 00027B 00000000 0
82575 4 3 00027C 00000000 0
82576 4 3 00027D 00000000 0
82577 4 3 00027E 00000000 0
82578 4 3 00027F 00000000 0
82885 0 1 000078 00000000 0
82901 4 3 000078 00000000 0
82902 4 3 000079 00000000 0
82903 4 3 00007A 00000000 0
82904 4 3 00007B 00000000 0
82905 4 3 00007C 00000000 0
82906 4 3 00007D 00000000 0
82907 4 3 00007E 00000000 0
82908 4 3 00007F 00000000 0
83202 0 2 00027E 00000000 0
83218 4 3 000278 00000000 0
83219 4 3 000279 00000000 0
83220 4 3 00027A 00000000 0
83221 4 3 00027B 00000000 0
83222 4 3 00027C 00000000 0
83223 4 3 00027D 00000000 0
83224 4 3 00027E 00000000 0
83225 4 3 00027F 00000000 0
83532 0 1 000078 00000000 0
83548 4 3 000078 00000000 0
83549 4 3 000079 00000000 0
83550 4 3 00007A 00000000 0
83551 4 3 00007B 00000000 0
83552 4 3 00007C 00000000 0
83553 4 3 00007D 00000000 0
83554 4 3 00007E 00000000 0
83555 4 3 00007F 00000000 0
83849 0 2 00027F 00000000 0
83865 4 3 000278 00000000 0
83866 4 3 000279 00000000 0
83867 4 3 00027A 00000000 0
83868 4 3 00027B 00000000 0
83869 4 3 00027C 00000000 0
83870 4 3 00027D 00000000 0
83871 4 3 00027E 00000000 0
83872 4 3 00027F 00000000 0
83898 0 1 000080 00000000 0
83914 4 3 000080 00000000 0
83915 4 3 000081 00000000 0
83916 4 3 000082 00000000 0
83917 4 3 000083 00000000 0
83918 4 3 000084 00000000 0
83919 4 3 000085 00000000 0
83920 4 3 000086 00000000 0
83921 4 3 000087 00000000 0
84211 0 1 000088 00000000 0
84227 4 3 000088 00000001 0
84228 4 3 000089 00000000 0
84229 4 3 00008A 00000000 0
84230 4 3 00008B 00000000 0
84231 4 3 00008C 00000000 0
84232 4 3 00008D 00000000 0
84233 4 3 00008E 00000000 0
84234 4 3 00008F 00000000 0
84528 0 2 000280 00000000 0
84544 4 3 000280 00000000 0
84545 4 3 000281 00000000 0
84546 4 3 000282 00000000 0
84547 4 3 000283 00000000 0
84548 4 3 000284 00000000 0
84549 4 3 000285 00000000 0
84550 4 3 000286 00000000 0
84551 4 3 000287 00000000 0
84570 0 1 000080 00000000 0
84586 4 3 000080 00000000 0
84587 4 3 000081 00000000 0
84588 4 3 000082 00000000 0
84589 4 3 000083 00000000 0
84590 4 3 000084 00000000 0
84591 4 3 000085 00000000 0
84592 4 3 000086 00000000 0
84593 4 3 000087 00000000 0
85175 0 2 000281 00000000 0
85191 4 3 000280 00000000 0
85192 4 3 000281 00000000 0
85193 4 3 000282 00000000 0
85194 4 3 000283 00000000 0
85195 4 3 000284 00000000 0
85196 4 3 000285 00000000 0
85197 4 3 000286 00000000 0
85198 4 3 000287 00000000 0
85217 0 1 000080 00000000 0
85233 4 3 000080 00000000 0
85234 4 3 000081 00000000 0
85235 4 3 000082 00000000 0
85236 4 3 000083 00000000 0
85237 4 3 000084 00000000 0
85238 4 3 000085 00000000 0
85239 4 3 000086 00000000 0
85240 4 3 000087 00000000 0
85822 0 2 000282 00000000 0
85838 4 3 000280 00000000 0
85839 4 3 000281 00000000 0
85840 4 3 000282 00000000 0
85841 4 3 000283 00000000 0
85842 4 3 000284 00000000 0
85843 4 3 000285 00000000 0
85844 4 3 000286 00000000 0
85845 4 3 000287 00000000 0
85864 0 1 000080 00000000 0
85880 4 3 000080 00000000 0
85881 4 3 000081 00000000 0
85882 4 3 000082 00000000 0
85883 4 3 000083 00000000 0
85884 4 3 000084 00000000 0
85885 4 3 000085 00000000 0
85886 4 3 000086 00000000 0
85887 4 3 000087 00000000 0
86469 0 2 000283 00000000 0
86485 4 3 000280 00000000 0
86486 4 3 000281 00000000 0
86487 4 3 000282 00000000 0
86488 4 3 000283 00000000 0
86489 4 3 000284 00000000 0
86490 4 3 000285 00000000 0
86491 4 3 000286 00000000 0
86492 4 3 000287 00000000 0
86511 0 1 000080 00000000 0
86527 4 3 000080 00000000 0
86528 4 3 000081 00000000 0
86529 4 3 000082 00000000 0
86530 4 3 000083 00000000 0
86531 4 3 000084 00000000 0
86532 4 3 000085 00000000 0
86533 4 3 000086 00000000 0
86534 4 3 000087 00000000 0
87116 0 2 000284 00000000 0
87132 4 3 000280 00000000 0
87133 4 3 000281 00000000 0
87134 4 3 000282 00000000 0
87135 4 3 000283 00000000 0
87136 4 3 000284 00000000 0
87137 4 3 000285 00000000 0
87138 4 3 000286 00000000 0
87139 4 3 000287 00000000 0
87158 0 1 000080 00000000 0
87174 4 3 000080 00000000 0
87175 4 3 000081 00000000 0
87176 4 3 000082 00000000 0
87177 4 3 000083 00000000 0
87178 4 3 000084 00000000 0
87179 4 3 000085 00000000 0
87180 4 3 000086 00000000 0
87181 4 3 000087 00000000 0
87763 0 2 000285 00000000 0
87779 4 3 000280 00000000 0
87780 4 3 000281 00000000 0
87781 4 3 000282 00000000 0
87782 4 3 000283 00000000 0
87783 4 3 000284 00000000 0
87784 4 3 000285 00000000 0
87785 4 3 000286 00000000 0
87786 4 3 000287 00000000 0
87805 0 1 000080 00000000 0
87821 4 3 000080 00000000 0
87822 4 3 000081 00000000 0
87823 4 3 000082 00000000 0
87824 4 3 000083 00000000 0
87825 4 3 000084 00000000 0
87826 4 3 000085 00000000 0
87827 4 3 000086 00000000 0
87828 4 3 000087 00000000 0
88410 0 2 000286 00000000 0
88426 4 3 000280 00000000 0
88427 4 3 000281 00000000 0
88428 4 3 000282 00000000 0
88429 4 3 000283 00000000 0
88430 4 3 000284 00000000 0
88431 4 3 000285 00000000 0
88432 4 3 000286 00000000 0
88433 4 3 000287 00000000 0
88452 0 1 000080 00000000 0
88468 4 3 000080 00000000 0
88469 4 3 000081 00000000 0
88470 4 3 000082 00000000 0
88471 4 3 000083 00000000 0
88472 4 3 000084 00000000 0
88473 4 3 000085 00000000 0
88474 4 3 000086 00000000 0
88475 4 3 000087 00000000 0
89057 0 2 000287 00000000 0
89073 4 3 000280 00000000 0
89074 4 3 000281 00000000 0
89075 4 3 000282 00000000 0
89076 4 3 000283 00000000 0
89077 4 3 000284 00000000 0
89078 4 3 000285 00000000 0
89079 4 3 000286 00000000 0
89080 4 3 000287 00000000 0
89099 0 1 000080 00000000 0
89115 4 3 000080 00000000 0
89116 4 3 000081 00000000 0
89117 4 3 000082 00000000 0
89118 4 3 000083 00000000 0
89119 4 3 000084 00000000 0
89120 4 3 000085 00000000 0
89121 4 3 000086 00000000 0
89122 4 3 000087 00000000 0
89704 0 2 000288 00000000 0
89720 4 3 000288 00000000 0
89721 4 3 000289 00000000 0
89722 4 3 00028A 00000000 0
89723 4 3 00028B 00000000 0
89724 4 3 00028C 00000000 0
89725 4 3 00028D 00000000 0
89726 4 3 00028E 00000000 0
89727 4 3 00028F 00000000 0
90034 0 1 000088 00000000 0
90050 4 3 000088 00000001 0
90051 4 3 000089 00000000 0
90052 4 3 00008A 00000000 0
90053 4 3 00008B 00000000 0
90054 4 3 00008C 00000000 0
90055 4 3 00008D 00000000 0
90056 4 3 00008E 00000000 0
90057 4 3 00008F 00000000 0
90351 0 2 000289 00000000 0
90367 4 3 000288 00000001 0
90368 4 3 000289 00000000 0
90369 4 3 00028A 00000000 0
90370 4 3 00028B 00000000 0
90371 4 3 00028C 00000000 0
90372 4 3 00028D 00000000 0
90373 4 3 00028E 00000000 0
90374 4 3 00028F 00000000 0
90681 0 1 000088 00000000 0
90697 4 3 000088 00000001 0
90698 4 3 000089 00000000 0
90699 4 3 00008A 00000000 0
90700 4 3 00008B 00000000 0
90701 4 3 00008C 00000000 0
90702 4 3 00008D 00000000 0
90703 4 3 00008E 00000000 0
90704 4 3 00008F 00000000 0
90998 0 2 00028A 00000000 0
91014 4 3 000288 00000001 0
91015 4 3 000289 00000000 0
91016 4 3 00028A 00000000 0
91017 4 3 00028B 00000000 0
91018 4 3 00028C 00000000 0
91019 4 3 00028D 00000000 0
91020 4 3 00028E 00000000 0
91021 4 3 00028F 00000000 0
91328 0 1 000088 00000000 0
91344 4 3 000088 00000001 0
91345 4 3 000089 00000000 0
91346 4 3 00008A 00000000 0
91347 4 3 00008B 00000000 0
91348 4 3 00008C 00000000 0
91349 4 3 00008D 00000000 0
91350 4 3 00008E 00000000 0
91351 4 3 00008F 00000000 0
91645 0 2 00028B 00000000 0
91661 4 3 000288 00000001 0
91662 4 3 000289 00000000 0
91663 4 3 00028A 00000000 0
91664 4 3 00028B 00000000 0
91665 4 3 00028C 00000000 0
91666 4 3 00028D 00000000 0
91667 4 3 00028E 00000000 0
91668 4 3 00028F 00000000 0
91975 0 1 000088 00000000 0
91991 4 3 000088 00000001 0
91992 4 3 000089 00000000 0
91993 4 3 00008A 00000000 0
91994 4 3 00008B 00000000 0
91995 4 3 00008C 00000000 0
91996 4 3 00008D 00000000 0
91997 4 3 00008E 00000000 0
91998 4 3 00008F 00000000 0
92292 0 2 00028C 00000000 0
92308 4 3 000288 00000001 0
92309 4 3 000289 00000000 0
92310 4 3 00028A 00000000 0
92311 4 3 00028B 00000000 0
92312 4 3 00028C 00000000 0
92313 4 3 00028D 00000000 0
92314 4 3 00028E 00000000 0
92315 4 3 00028F 00000000 0
92622 0 1 000088 00000000 0
92638 4 3 000088 00000001 0
92639 4 3 000089 00000000 0
92640 4 3 00008A 00000000 0
92641 4 3 00008B 00000000 0
92642 4 3 00008C 00000000 0
92643 4 3 00008D 00000000 0
92644 4 3 00008E 00000000 0
92645 4 3 00008F 00000000 0
92939 0 2 00028D 00000000 0
92955 4 3 000288 00000001 0
92956 4 3 000289 00000000 0
92957 4 3 00028A 00000000 0
92958 4 3 00028B 00000000 0
92959 4 3 00028C 00000000 0
92960 4 3 00028D 00000000 0
92961 4 3 00028E 00000000 0
92962 4 3 00028F 00000000 0
93269 0 1 000088 00000000 0
93285 4 3 000088 00000001 0
93286 4 3 000089 00000000 0
93287 4 3 00008A 00000000 0
93288 4 3 00008B 00000000 0
93289 4 3 00008C 00000000 0
93290 4 3 00008D 00000000 0
93291 4 3 00008E 00000000 0
93292 4 3 00008F 00000000 0
93586 0 2 00028E 00000000 0
93602 4 3 000288 00000001 0
93603 4 3 000289 00000000 0
93604 4 3 00028A 00000000 0
93605 4 3 00028B 00000000 0
93606 4 3 00028C 00000000 0
93607 4 3 00028D 00000000 0
93608 4 3 00028E 00000000 0
93609 4 3 00028F 00000000 0
93916 0 1 000088 00000000 0
93932 4 3 000088 00000001 0
93933 4 3 000089 00000000 0
93934 4 3 00008A 00000000 0
93935 4 3 00008B 00000000 0
93936 4 3 00008C 00000000 0
93937 4 3 00008D 00000000 0
93938 4 3 00008E 00000000 0
93939 4 3 00008F 00000000 0
94233 0 2 00028F 00000000 0
94249 4 3 000288 00000001 0
94250 4 3 000289 00000000 0
94251 4 3 00028A 00000000 0
94252 4 3 00028B 00000000 0
94253 4 3 00028C 00000000 0
94254 4 3 00028D 00000000 0
94255 4 3 00028E 00000000 0
94256 4 3 00028F 00000000 0
94282 0 1 000090 00000000 0
94298 4 3 000090 00000000 0
94299 4 3 000091 00000000 0
94300 4 3 000092 00000000 0
94301 4 3 000093 00000000 0
94302 4 3 000094 00000000 0
94303 4 3 000095 00000000 0
94304 4 3 000096 00000000 0
94305 4 3 000097 00000000 0
94595 0 1 000098 00000000 0
94611 4 3 000098 00000000 0
94612 4 3 000099 00000001 0
94613 4 3 00009A 00000000 0
94614 4 3 00009B 00000000 0
94615 4 3 00009C 00000000 0
94616 4 3 00009D 00000000 0
94617 4 3 00009E 00000000 0
94618 4 3 00009F 00000000 0
94912 0 2 000290 00000000 0
94928 4 3 000290 00000000 0
94929 4 3 000291 00000000 0
94930 4 3 000292 00000000 0
94931 4 3 000293 00000000 0
94932 4 3 000294 00000000 0
94933 4 3 000295 00000000 0
94934 4 3 000296 00000000 0
94935 4 3 000297 00000000 0
94954 0 1 000090 00000000 0
94970 4 3 000090 00000000 0
94971 4 3 000091 00000000 0
94972 4 3 000092 00000000 0
94973 4 3 000093 00000000 0
94974 4 3 000094 00000000 0
94975 4 3 000095 00000000 0
94976 4 3 000096 00000000 0
94977 4 3 000097 00000000 0
95559 0 2 000291 00000000 0
95575 4 3 000290 00000000 0
95576 4 3 000291 00000000 0
95577 4 3 000292 00000000 0
95578 4 3 000293 00000000 0
95579 4 3 000294 00000000 0
95580 4 3 000295 00000000 0
95581 4 3 000296 00000000 0
95582 4 3 000297 00000000 0
95601 0 1 000090 00000000 0
95617 4 3 000090 00000000 0
95618 4 3 000091 00000000 0
95619 4 3 000092 00000000 0
95620 4 3 000093 00000000 0
95621 4 3 000094 00000000 0
95622 4 3 000095 00000000 0
95623 4 3 000096 00000000 0
95624 4 3 000097 00000000 0
96206 0 2 000292 00000000 0
96222 4 3 000290 00000000 0
96223 4 3 000291 00000000 0
96224 4 3 000292 00000000 0
96225 4 3 000293 00000000 0
96226 4 3 000294 00000000 0
96227 4 3 000295 00000000 0
96228 4 3 000296 00000000 0
96229 4 3 000297 00000000 0
96248 0 1 000090 00000000 0
96264 4 3 000090 00000000 0
96265 4 3 000091 00000000 0
96266 4 3 000092 00000000 0
96267 4 3 000093 00000000 0
96268 4 3 000094 00000000 0
96269 4 3 000095 00000000 0
96270 4 3 000096 00000000 0
96271 4 3 000097 00000000 0
96853 0 2 000293 00000000 0
96869 4 3 000290 00000000 0
96870 4 3 000291 00000000 0
96871 4 3 000292 00000000 0
96872 4 3 000293 00000000 0
96873 4 3 000294 00000000 0
96874 4 3 000295 00000000 0
96875 4 3 000296 00000000 0
96876 4 3 000297 00000000 0
96895 0 1 000090 00000000 0
96911 4 3 000090 00000000 0
96912 4 3 000091 00000000 0
96913 4 3 000092 00000000 0
96914 4 3 000093 00000000 0
96915 4 3 000094 00000000 0
96916 4 3 000095 00000000 0
96917 4 3 000096 00000000 0
96918 4 3 000097 00000000 0
97500 0 2 000294 00000000 0
97516 4 3 000290 00000000 0
97517 4 3 000291 00000000 0
97518 4 3 000292 00000000 0
97519 4 3 000293 00000000 0
97520 4 3 000294 00000000 0
97521 4 3 000295 00000000 0
97522 4 3 000296 00000000 0
97523 4 3 000297 00000000 0
97542 0 1 000090 00000000 0
97558 4 3 000090 00000000 0
97559 4 3 000091 00000000 0
97560 4 3 000092 00000000 0
97561 4 3 000093 00000000 0
97562 4 3 000094 00000000 0
97563 4 3 000095 00000000 0
97564 4 3 000096 00000000 0
97565 4 3 000097 00000000 0
98147 0 2 000295 00000000 0
98163 4 3 000290 00000000 0
98164 4 3 000291 00000000 0
98165 4 3 000292 00000000 0
98166 4 3 000293 00000000 0
98167 4 3 000294 00000000 0
98168 4 3 000295 00000000 0
98169 4 3 000296 00000000 0
98170 4 3 000297 00000000 0
98189 0 1 000090 00000000 0
98205 4 3 000090 00000000 0
98206 4 3 000091 00000000 0
98207 4 3 000092 00000000 0
98208 4 3 000093 00000000 0
98209 4 3 000094 00000000 0
98210 4 3 000095 00000000 0
98211 4 3 000096 00000000 0
98212 4 3 000097 00000000 0
98794 0 2 000296 00000000 0
98810 4 3 000290 00000000 0
98811 4 3 000291 00000000 0
98812 4 3 000292 00000000 0
98813 4 3 000293 00000000 0
98814 4 3 000294 00000000 0
98815 4 3 000295 00000000 0
98816 4 3 000296 00000000 0
98817 4 3 000297 00000000 0
98836 0 1 000090 00000000 0
98852 4 3 000090 00000000 0
98853 4 3 000091 00000000 0
98854 4 3 000092 00000000 0
98855 4 3 000093 00000000 0
98856 4 3 000094 00000000 0
98857 4 3 000095 00000000 0
98858 4 3 000096 00000000 0
98859 4 3 000097 00000000 0
99441 0 2 000297 00000000 0
99457 4 3 000290 00000000 0
99458 4 3 000291 00000000 0
99459 4 3 000292 00000000 0
99460 4 3 000293 00000000 0
99461 4 3 000294 00000000 0
99462 4 3 000295 00000000 0
99463 4 3 000296 00000000 0
99464 4 3 000297 00000000 0
99483 0 1 000090 00000000 0
99499 4 3 000090 00000000 0
99500 4 3 000091 00000000 0
99501 4 3 000092 00000000 0
99502 4 3 000093 00000000 0
99503 4 3 000094 00000000 0
99504 4 3 000095 00000000 0
99505 4 3 000096 00000000 0
99506 4 3 000097 00000000 0
100088 0 2 000298 00000000 0
100104 4 3 000298 00000000 0
100105 4 3 000299 00000000 0
100106 4 3 00029A 00000000 0
100107 4 3 00029B 00000000 0
100108 4 3 00029C 00000000 0
100109 4 3 00029D 00000000 0
100110 4 3 00029E 00000000 0
100111 4 3 00029F 00000000 0
100418 0 1 000098 00000000 0
100434 4 3 000098 00000000 0
100435 4 3 000099 00000001 0
100436 4 3 00009A 00000000 0
100437 4 3 00009B 00000000 0
100438 4 3 00009C 00000000 0
100439 4 3 00009D 00000000 0
100440 4 3 00009E 00000000 0
100441 4 3 00009F 00000000 0
100735 0 2 000299 00000000 0
100751 4 3 000298 00000000 0
100752 4 3 000299 00000000 0
100753 4 3 00029A 00000000 0
100754 4 3 00029B 00000000 0
100755 4 3 00029C 00000000 0
100756 4 3 00029D 00000000 0
100757 4 3 00029E 00000000 0
100758 4 3 00029F 00000000 0
101065 0 1 000098 00000000 0
101081 4 3 000098 00000000 0
101082 4 3 000099 00000001 0
101083 4 3 00009A 00000000 0
101084 4 3 00009B 00000000 0
101085 4 3 00009C 00000000 0
101086 4 3 00009D 00000000 0
101087 4 3 00009E 00000000 0
101088 4 3 00009F 00000000 0
101382 0 2 00029A 00000000 0
101398 4 3 000298 00000000 0
101399 4 3 000299 00000001 0
101400 4 3 00029A 00000000 0
101401 4 3 00029B 00000000 0
101402 4 3 00029C 00000000 0
101403 4 3 00029D 00000000 0
101404 4 3 00029E 00000000 0
101405 4 3 00029F 00000000 0
101712 0 1 000098 00000000 0
101728 4 3 000098 00000000 0
101729 4 3 000099 00000001 0
101730 4 3 00009A 00000000 0
101731 4 3 00009B 00000000 0
101732 4 3 00009C 00000000 0
101733 4 3 00009D 00000000 0
101734 4 3 00009E 00000000 0
101735 4 3 00009F 00000000 0
102029 0 2 00029B 00000000 0
102045 4 3 000298 00000000 0
102046 4 3 000299 00000001 0
102047 4 3 00029A 00000000 0
102048 4 3 00029B 00000000 0
102049 4 3 00029C 00000000 0
102050 4 3 00029D 00000000 0
102051 4 3 00029E 00000000 0
102052 4 3 00029F 00000000 0
102359 0 1 000098 00000000 0
102375 4 3 000098 00000000 0
102376 4 3 000099 00000001 0
102377 4 3 00009A 00000000 0
102378 4 3 00009B 00000000 0
102379 4 3 00009C 00000000 0
102380 4 3 00009D 00000000 0
102381 4 3 00009E 00000000 0
102382 4 3 00009F 00000000 0
102676 0 2 00029C 00000000 0
102692 4 3 000298 00000000 0
102693 4 3 000299 00000001 0
102694 4 3 00029A 00000000 0
102695 4 3 00029B 00000000 0
102696 4 3 00029C 00000000 0
102697 4 3 00029D 00000000 0
102698 4 3 00029E 00000000 0
102699 4 3 00029F 00000000 0
103006 0 1 000098 00000000 0
103022 4 3 000098 00000000 0
103023 4 3 000099 00000001 0
103024 4 3 00009A 00000000 0
103025 4 3 00009B 00000000 0
103026 4 3 00009C 00000000 0
103027 4 3 00009D 00000000 0
103028 4 3 00009E 00000000 0
103029 4 3 00009F 00000000 0
103323 0 2 00029D 00000000 0
103339 4 3 000298 00000000 0
103340 4 3 000299 00000001 0
103341 4 3 00029A 00000000 0
103342 4 3 00029B 00000000 0
103343 4 3 00029C 00000000 0
103344 4 3 00029D 00000000 0
103345 4 3 00029E 00000000 0
103346 4 3 00029F 00000000 0
103653 0 1 000098 00000000 0
103669 4 3 000098 00000000 0
103670 4 3 000099 00000001 0
103671 4 3 00009A 00000000 0
103672 4 3 00009B 00000000 0
103673 4 3 00009C 00000000 0
103674 4 3 00009D 00000000 0
103675 4 3 00009E 00000000 0
103676 4 3 00009F 00000000 0
103970 0 2 00029E 00000000 0
103986 4 3 000298 00000000 0
103987 4 3 000299 00000001 0
103988 4 3 00029A 00000000 0
103989 4 3 00029B 00000000 0
103990 4 3 00029C 00000000 0
103991 4 3 00029D 00000000 0
103992 4 3 00029E 00000000 0
103993 4 3 00029F 00000000 0
104300 0 1 000098 00000000 0
104316 4 3 000098 00000000 0
104317 4 3 000099 00000001 0
104318 4 3 00009A 00000000 0
104319 4 3 00009B 00000000 0
104320 4 3 00009C 00000000 0
104321 4 3 00009D 00000000 0
104322 4 3 00009E 00000000 0
104323 4 3 00009F 00000000 0
104617 0 2 00029F 00000000 0
104633 4 3 000298 00000000 0
104634 4 3 000299 00000001 0
104635 4 3 00029A 00000000 0
104636 4 3 00029B 00000000 0
104637 4 3 00029C 00000000 0
104638 4 3 00029D 00000000 0
104639 4 3 00029E 00000000 0
104640 4 3 00029F 00000000 0
104666 0 1 0000A0 00000000 0
104682 4 3 0000A0 00000000 0
104683 4 3 0000A1 00000000 0
104684 4 3 0000A2 00000000 0
104685 4 3 0000A3 00000000 0
104686 4 3 0000A4 00000000 0
104687 4 3 0000A5 00000000 0
104688 4 3 0000A6 00000000 0
104689 4 3 0000A7 00000000 0
104979 0 1 0000A8 00000000 0
104995 4 3 0000A8 00000000 0
104996 4 3 0000A9 00000000 0
104997 4 3 0000AA 00000001 0
104998 4 3 0000AB 00000000 0
104999 4 3 0000AC 00000000 0
105000 4 3 0000AD 00000000 0
105001 4 3 0000AE 00000000 0
105002 4 3 0000AF 00000000 0
105296 0 2 0002A0 00000000 0
105312 4 3 0002A0 00000000 0
105313 4 3 0002A1 00000000 0
105314 4 3 0002A2 00000000 0
105315 4 3 0002A3 00000000 0
105316 4 3 0002A4 00000000 0
105317 4 3 0002A5 00000000 0
105318 4 3 0002A6 00000000 0
105319 4 3 0002A7 00000000 0
105338 0 1 0000A0 00000000 0
105354 4 3 0000A0 00000000 0
105355 4 3 0000A1 00000000 0
105356 4 3 0000A2 00000000 0
105357 4 3 0000A3 00000000 0
105358 4 3 0000A4 00000000 0
105359 4 3 0000A5 00000000 0
105360 4 3 0000A6 00000000 0
105361 4 3 0000A7 00000000 0
105943 0 2 0002A1 00000000 0
105959 4 3 0002A0 00000000 0
105960 4 3 0002A1 00000000 0
105961 4 3 0002A2 00000000 0
105962 4 3 0002A3 00000000 0
105963 4 3 0002A4 00000000 0
105964 4 3 0002A5 00000000 0
105965 4 3 0002A6 00000000 0
105966 4 3 0002A7 00000000 0
105985 0 1 0000A0 00000000 0
106001 4 3 0000A0 00000000 0
106002 4 3 0000A1 00000000 0
106003 4 3 0000A2 00000000 0
106004 4 3 0000A3 00000000 0
106005 4 3 0000A4 00000000 0
106006 4 3 0000A5 00000000 0
106007 4 3 0000A6 00000000 0
106008 4 3 0000A7 00000000 0
106590 0 2 0002A2 00000000 0
106606 4 3 0002A0 00000000 0
106607 4 3 0002A1 00000000 0
106608 4 3 0002A2 00000000 0
106609 4 3 0002A3 00000000 0
106610 4 3 0002A4 00000000 0
106611 4 3 0002A5 00000000 0
106612 4 3 0002A6 00000000 0
106613 4 3 0002A7 00000000 0
106632 0 1 0000A0 00000000 0
106648 4 3 0000A0 00000000 0
106649 4 3 0000A1 00000000 0
106650 4 3 0000A2 00000000 0
106651 4 3 0000A3 00000000 0
106652 4 3 0000A4 00000000 0
106653 4 3 0000A5 00000000 0
106654 4 3 0000A6 00000000 0
106655 4 3 0000A7 00000000 0
107237 0 2 0002A3 00000000 0
107253 4 3 0002A0 00000000 0
107254 4 3 0002A1 00000000 0
107255 4 3 0002A2 00000000 0
107256 4 3 0002A3 00000000 0
107257 4 3 0002A4 00000000 0
107258 4 3 0002A5 00000000 0
107259 4 3 0002A6 00000000 0
107260 4 3 0002A7 00000000 0
107279 0 1 0000A0 00000000 0
107295 4 3 0000A0 00000000 0
107296 4 3 0000A1 00000000 0
107297 4 3 0000A2 00000000 0
107298 4 3 0000A3 00000000 0
107299 4 3 0000A4 00000000 0
107300 4 3 0000A5 00000000 0
107301 4 3 0000A6 00000000 0
107302 4 3 0000A7 00000000 0
107884 0 2 0002A4 00000000 0
107900 4 3 0002A0 00000000 0
107901 4 3 0002A1 00000000 0
107902 4 3 0002A2 00000000 0
107903 4 3 0002A3 00000000 0
107904 4 3 0002A4 00000000 0
107905 4 3 0002A5 00000000 0
107906 4 3 0002A6 00000000 0
107907 4 3 0002A7 00000000 0
107926 0 1 0000A0 00000000 0
107942 4 3 0000A0 00000000 0
107943 4 3 0000A1 00000000 0
107944 4 3 0000A2 00000000 0
107945 4 3 0000A3 00000000 0
107946 4 3 0000A4 00000000 0
107947 4 3 0000A5 00000000 0
107948 4 3 0000A6 00000000 0
107949 4 3 0000A7 00000000 0
108531 0 2 0002A5 00000000 0
108547 4 3 0002A0 00000000 0
108548 4 3 0002A1 00000000 0
108549 4 3 0002A2 00000000 0
108550 4 3 0002A3 00000000 0
108551 4 3 0002A4 00000000 0
108552 4 3 0002A5 00000000 0
108553 4 3 0002A6 00000000 0
108554 4 3 0002A7 00000000 0
108573 0 1 0000A0 00000000 0
108589 4 3 0000A0 00000000 0
108590 4 3 0000A1 00000000 0
108591 4 3 0000A2 00000000 0
108592 4 3 0000A3 00000000 0
108593 4 3 0000A4 00000000 0
108594 4 3 0000A5 00000000 0
108595 4 3 0000A6 00000000 0
108596 4 3 0000A7 00000000 0
109178 0 2 0002A6 00000000 0
109194 4 3 0002A0 00000000 0
109195 4 3 0002A1 00000000 0
109196 4 3 0002A2 00000000 0
109197 4 3 0002A3 00000000 0
109198 4 3 0002A4 00000000 0
109199 4 3 0002A5 00000000 0
109200 4 3 0002A6 00000000 0
109201 4 3 0002A7 00000000 0
109220 0 1 0000A0 00000000 0
109236 4 3 0000A0 00000000 0
109237 4 3 0000A1 00000000 0
109238 4 3 0000A2 00000000 0
109239 4 3 0000A3 00000000 0
109240 4 3 0000A4 00000000 0
109241 4 3 0000A5 00000000 0
109242 4 3 0000A6 00000000 0
109243 4 3 0000A7 00000000 0
109825 0 2 0002A7 00000000 0
109841 4 3 0002A0 00000000 0
109842 4 3 0002A1 00000000 0
109843 4 3 0002A2 00000000 0
109844 4 3 0002A3 00000000 0
109845 4 3 0002A4 00000000 0
109846 4 3 0002A5 00000000 0
109847 4 3 0002A6 00000000 0
109848 4 3 0002A7 00000000 0
109867 0 1 0000A0 00000000 0
109883 4 3 0000A0 00000000 0
109884 4 3 0000A1 00000000 0
109885 4 3 0000A2 00000000 0
109886 4 3 0000A3 00000000 0
109887 4 3 0000A4 00000000 0
109888 4 3 0000A5 00000000 0
109889 4 3 0000A6 00000000 0
109890 4 3 0000A7 00000000 0
110472 0 2 0002A8 00000000 0
110488 4 3 0002A8 00000000 0
110489 4 3 0002A9 00000000 0
110490 4 3 0002AA 00000000 0
110491 4 3 0002AB 00000000 0
110492 4 3 0002AC 00000000 0
110493 4 3 0002AD 00000000 0
110494 4 3 0002AE 00000000 0
110495 4 3 0002AF 00000000 0
110802 0 1 0000A8 00000000 0
110818 4 3 0000A8 00000000 0
110819 4 3 0000A9 00000000 0
110820 4 3 0000AA 00000001 0
110821 4 3 0000AB 00000000 0
110822 4 3 0000AC 00000000 0
110823 4 3 0000AD 00000000 0
110824 4 3 0000AE 00000000 0
110825 4 3 0000AF 00000000 0
111119 0 2 0002A9 00000000 0
111135 4 3 0002A8 00000000 0
111136 4 3 0002A9 00000000 0
111137 4 3 0002AA 00000000 0
111138 4 3 0002AB 00000000 0
111139 4 3 0002AC 00000000 0
111140 4 3 0002AD 00000000 0
111141 4 3 0002AE 00000000 0
111142 4 3 0002AF 00000000 0
111449 0 1 0000A8 00000000 0
111465 4 3 0000A8 00000000 0
111466 4 3 0000A9 00000000 0
111467 4 3 0000AA 00000001 0
111468 4 3 0000AB 00000000 0
111469 4 3 0000AC 00000000 0
111470 4 3 0000AD 00000000 0
111471 4 3 0000AE 00000000 0
111472 4 3 0000AF 00000000 0
111766 0 2 0002AA 00000000 0
111782 4 3 0002A8 00000000 0
111783 4 3 0002A9 00000000 0
111784 4 3 0002AA 00000000 0
111785 4 3 0002AB 00000000 0
111786 4 3 0002AC 00000000 0
111787 4 3 0002AD 00000000 0
111788 4 3 0002AE 00000000 0
111789 4 3 0002AF 00000000 0
112096 0 1 0000A8 00000000 0
112112 4 3 0000A8 00000000 0
112113 4 3 0000A9 00000000 0
112114 4 3 0000AA 00000001 0
112115 4 3 0000AB 00000000 0
112116 4 3 0000AC 00000000 0
112117 4 3 0000AD 00000000 0
112118 4 3 0000AE 00000000 0
112119 4 3 0000AF 00000000 0
112413 0 2 0002AB 00000000 0
112429 4 3 0002A8 00000000 0
112430 4 3 0002A9 00000000 0
112431 4 3 0002AA 00000001 0
112432 4 3 0002AB 00000000 0
112433 4 3 0002AC 00000000 0
112434 4 3 0002AD 00000000 0
112435 4 3 0002AE 00000000 0
112436 4 3 0002AF 00000000 0
112743 0 1 0000A8 00000000 0
112759 4 3 0000A8 00000000 0
112760 4 3 0000A9 00000000 0
112761 4 3 0000AA 00000001 0
112762 4 3 0000AB 00000000 0
112763 4 3 0000AC 00000000 0
112764 4 3 0000AD 00000000 0
112765 4 3 0000AE 00000000 0
112766 4 3 0000AF 00000000 0
113060 0 2 0002AC 00000000 0
113076 4 3 0002A8 00000000 0
113077 4 3 0002A9 00000000 0
113078 4 3 0002AA 00000001 0
113079 4 3 0002AB 00000000 0
113080 4 3 0002AC 00000000 0
113081 4 3 0002AD 00000000 0
113082 4 3 0002AE 00000000 0
113083 4 3 0002AF 00000000 0
113390 0 1 0000A8 00000000 0
113406 4 3 0000A8 00000000 0
113407 4 3 0000A9 00000000 0
113408 4 3 0000AA 00000001 0
113409 4 3 0000AB 00000000 0
113410 4 3 0000AC 00000000 0
113411 4 3 0000AD 00000000 0
113412 4 3 0000AE 00000000 0
113413 4 3 0000AF 00000000 0
113707 0 2 0002AD 00000000 0
113723 4 3 0002A8 00000000 0
113724 4 3 0002A9 00000000 0
113725 4 3 0002AA 00000001 0
113726 4 3 0002AB 00000000 0
113727 4 3 0002AC 00000000 0
113728 4 3 0002AD 00000000 0
113729 4 3 0002AE 00000000 0
113730 4 3 0002AF 00000000 0
114037 0 1 0000A8 00000000 0
114053 4 3 0000A8 00000000 0
114054 4 3 0000A9 00000000 0
114055 4 3 0000AA 00000001 0
114056 4 3 0000AB 00000000 0
114057 4 3 0000AC 00000000 0
114058 4 3 0000AD 00000000 0
114059 4 3 0000AE 00000000 0
114060 4 3 0000AF 00000000 0
114354 0 2 0002AE 00000000 0
114370 4 3 0002A8 00000000 0
114371 4 3 0002A9 00000000 0
114372 4 3 0002AA 00000001 0
114373 4 3 0002AB 00000000 0
114374 4 3 0002AC 00000000 0
114375 4 3 0002AD 00000000 0
114376 4 3 0002AE 00000000 0
114377 4 3 0002AF 00000000 0
114684 0 1 0000A8 00000000 0
114700 4 3 0000A8 00000000 0
114701 4 3 0000A9 00000000 0
114702 4 3 0000AA 00000001 0
114703 4 3 0000AB 00000000 0
114704 4 3 0000AC 00000000 0
114705 4 3 0000AD 00000000 0
114706 4 3 0000AE 00000000 0
114707 4 3 0000AF 00000000 0
115001 0 2 0002AF 00000000 0
115017 4 3 0002A8 00000000 0
115018 4 3 0002A9 00000000 0
115019 4 3 0002AA 00000001 0
115020 4 3 0002AB 00000000 0
115021 4 3 0002AC 00000000 0
115022 4 3 0002AD 00000000 0
115023 4 3 0002AE 00000000 0
115024 4 3 0002AF 00000000 0
115050 0 1 0000B0 00000000 0
115066 4 3 0000B0 00000000 0
115067 4 3 0000B1 00000000 0
115068 4 3 0000B2 00000000 0
115069 4 3 0000B3 00000000 0
115070 4 3 0000B4 00000000 0
115071 4 3 0000B5 00000000 0
115072 4 3 0000B6 00000000 0
115073 4 3 0000B7 00000000 0
115363 0 1 0000B8 00000000 0
115379 4 3 0000B8 00000000 0
115380 4 3 0000B9 00000000 0
115381 4 3 0000BA 00000000 0
115382 4 3 0000BB 00000001 0
115383 4 3 0000BC 00000000 0
115384 4 3 0000BD 00000000 0
115385 4 3 0000BE 00000000 0
115386 4 3 0000BF 00000000 0
115680 0 2 0002B0 00000000 0
115696 4 3 0002B0 00000000 0
115697 4 3 0002B1 00000000 0
115698 4 3 0002B2 00000000 0
115699 4 3 0002B3 00000000 0
115700 4 3 0002B4 00000000 0
115701 4 3 0002B5 00000000 0
115702 4 3 0002B6 00000000 0
115703 4 3 0002B7 00000000 0
115722 0 1 0000B0 00000000 0
115738 4 3 0000B0 00000000 0
115739 4 3 0000B1 00000000 0
115740 4 3 0000B2 00000000 0
115741 4 3 0000B3 00000000 0
115742 4 3 0000B4 00000000 0
115743 4 3 0000B5 00000000 0
115744 4 3 0000B6 00000000 0
115745 4 3 0000B7 00000000 0
116327 0 2 0002B1 00000000 0
116343 4 3 0002B0 00000000 0
116344 4 3 0002B1 00000000 0
116345 4 3 0002B2 00000000 0
116346 4 3 0002B3 00000000 0
116347 4 3 0002B4 00000000 0
116348 4 3 0002B5 00000000 0
116349 4 3 0002B6 00000000 0
116350 4 3 0002B7 00000000 0
116369 0 1 0000B0 00000000 0
116385 4 3 0000B0 00000000 0
116386 4 3 0000B1 00000000 0
116387 4 3 0000B2 00000000 0
116388 4 3 0000B3 00000000 0
116389 4 3 0000B4 00000000 0
116390 4 3 0000B5 00000000 0
116391 4 3 0000B6 00000000 0
116392 4 3 0000B7 00000000 0
116974 0 2 0002B2 00000000 0
116990 4 3 0002B0 00000000 0
116991 4 3 0002B1 00000000 0
116992 4 3 0002B2 00000000 0
116993 4 3 0002B3 00000000 0
116994 4 3 0002B4 00000000 0
116995 4 3 0002B5 00000000 0
116996 4 3 0002B6 00000000 0
116997 4 3 0002B7 00000000 0
117016 0 1 0000B0 00000000 0
117032 4 3 0000B0 00000000 0
117033 4 3 0000B1 00000000 0
117034 4 3 0000B2 00000000 0
117035 4 3 0000B3 00000000 0
117036 4 3 0000B4 00000000 0
117037 4 3 0000B5 00000000 0
117038 4 3 0000B6 00000000 0
117039 4 3 0000B7 00000000 0
117621 0 2 0002B3 00000000 0
117637 4 3 0002B0 00000000 0
117638 4 3 0002B1 00000000 0
117639 4 3 0002B2 00000000 0
117640 4 3 0002B3 00000000 0
117641 4 3 0002B4 00000000 0
117642 4 3 0002B5 00000000 0
117643 4 3 0002B6 00000000 0
117644 4 3 0002B7 00000000 0
117663 0 1 0000B0 00000000 0
117679 4 3 0000B0 00000000 0
117680 4 3 0000B1 00000000 0
117681 4 3 0000B2 00000000 0
117682 4 3 0000B3 00000000 0
117683 4 3 0000B4 00000000 0
117684 4 3 0000B5 00000000 0
117685 4 3 0000B6 00000000 0
117686 4 3 0000B7 00000000 0
118268 0 2 0002B4 00000000 0
118284 4 3 0002B0 00000000 0
118285 4 3 0002B1 00000000 0
118286 4 3 0002B2 00000000 0
118287 4 3 0002B3 00000000 0
118288 4 3 0002B4 00000000 0
118289 4 3 0002B5 00000000 0
118290 4 3 0002B6 00000000 0
118291 4 3 0002B7 00000000 0
118310 0 1 0000B0 00000000 0
118326 4 3 0000B0 00000000 0
118327 4 3 0000B1 00000000 0
118328 4 3 0000B2 00000000 0
118329 4 3 0000B3 00000000 0
118330 4 3 0000B4 00000000 0
118331 4 3 0000B5 00000000 0
118332 4 3 0000B6 00000000 0
118333 4 3 0000B7 00000000 0
118915 0 2 0002B5 00000000 0
118931 4 3 0002B0 00000000 0
118932 4 3 0002B1 00000000 0
118933 4 3 0002B2 00000000 0
118934 4 3 0002B3 00000000 0
118935 4 3 0002B4 00000000 0
118936 4 3 0002B5 00000000 0
118937 4 3 0002B6 00000000 0
118938 4 3 0002B7 00000000 0
118957 0 1 0000B0 00000000 0
118973 4 3 0000B0 00000000 0
118974 4 3 0000B1 00000000 0
118975 4 3 0000B2 00000000 0
118976 4 3 0000B3 00000000 0
118977 4 3 0000B4 00000000 0
118978 4 3 0000B5 00000000 0
118979 4 3 0000B6 00000000 0
118980 4 3 0000B7 00000000 0
119562 0 2 0002B6 00000000 0
119578 4 3 0002B0 00000000 0
119579 4 3 0002B1 00000000 0
119580 4 3 0002B2 00000000 0
119581 4 3 0002B3 00000000 0
119582 4 3 0002B4 00000000 0
119583 4 3 0002B5 00000000 0
119584 4 3 0002B6 00000000 0
119585 4 3 0002B7 00000000 0
119604 0 1 0000B0 00000000 0
119620 4 3 0000B0 00000000 0
119621 4 3 0000B1 00000000 0
119622 4 3 0000B2 00000000 0
119623 4 3 0000B3 00000000 0
119624 4 3 0000B4 00000000 0
119625 4 3 0000B5 00000000 0
119626 4 3 0000B6 00000000 0
119627 4 3 0000B7 00000000 0
120209 0 2 0002B7 00000000 0
120225 4 3 0002B0 00000000 0
120226 4 3 0002B1 00000000 0
120227 4 3 0002B2 00000000 0
120228 4 3 0002B3 00000000 0
120229 4 3 0002B4 00000000 0
120230 4 3 0002B5 00000000 0
120231 4 3 0002B6 00000000 0
120232 4 3 0002B7 00000000 0
120251 0 1 0000B0 00000000 0
120267 4 3 0000B0 00000000 0
120268 4 3 0000B1 00000000 0
120269 4 3 0000B2 00000000 0
120270 4 3 0000B3 00000000 0
120271 4 3 0000B4 00000000 0
120272 4 3 0000B5 00000000 0
120273 4 3 0000B6 00000000 0
120274 4 3 0000B7 00000000 0
120856 0 2 0002B8 00000000 0
120872 4 3 0002B8 00000000 0
120873 4 3 0002B9 00000000 0
120874 4 3 0002BA 00000000 0
120875 4 3 0002BB 00000000 0
120876 4 3 0002BC 00000000 0
120877 4 3 0002BD 00000000 0
120878 4 3 0002BE 00000000 0
120879 4 3 0002BF 00000000 0
121186 0 1 0000B8 00000000 0
121202 4 3 0000B8 00000000 0
121203 4 3 0000B9 00000000 0
121204 4 3 0000BA 00000000 0
121205 4 3 0000BB 00000001 0
121206 4 3 0000BC 00000000 0
121207 4 3 0000BD 00000000 0
121208 4 3 0000BE 00000000 0
121209 4 3 0000BF 00000000 0
121503 0 2 0002B9 00000000 0
121519 4 3 0002B8 00000000 0
121520 4 3 0002B9 00000000 0
121521 4 3 0002BA 00000000 0
121522 4 3 0002BB 00000000 0
121523 4 3 0002BC 00000000 0
121524 4 3 0002BD 00000000 0
121525 4 3 0002BE 00000000 0
121526 4 3 0002BF 00000000 0
121833 0 1 0000B8 00000000 0
121849 4 3 0000B8 00000000 0
121850 4 3 0000B9 00000000 0
121851 4 3 0000BA 00000000 0
121852 4 3 0000BB 00000001 0
121853 4 3 0000BC 00000000 0
121854 4 3 0000BD 00000000 0
121855 4 3 0000BE 00000000 0
121856 4 3 0000BF 00000000 0
122150 0 2 0002BA 00000000 0
122166 4 3 0002B8 00000000 0
122167 4 3 0002B9 00000000 0
122168 4 3 0002BA 00000000 0
122169 4 3 0002BB 00000000 0
122170 4 3 0002BC 00000000 0
122171 4 3 0002BD 00000000 0
122172 4 3 0002BE 00000000 0
122173 4 3 0002BF 00000000 0
122480 0 1 0000B8 00000000 0
122496 4 3 0000B8 00000000 0
122497 4 3 0000B9 00000000 0
122498 4 3 0000BA 00000000 0
122499 4 3 0000BB 00000001 0
122500 4 3 0000BC 00000000 0
122501 4 3 0000BD 00000000 0
122502 4 3 0000BE 00000000 0
122503 4 3 0000BF 00000000 0
122797 0 2 0002BB 00000000 0
122813 4 3 0002B8 00000000 0
122814 4 3 0002B9 00000000 0
122815 4 3 0002BA 00000000 0
122816 4 3 0002BB 00000000 0
122817 4 3 0002BC 00000000 0
122818 4 3 0002BD 00000000 0
122819 4 3 0002BE 00000000 0
122820 4 3 0002BF 00000000 0
123127 0 1 0000B8 00000000 0
123143 4 3 0000B8 00000000 0
123144 4 3 0000B9 00000000 0
123145 4 3 0000BA 00000000 0
123146 4 3 0000BB 00000001 0
123147 4 3 0000BC 00000000 0
123148 4 3 0000BD 00000000 0
123149 4 3 0000BE 00000000 0
123150 4 3 0000BF 00000000 0
123444 0 2 0002BC 00000000 0
123460 4 3 0002B8 00000000 0
123461 4 3 0002B9 00000000 0
123462 4 3 0002BA 00000000 0
123463 4 3 0002BB 00000001 0
123464 4 3 0002BC 00000000 0
123465 4 3 0002BD 00000000 0
123466 4 3 0002BE 00000000 0
123467 4 3 0002BF 00000000 0
123774 0 1 0000B8 00000000 0
123790 4 3 0000B8 00000000 0
123791 4 3 0000B9 00000000 0
123792 4 3 0000BA 00000000 0
123793 4 3 0000BB 00000001 0
123794 4 3 0000BC 00000000 0
123795 4 3 0000BD 00000000 0
123796 4 3 0000BE 00000000 0
123797 4 3 0000BF 00000000 0
124091 0 2 0002BD 00000000 0
124107 4 3 0002B8 00000000 0
124108 4 3 0002B9 00000000 0
124109 4 3 0002BA 00000000 0
124110 4 3 0002BB 00000001 0
124111 4 3 0002BC 00000000 0
124112 4 3 0002BD 00000000 0
124113 4 3 0002BE 00000000 0
124114 4 3 0002BF 00000000 0
124421 0 1 0000B8 00000000 0
124437 4 3 0000B8 00000000 0
124438 4 3 0000B9 00000000 0
124439 4 3 0000BA 00000000 0
124440 4 3 0000BB 00000001 0
124441 4 3 0000BC 00000000 0
124442 4 3 0000BD 00000000 0
124443 4 3 0000BE 00000000 0
124444 4 3 0000BF 00000000 0
124738 0 2 0002BE 00000000 0
124754 4 3 0002B8 00000000 0
124755 4 3 0002B9 00000000 0
124756 4 3 0002BA 00000000 0
124757 4 3 0002BB 00000001 0
124758 4 3 0002BC 00000000 0
124759 4 3 0002BD 00000000 0
124760 4 3 0002BE 00000000 0
124761 4 3 0002BF 00000000 0
125068 0 1 0000B8 00000000 0
125084 4 3 0000B8 00000000 0
125085 4 3 0000B9 00000000 0
125086 4 3 0000BA 00000000 0
125087 4 3 0000BB 00000001 0
125088 4 3 0000BC 00000000 0
125089 4 3 0000BD 00000000 0
125090 4 3 0000BE 00000000 0
125091 4 3 0000BF 00000000 0
125385 0 2 0002BF 00000000 0
125401 4 3 0002B8 00000000 0
125402 4 3 0002B9 00000000 0
125403 4 3 0002BA 00000000 0
125404 4 3 0002BB 00000001 0
125405 4 3 0002BC 00000000 0
125406 4 3 0002BD 00000000 0
125407 4 3 0002BE 00000000 0
125408 4 3 0002BF 00000000 0
125434 0 1 0000C0 00000000 0
125450 4 3 0000C0 00000000 0
125451 4 3 0000C1 00000000 0
125452 4 3 0000C2 00000000 0
125453 4 3 0000C3 00000000 0
125454 4 3 0000C4 00000000 0
125455 4 3 0000C5 00000000 0
125456 4 3 0000C6 00000000 0
125457 4 3 0000C7 00000000 0
125747 0 1 0000C8 00000000 0
125763 4 3 0000C8 00000000 0
125764 4 3 0000C9 00000000 0
125765 4 3 0000CA 00000000 0
125766 4 3 0000CB 00000000 0
125767 4 3 0000CC 00000001 0
125768 4 3 0000CD 00000000 0
125769 4 3 0000CE 00000000 0
125770 4 3 0000CF 00000000 0
126064 0 2 0002C0 00000000 0
126080 4 3 0002C0 00000000 0
126081 4 3 0002C1 00000000 0
126082 4 3 0002C2 00000000 0
126083 4 3 0002C3 00000000 0
126084 4 3 0002C4 00000000 0
126085 4 3 0002C5 00000000 0
126086 4 3 0002C6 00000000 0
126087 4 3 0002C7 00000000 0
126106 0 1 0000C0 00000000 0
126122 4 3 0000C0 00000000 0
126123 4 3 0000C1 00000000 0
126124 4 3 0000C2 00000000 0
126125 4 3 0000C3 00000000 0
126126 4 3 0000C4 00000000 0
126127 4 3 0000C5 00000000 0
126128 4 3 0000C6 00000000 0
126129 4 3 0000C7 00000000 0
126711 0 2 0002C1 00000000 0
126727 4 3 0002C0 00000000 0
126728 4 3 0002C1 00000000 0
126729 4 3 0002C2 00000000 0
126730 4 3 0002C3 00000000 0
126731 4 3 0002C4 00000000 0
126732 4 3 0002C5 00000000 0
126733 4 3 0002C6 00000000 0
126734 4 3 0002C7 00000000 0
126753 0 1 0000C0 00000000 0
126769 4 3 0000C0 00000000 0
126770 4 3 0000C1 00000000 0
126771 4 3 0000C2 00000000 0
126772 4 3 0000C3 00000000 0
126773 4 3 0000C4 00000000 0
126774 4 3 0000C5 00000000 0
126775 4 3 0000C6 00000000 0
126776 4 3 0000C7 00000000 0
127358 0 2 0002C2 00000000 0
127374 4 3 0002C0 00000000 0
127375 4 3 0002C1 00000000 0
127376 4 3 0002C2 00000000 0
127377 4 3 0002C3 00000000 0
127378 4 3 0002C4 00000000 0
127379 4 3 0002C5 00000000 0
127380 4 3 0002C6 00000000 0
127381 4 3 0002C7 00000000 0
127400 0 1 0000C0 00000000 0
127416 4 3 0000C0 00000000 0
127417 4 3 0000C1 00000000 0
127418 4 3 0000C2 00000000 0
127419 4 3 0000C3 00000000 0
127420 4 3 0000C4 00000000 0
127421 4 3 0000C5 00000000 0
127422 4 3 0000C6 00000000 0
127423 4 3 0000C7 00000000 0
128005 0 2 0002C3 00000000 0
128021 4 3 0002C0 00000000 0
128022 4 3 0002C1 00000000 0
128023 4 3 0002C2 00000000 0
128024 4 3 0002C3 00000000 0
128025 4 3 0002C4 00000000 0
128026 4 3 0002C5 00000000 0
128027 4 3 0002C6 00000000 0
128028 4 3 0002C7 00000000 0
128047 0 1 0000C0 00000000 0
128063 4 3 0000C0 00000000 0
128064 4 3 0000C1 00000000 0
128065 4 3 0000C2 00000000 0
128066 4 3 0000C3 00000000 0
128067 4 3 0000C4 00000000 0
128068 4 3 0000C5 00000000 0
128069 4 3 0000C6 00000000 0
128070 4 3 0000C7 00000000 0
128652 0 2 0002C4 00000000 0
128668 4 3 0002C0 00000000 0
128669 4 3 0002C1 00000000 0
128670 4 3 0002C2 00000000 0
128671 4 3 0002C3 00000000 0
128672 4 3 0002C4 00000000 0
128673 4 3 0002C5 00000000 0
128674 4 3 0002C6 00000000 0
128675 4 3 0002C7 00000000 0
128694 0 1 0000C0 00000000 0
128710 4 3 0000C0 00000000 0
128711 4 3 0000C1 00000000 0
128712 4 3 0000C2 00000000 0
128713 4 3 0000C3 00000000 0
128714 4 3 0000C4 00000000 0
128715 4 3 0000C5 00000000 0
128716 4 3 0000C6 00000000 0
128717 4 3 0000C7 00000000 0
129299 0 2 0002C5 00000000 0
129315 4 3 0002C0 00000000 0
129316 4 3 0002C1 00000000 0
129317 4 3 0002C2 00000000 0
129318 4 3 0002C3 00000000 0
129319 4 3 0002C4 00000000 0
129320 4 3 0002C5 00000000 0
129321 4 3 0002C6 00000000 0
129322 4 3 0002C7 00000000 0
129341 0 1 0000C0 00000000 0
129357 4 3 0000C0 00000000 0
129358 4 3 0000C1 00000000 0
129359 4 3 0000C2 00000000 0
129360 4 3 0000C3 00000000 0
129361 4 3 0000C4 00000000 0
129362 4 3 0000C5 00000000 0
129363 4 3 0000C6 00000000 0
129364 4 3 0000C7 00000000 0
129946 0 2 0002C6 00000000 0
129962 4 3 0002C0 00000000 0
129963 4 3 0002C1 00000000 0
129964 4 3 0002C2 00000000 0
129965 4 3 0002C3 00000000 0
129966 4 3 0002C4 00000000 0
129967 4 3 0002C5 00000000 0
129968 4 3 0002C6 00000000 0
129969 4 3 0002C7 00000000 0
129988 0 1 0000C0 00000000 0
130004 4 3 0000C0 00000000 0
130005 4 3 0000C1 00000000 0
130006 4 3 0000C2 00000000 0
130007 4 3 0000C3 00000000 0
130008 4 3 0000C4 00000000 0
130009 4 3 0000C5 00000000 0
130010 4 3 0000C6 00000000 0
130011 4 3 0000C7 00000000 0
130593 0 2 0002C7 00000000 0
130609 4 3 0002C0 00000000 0
130610 4 3 0002C1 00000000 0
130611 4 3 0002C2 00000000 0
130612 4 3 0002C3 00000000 0
130613 4 3 0002C4 00000000 0
130614 4 3 0002C5 00000000 0
130615 4 3 0002C6 00000000 0
130616 4 3 0002C7 00000000 0
130635 0 1 0000C0 00000000 0
130651 4 3 0000C0 00000000 0
130652 4 3 0000C1 00000000 0
130653 4 3 0000C2 00000000 0
130654 4 3 0000C3 00000000 0
130655 4 3 0000C4 00000000 0
130656 4 3 0000C5 00000000 0
130657 4 3 0000C6 00000000 0
130658 4 3 0000C7 00000000 0
131240 0 2 0002C8 00000000 0
131256 4 3 0002C8 00000000 0
131257 4 3 0002C9 00000000 0
131258 4 3 0002CA 00000000 0
131259 4 3 0002CB 00000000 0
131260 4 3 0002CC 00000000 0
131261 4 3 0002CD 00000000 0
131262 4 3 0002CE 00000000 0
131263 4 3 0002CF 00000000 0
131570 0 1 0000C8 00000000 0
131586 4 3 0000C8 00000000 0
131587 4 3 0000C9 00000000 0
131588 4 3 0000CA 00000000 0
131589 4 3 0000CB 00000000 0
131590 4 3 0000CC 00000001 0
131591 4 3 0000CD 00000000 0
131592 4 3 0000CE 00000000 0
131593 4 3 0000CF 00000000 0
131887 0 2 0002C9 00000000 0
131903 4 3 0002C8 00000000 0
131904 4 3 0002C9 00000000 0
131905 4 3 0002CA 00000000 0
131906 4 3 0002CB 00000000 0
131907 4 3 0002CC 00000000 0
131908 4 3 0002CD 00000000 0
131909 4 3 0002CE 00000000 0
131910 4 3 0002CF 00000000 0
132217 0 1 0000C8 00000000 0
132233 4 3 0000C8 00000000 0
132234 4 3 0000C9 00000000 0
132235 4 3 0000CA 00000000 0
132236 4 3 0000CB 00000000 0
132237 4 3 0000CC 00000001 0
132238 4 3 0000CD 00000000 0
132239 4 3 0000CE 00000000 0
132240 4 3 0000CF 00000000 0
132534 0 2 0002CA 00000000 0
132550 4 3 0002C8 00000000 0
132551 4 3 0002C9 00000000 0
132552 4 3 0002CA 00000000 0
132553 4 3 0002CB 00000000 0
132554 4 3 0002CC 00000000 0
132555 4 3 0002CD 00000000 0
132556 4 3 0002CE 00000000 0
132557 4 3 0002CF 00000000 0
132864 0 1 0000C8 00000000 0
132880 4 3 0000C8 00000000 0
132881 4 3 0000C9 00000000 0
132882 4 3 0000CA 00000000 0
132883 4 3 0000CB 00000000 0
132884 4 3 0000CC 00000001 0
132885 4 3 0000CD 00000000 0
132886 4 3 0000CE 00000000 0
132887 4 3 0000CF 00000000 0
133181 0 2 0002CB 00000000 0
133197 4 3 0002C8 00000000 0
133198 4 3 0002C9 00000000 0
133199 4 3 0002CA 00000000 0
133200 4 3 0002CB 00000000 0
133201 4 3 0002CC 00000000 0
133202 4 3 0002CD 00000000 0
133203 4 3 0002CE 00000000 0
133204 4 3 0002CF 00000000 0
133511 0 1 0000C8 00000000 0
133527 4 3 0000C8 00000000 0
133528 4 3 0000C9 00000000 0
133529 4 3 0000CA 00000000 0
133530 4 3 0000CB 00000000 0
133531 4 3 0000CC 00000001 0
133532 4 3 0000CD 00000000 0
133533 4 3 0000CE 00000000 0
133534 4 3 0000CF 00000000 0
133828 0 2 0002CC 00000000 0
133844 4 3 0002C8 00000000 0
133845 4 3 0002C9 00000000 0
133846 4 3 0002CA 00000000 0
133847 4 3 0002CB 00000000 0
133848 4 3 0002CC 00000000 0
133849 4 3 0002CD 00000000 0
133850 4 3 0002CE 00000000 0
133851 4 3 0002CF 00000000 0
134158 0 1 0000C8 00000000 0
134174 4 3 0000C8 00000000 0
134175 4 3 0000C9 00000000 0
134176 4 3 0000CA 00000000 0
134177 4 3 0000CB 00000000 0
134178 4 3 0000CC 00000001 0
134179 4 3 0000CD 00000000 0
134180 4 3 0000CE 00000000 0
134181 4 3 0000CF 00000000 0
134475 0 2 0002CD 00000000 0
134491 4 3 0002C8 00000000 0
134492 4 3 0002C9 00000000 0
134493 4 3 0002CA 00000000 0
134494 4 3 0002CB 00000000 0
134495 4 3 0002CC 00000001 0
134496 4 3 0002CD 00000000 0
134497 4 3 0002CE 00000000 0
134498 4 3 0002CF 00000000 0
134805 0 1 0000C8 00000000 0
134821 4 3 0000C8 00000000 0
134822 4 3 0000C9 00000000 0
134823 4 3 0000CA 00000000 0
134824 4 3 0000CB 00000000 0
134825 4 3 0000CC 00000001 0
134826 4 3 0000CD 00000000 0
134827 4 3 0000CE 00000000 0
134828 4 3 0000CF 00000000 0
135122 0 2 0002CE 00000000 0
135138 4 3 0002C8 00000000 0
135139 4 3 0002C9 00000000 0
135140 4 3 0002CA 00000000 0
135141 4 3 0002CB 00000000 0
135142 4 3 0002CC 00000001 0
135143 4 3 0002CD 00000000 0
135144 4 3 0002CE 00000000 0
135145 4 3 0002CF 00000000 0
135452 0 1 0000C8 00000000 0
135468 4 3 0000C8 00000000 0
135469 4 3 0000C9 00000000 0
135470 4 3 0000CA 00000000 0
135471 4 3 0000CB 00000000 0
135472 4 3 0000CC 00000001 0
135473 4 3 0000CD 00000000 0
135474 4 3 0000CE 00000000 0
135475 4 3 0000CF 00000000 0
135769 0 2 0002CF 00000000 0
135785 4 3 0002C8 00000000 0
135786 4 3 0002C9 00000000 0
135787 4 3 0002CA 00000000 0
135788 4 3 0002CB 00000000 0
135789 4 3 0002CC 00000001 0
135790 4 3 0002CD 00000000 0
135791 4 3 0002CE 00000000 0
135792 4 3 0002CF 00000000 0
135818 0 1 0000D0 00000000 0
135834 4 3 0000D0 00000000 0
135835 4 3 0000D1 00000000 0
135836 4 3 0000D2 00000000 0
135837 4 3 0000D3 00000000 0
135838 4 3 0000D4 00000000 0
135839 4 3 0000D5 00000000 0
135840 4 3 0000D6 00000000 0
135841 4 3 0000D7 00000000 0
136131 0 1 0000D8 00000000 0
136147 4 3 0000D8 00000000 0
136148 4 3 0000D9 00000000 0
136149 4 3 0000DA 00000000 0
136150 4 3 0000DB 00000000 0
136151 4 3 0000DC 00000000 0
136152 4 3 0000DD 00000001 0
136153 4 3 0000DE 00000000 0
136154 4 3 0000DF 00000000 0
136448 0 2 0002D0 00000000 0
136464 4 3 0002D0 00000000 0
136465 4 3 0002D1 00000000 0
136466 4 3 0002D2 00000000 0
136467 4 3 0002D3 00000000 0
136468 4 3 0002D4 00000000 0
136469 4 3 0002D5 00000000 0
136470 4 3 0002D6 00000000 0
136471 4 3 0002D7 00000000 0
136490 0 1 0000D0 00000000 0
136506 4 3 0000D0 00000000 0
136507 4 3 0000D1 00000000 0
136508 4 3 0000D2 00000000 0
136509 4 3 0000D3 00000000 0
136510 4 3 0000D4 00000000 0
136511 4 3 0000D5 00000000 0
136512 4 3 0000D6 00000000 0
136513 4 3 0000D7 00000000 0
137095 0 2 0002D1 00000000 0
137111 4 3 0002D0 00000000 0
137112 4 3 0002D1 00000000 0
137113 4 3 0002D2 00000000 0
137114 4 3 0002D3 00000000 0
137115 4 3 0002D4 00000000 0
137116 4 3 0002D5 00000000 0
137117 4 3 0002D6 00000000 0
137118 4 3 0002D7 00000000 0
137137 0 1 0000D0 00000000 0
137153 4 3 0000D0 00000000 0
137154 4 3 0000D1 00000000 0
137155 4 3 0000D2 00000000 0
137156 4 3 0000D3 00000000 0
137157 4 3 0000D4 00000000 0
137158 4 3 0000D5 00000000 0
137159 4 3 0000D6 00000000 0
137160 4 3 0000D7 00000000 0
137742 0 2 0002D2 00000000 0
137758 4 3 0002D0 00000000 0
137759 4 3 0002D1 00000000 0
137760 4 3 0002D2 00000000 0
137761 4 3 0002D3 00000000 0
137762 4 3 0002D4 00000000 0
137763 4 3 0002D5 00000000 0
137764 4 3 0002D6 00000000 0
137765 4 3 0002D7 00000000 0
137784 0 1 0000D0 00000000 0
137800 4 3 0000D0 00000000 0
137801 4 3 0000D1 00000000 0
137802 4 3 0000D2 00000000 0
137803 4 3 0000D3 00000000 0
137804 4 3 0000D4 00000000 0
137805 4 3 0000D5 00000000 0
137806 4 3 0000D6 00000000 0
137807 4 3 0000D7 00000000 0
138389 0 2 0002D3 00000000 0
138405 4 3 0002D0 00000000 0
138406 4 3 0002D1 00000000 0
138407 4 3 0002D2 00000000 0
138408 4 3 0002D3 00000000 0
138409 4 3 0002D4 00000000 0
138410 4 3 0002D5 00000000 0
138411 4 3 0002D6 00000000 0
138412 4 3 0002D7 00000000 0
138431 0 1 0000D0 00000000 0
138447 4 3 0000D0 00000000 0
138448 4 3 0000D1 00000000 0
138449 4 3 0000D2 00000000 0
138450 4 3 0000D3 00000000 0
138451 4 3 0000D4 00000000 0
138452 4 3 0000D5 00000000 0
138453 4 3 0000D6 00000000 0
138454 4 3 0000D7 00000000 0
139036 0 2 0002D4 00000000 0
139052 4 3 0002D0 00000000 0
139053 4 3 0002D1 00000000 0
139054 4 3 0002D2 00000000 0
139055 4 3 0002D3 00000000 0
139056 4 3 0002D4 00000000 0
139057 4 3 0002D5 00000000 0
139058 4 3 0002D6 00000000 0
139059 4 3 0002D7 00000000 0
139078 0 1 0000D0 00000000 0
139094 4 3 0000D0 00000000 0
139095 4 3 0000D1 00000000 0
139096 4 3 0000D2 00000000 0
139097 4 3 0000D3 00000000 0
139098 4 3 0000D4 00000000 0
139099 4 3 0000D5 00000000 0
139100 4 3 0000D6 00000000 0
139101 4 3 0000D7 00000000 0
139683 0 2 0002D5 00000000 0
139699 4 3 0002D0 00000000 0
139700 4 3 0002D1 00000000 0
139701 4 3 0002D2 00000000 0
139702 4 3 0002D3 00000000 0
139703 4 3 0002D4 00000000 0
139704 4 3 0002D5 00000000 0
139705 4 3 0002D6 00000000 0
139706 4 3 0002D7 00000000 0
139725 0 1 0000D0 00000000 0
139741 4 3 0000D0 00000000 0
139742 4 3 0000D1 00000000 0
139743 4 3 0000D2 00000000 0
139744 4 3 0000D3 00000000 0
139745 4 3 0000D4 00000000 0
139746 4 3 0000D5 00000000 0
139747 4 3 0000D6 00000000 0
139748 4 3 0000D7 00000000 0
140330 0 2 0002D6 00000000 0
140346 4 3 0002D0 00000000 0
140347 4 3 0002D1 00000000 0
140348 4 3 0002D2 00000000 0
140349 4 3 0002D3 00000000 0
140350 4 3 0002D4 00000000 0
140351 4 3 0002D5 00000000 0
140352 4 3 0002D6 00000000 0
140353 4 3 0002D7 00000000 0
140372 0 1 0000D0 00000000 0
140388 4 3 0000D0 00000000 0
140389 4 3 0000D1 00000000 0
140390 4 3 0000D2 00000000 0
140391 4 3 0000D3 00000000 0
140392 4 3 0000D4 00000000 0
140393 4 3 0000D5 00000000 0
140394 4 3 0000D6 00000000 0
140395 4 3 0000D7 00000000 0
140977 0 2 0002D7 00000000 0
140993 4 3 0002D0 00000000 0
140994 4 3 0002D1 00000000 0
140995 4 3 0002D2 00000000 0
140996 4 3 0002D3 00000000 0
140997 4 3 0002D4 00000000 0
140998 4 3 0002D5 00000000 0
140999 4 3 0002D6 00000000 0
141000 4 3 0002D7 00000000 0
141019 0 1 0000D0 00000000 0
141035 4 3 0000D0 00000000 0
141036 4 3 0000D1 00000000 0
141037 4 3 0000D2 00000000 0
141038 4 3 0000D3 00000000 0
141039 4 3 0000D4 00000000 0
141040 4 3 0000D5 00000000 0
141041 4 3 0000D6 00000000 0
141042 4 3 0000D7 00000000 0
141624 0 2 0002D8 00000000 0
141640 4 3 0002D8 00000000 0
141641 4 3 0002D9 00000000 0
141642 4 3 0002DA 00000000 0
141643 4 3 0002DB 00000000 0
141644 4 3 0002DC 00000000 0
141645 4 3 0002DD 00000000 0
141646 4 3 0002DE 00000000 0
141647 4 3 0002DF 00000000 0
141954 0 1 0000D8 00000000 0
141970 4 3 0000D8 00000000 0
141971 4 3 0000D9 00000000 0
141972 4 3 0000DA 00000000 0
141973 4 3 0000DB 00000000 0
141974 4 3 0000DC 00000000 0
141975 4 3 0000DD 00000001 0
141976 4 3 0000DE 00000000 0
141977 4 3 0000DF 00000000 0
142271 0 2 0002D9 00000000 0
142287 4 3 0002D8 00000000 0
142288 4 3 0002D9 00000000 0
142289 4 3 0002DA 00000000 0
142290 4 3 0002DB 00000000 0
142291 4 3 0002DC 00000000 0
142292 4 3 0002DD 00000000 0
142293 4 3 0002DE 00000000 0
142294 4 3 0002DF 00000000 0
142601 0 1 0000D8 00000000 0
142617 4 3 0000D8 00000000 0
142618 4 3 0000D9 00000000 0
142619 4 3 0000DA 00000000 0
142620 4 3 0000DB 00000000 0
142621 4 3 0000DC 00000000 0
142622 4 3 0000DD 00000001 0
142623 4 3 0000DE 00000000 0
142624 4 3 0000DF 00000000 0
142918 0 2 0002DA 00000000 0
142934 4 3 0002D8 00000000 0
142935 4 3 0002D9 00000000 0
142936 4 3 0002DA 00000000 0
142937 4 3 0002DB 00000000 0
142938 4 3 0002DC 00000000 0
142939 4 3 0002DD 00000000 0
142940 4 3 0002DE 00000000 0
142941 4 3 0002DF 00000000 0
143248 0 1 0000D8 00000000 0
143264 4 3 0000D8 00000000 0
143265 4 3 0000D9 00000000 0
143266 4 3 0000DA 00000000 0
143267 4 3 0000DB 00000000 0
143268 4 3 0000DC 00000000 0
143269 4 3 0000DD 00000001 0
143270 4 3 0000DE 00000000 0
143271 4 3 0000DF 00000000 0
143565 0 2 0002DB 00000000 0
143581 4 3 0002D8 00000000 0
143582 4 3 0002D9 00000000 0
143583 4 3 0002DA 00000000 0
143584 4 3 0002DB 00000000 0
143585 4 3 0002DC 00000000 0
143586 4 3 0002DD 00000000 0
143587 4 3 0002DE 00000000 0
143588 4 3 0002DF 00000000 0
143895 0 1 0000D8 00000000 0
143911 4 3 0000D8 00000000 0
143912 4 3 0000D9 00000000 0
143913 4 3 0000DA 00000000 0
143914 4 3 0000DB 00000000 0
143915 4 3 0000DC 00000000 0
143916 4 3 0000DD 00000001 0
143917 4 3 0000DE 00000000 0
143918 4 3 0000DF 00000000 0
144212 0 2 0002DC 00000000 0
144228 4 3 0002D8 00000000 0
144229 4 3 0002D9 00000000 0
144230 4 3 0002DA 00000000 0
144231 4 3 0002DB 00000000 0
144232 4 3 0002DC 00000000 0
144233 4 3 0002DD 00000000 0
144234 4 3 0002DE 00000000 0
144235 4 3 0002DF 00000000 0
144542 0 1 0000D8 00000000 0
144558 4 3 0000D8 00000000 0
144559 4 3 0000D9 00000000 0
144560 4 3 0000DA 00000000 0
144561 4 3 0000DB 00000000 0
144562 4 3 0000DC 00000000 0
144563 4 3 0000DD 00000001 0
144564 4 3 0000DE 00000000 0
144565 4 3 0000DF 00000000 0
144859 0 2 0002DD 00000000 0
144875 4 3 0002D8 00000000 0
144876 4 3 0002D9 00000000 0
144877 4 3 0002DA 00000000 0
144878 4 3 0002DB 00000000 0
144879 4 3 0002DC 00000000 0
144880 4 3 0002DD 00000000 0
144881 4 3 0002DE 00000000 0
144882 4 3 0002DF 00000000 0
145189 0 1 0000D8 00000000 0
145205 4 3 0000D8 00000000 0
145206 4 3 0000D9 00000000 0
145207 4 3 0000DA 00000000 0
145208 4 3 0000DB 00000000 0
145209 4 3 0000DC 00000000 0
145210 4 3 0000DD 00000001 0
145211 4 3 0000DE 00000000 0
145212 4 3 0000DF 00000000 0
145506 0 2 0002DE 00000000 0
145522 4 3 0002D8 00000000 0
145523 4 3 0002D9 00000000 0
145524 4 3 0002DA 00000000 0
145525 4 3 0002DB 00000000 0
145526 4 3 0002DC 00000000 0
145527 4 3 0002DD 00000001 0
145528 4 3 0002DE 00000000 0
145529 4 3 0002DF 00000000 0
145836 0 1 0000D8 00000000 0
145852 4 3 0000D8 00000000 0
145853 4 3 0000D9 00000000 0
145854 4 3 0000DA 00000000 0
145855 4 3 0000DB 00000000 0
145856 4 3 0000DC 00000000 0
145857 4 3 0000DD 00000001 0
145858 4 3 0000DE 00000000 0
145859 4 3 0000DF 00000000 0
146153 0 2 0002DF 00000000 0
146169 4 3 0002D8 00000000 0
146170 4 3 0002D9 00000000 0
146171 4 3 0002DA 00000000 0
146172 4 3 0002DB 00000000 0
146173 4 3 0002DC 00000000 0
146174 4 3 0002DD 00000001 0
146175 4 3 0002DE 00000000 0
146176 4 3 0002DF 00000000 0
146202 0 1 0000E0 00000000 0
146218 4 3 0000E0 00000000 0
146219 4 3 0000E1 00000000 0
146220 4 3 0000E2 00000000 0
146221 4 3 0000E3 00000000 0
146222 4 3 0000E4 00000000 0
146223 4 3 0000E5 00000000 0
146224 4 3 0000E6 00000000 0
146225 4 3 0000E7 00000000 0
146515 0 1 0000E8 00000000 0
146531 4 3 0000E8 00000000 0
146532 4 3 0000E9 00000000 0
146533 4 3 0000EA 00000000 0
146534 4 3 0000EB 00000000 0
146535 4 3 0000EC 00000000 0
146536 4 3 0000ED 00000000 0
146537 4 3 0000EE 00000001 0
146538 4 3 0000EF 00000000 0
146832 0 2 0002E0 00000000 0
146848 4 3 0002E0 00000000 0
146849 4 3 0002E1 00000000 0
146850 4 3 0002E2 00000000 0
146851 4 3 0002E3 00000000 0
146852 4 3 0002E4 00000000 0
146853 4 3 0002E5 00000000 0
146854 4 3 0002E6 00000000 0
146855 4 3 0002E7 00000000 0
146874 0 1 0000E0 00000000 0
146890 4 3 0000E0 00000000 0
146891 4 3 0000E1 00000000 0
146892 4 3 0000E2 00000000 0
146893 4 3 0000E3 00000000 0
146894 4 3 0000E4 00000000 0
146895 4 3 0000E5 00000000 0
146896 4 3 0000E6 00000000 0
146897 4 3 0000E7 00000000 0
147479 0 2 0002E1 00000000 0
147495 4 3 0002E0 00000000 0
147496 4 3 0002E1 00000000 0
147497 4 3 0002E2 00000000 0
147498 4 3 0002E3 00000000 0
147499 4 3 0002E4 00000000 0
147500 4 3 0002E5 00000000 0
147501 4 3 0002E6 00000000 0
147502 4 3 0002E7 00000000 0
147521 0 1 0000E0 00000000 0
147537 4 3 0000E0 00000000 0
147538 4 3 0000E1 00000000 0
147539 4 3 0000E2 00000000 0
147540 4 3 0000E3 00000000 0
147541 4 3 0000E4 00000000 0
147542 4 3 0000E5 00000000 0
147543 4 3 0000E6 00000000 0
147544 4 3 0000E7 00000000 0
148126 0 2 0002E2 00000000 0
148142 4 3 0002E0 00000000 0
148143 4 3 0002E1 00000000 0
148144 4 3 0002E2 00000000 0
148145 4 3 0002E3 00000000 0
148146 4 3 0002E4 00000000 0
148147 4 3 0002E5 00000000 0
148148 4 3 0002E6 00000000 0
148149 4 3 0002E7 00000000 0
148168 0 1 0000E0 00000000 0
148184 4 3 0000E0 00000000 0
148185 4 3 0000E1 00000000 0
148186 4 3 0000E2 00000000 0
148187 4 3 0000E3 00000000 0
148188 4 3 0000E4 00000000 0
148189 4 3 0000E5 00000000 0
148190 4 3 0000E6 00000000 0
148191 4 3 0000E7 00000000 0
148773 0 2 0002E3 00000000 0
148789 4 3 0002E0 00000000 0
148790 4 3 0002E1 00000000 0
148791 4 3 0002E2 00000000 0
148792 4 3 0002E3 00000000 0
148793 4 3 0002E4 00000000 0
148794 4 3 0002E5 00000000 0
148795 4 3 0002E6 00000000 0
148796 4 3 0002E7 00000000 0
148815 0 1 0000E0 00000000 0
148831 4 3 0000E0 00000000 0
148832 4 3 0000E1 00000000 0
148833 4 3 0000E2 00000000 0
148834 4 3 0000E3 00000000 0
148835 4 3 0000E4 00000000 0
148836 4 3 0000E5 00000000 0
148837 4 3 0000E6 00000000 0
148838 4 3 0000E7 00000000 0
149420 0 2 0002E4 00000000 0
149436 4 3 0002E0 00000000 0
149437 4 3 0002E1 00000000 0
149438 4 3 0002E2 00000000 0
149439 4 3 0002E3 00000000 0
149440 4 3 0002E4 00000000 0
149441 4 3 0002E5 00000000 0
149442 4 3 0002E6 00000000 0
149443 4 3 0002E7 00000000 0
149462 0 1 0000E0 00000000 0
149478 4 3 0000E0 00000000 0
149479 4 3 0000E1 00000000 0
149480 4 3 0000E2 00000000 0
149481 4 3 0000E3 00000000 0
149482 4 3 0000E4 00000000 0
149483 4 3 0000E5 00000000 0
149484 4 3 0000E6 00000000 0
149485 4 3 0000E7 00000000 0
150067 0 2 0002E5 00000000 0
150083 4 3 0002E0 00000000 0
150084 4 3 0002E1 00000000 0
150085 4 3 0002E2 00000000 0
150086 4 3 0002E3 00000000 0
150087 4 3 0002E4 00000000 0
150088 4 3 0002E5 00000000 0
150089 4 3 0002E6 00000000 0
150090 4 3 0002E7 00000000 0
150109 0 1 0000E0 00000000 0
150125 4 3 0000E0 00000000 0
150126 4 3 0000E1 00000000 0
150127 4 3 0000E2 00000000 0
150128 4 3 0000E3 00000000 0
150129 4 3 0000E4 00000000 0
150130 4 3 0000E5 00000000 0
150131 4 3 0000E6 00000000 0
150132 4 3 0000E7 00000000 0
150714 0 2 0002E6 00000000 0
150730 4 3 0002E0 00000000 0
150731 4 3 0002E1 00000000 0
150732 4 3 0002E2 00000000 0
150733 4 3 0002E3 00000000 0
150734 4 3 0002E4 00000000 0
150735 4 3 0002E5 00000000 0
150736 4 3 0002E6 00000000 0
150737 4 3 0002E7 00000000 0
150756 0 1 0000E0 00000000 0
150772 4 3 0000E0 00000000 0
150773 4 3 0000E1 00000000 0
150774 4 3 0000E2 00000000 0
150775 4 3 0000E3 00000000 0
150776 4 3 0000E4 00000000 0
150777 4 3 0000E5 00000000 0
150778 4 3 0000E6 00000000 0
150779 4 3 0000E7 00000000 0
151361 0 2 0002E7 00000000 0
151377 4 3 0002E0 00000000 0
151378 4 3 0002E1 00000000 0
151379 4 3 0002E2 00000000 0
151380 4 3 0002E3 00000000 0
151381 4 3 0002E4 00000000 0
151382 4 3 0002E5 00000000 0
151383 4 3 0002E6 00000000 0
151384 4 3 0002E7 00000000 0
151403 0 1 0000E0 00000000 0
151419 4 3 0000E0 00000000 0
151420 4 3 0000E1 00000000 0
151421 4 3 0000E2 00000000 0
151422 4 3 0000E3 00000000 0
151423 4 3 0000E4 00000000 0
151424 4 3 0000E5 00000000 0
151425 4 3 0000E6 00000000 0
151426 4 3 0000E7 00000000 0
152008 0 2 0002E8 00000000 0
152024 4 3 0002E8 00000000 0
152025 4 3 0002E9 00000000 0
152026 4 3 0002EA 00000000 0
152027 4 3 0002EB 00000000 0
152028 4 3 0002EC 00000000 0
152029 4 3 0002ED 00000000 0
152030 4 3 0002EE 00000000 0
152031 4 3 0002EF 00000000 0
152338 0 1 0000E8 00000000 0
152354 4 3 0000E8 00000000 0
152355 4 3 0000E9 00000000 0
152356 4 3 0000EA 00000000 0
152357 4 3 0000EB 00000000 0
152358 4 3 0000EC 00000000 0
152359 4 3 0000ED 00000000 0
152360 4 3 0000EE 00000001 0
152361 4 3 0000EF 00000000 0
152655 0 2 0002E9 00000000 0
152671 4 3 0002E8 00000000 0
152672 4 3 0002E9 00000000 0
152673 4 3 0002EA 00000000 0
152674 4 3 0002EB 00000000 0
152675 4 3 0002EC 00000000 0
152676 4 3 0002ED 00000000 0
152677 4 3 0002EE 00000000 0
152678 4 3 0002EF 00000000 0
152985 0 1 0000E8 00000000 0
153001 4 3 0000E8 00000000 0
153002 4 3 0000E9 00000000 0
153003 4 3 0000EA 00000000 0
153004 4 3 0000EB 00000000 0
153005 4 3 0000EC 00000000 0
153006 4 3 0000ED 00000000 0
153007 4 3 0000EE 00000001 0
153008 4 3 0000EF 00000000 0
153302 0 2 0002EA 00000000 0
153318 4 3 0002E8 00000000 0
153319 4 3 0002E9 00000000 0
153320 4 3 0002EA 00000000 0
153321 4 3 0002EB 00000000 0
153322 4 3 0002EC 00000000 0
153323 4 3 0002ED 00000000 0
153324 4 3 0002EE 00000000 0
153325 4 3 0002EF 00000000 0
153632 0 1 0000E8 00000000 0
153648 4 3 0000E8 00000000 0
153649 4 3 0000E9 00000000 0
153650 4 3 0000EA 00000000 0
153651 4 3 0000EB 00000000 0
153652 4 3 0000EC 00000000 0
153653 4 3 0000ED 00000000 0
153654 4 3 0000EE 00000001 0
153655 4 3 0000EF 00000000 0
153949 0 2 0002EB 00000000 0
153965 4 3 0002E8 00000000 0
153966 4 3 0002E9 00000000 0
153967 4 3 0002EA 00000000 0
153968 4 3 0002EB 00000000 0
153969 4 3 0002EC 00000000 0
153970 4 3 0002ED 00000000 0
153971 4 3 0002EE 00000000 0
153972 4 3 0002EF 00000000 0
154279 0 1 0000E8 00000000 0
154295 4 3 0000E8 00000000 0
154296 4 3 0000E9 00000000 0
154297 4 3 0000EA 00000000 0
154298 4 3 0000EB 00000000 0
154299 4 3 0000EC 00000000 0
154300 4 3 0000ED 00000000 0
154301 4 3 0000EE 00000001 0
154302 4 3 0000EF 00000000 0
154596 0 2 0002EC 00000000 0
154612 4 3 0002E8 00000000 0
154613 4 3 0002E9 00000000 0
154614 4 3 0002EA 00000000 0
154615 4 3 0002EB 00000000 0
154616 4 3 0002EC 00000000 0
154617 4 3 0002ED 00000000 0
154618 4 3 0002EE 00000000 0
154619 4 3 0002EF 00000000 0
154926 0 1 0000E8 00000000 0
154942 4 3 0000E8 00000000 0
154943 4 3 0000E9 00000000 0
154944 4 3 0000EA 00000000 0
154945 4 3 0000EB 00000000 0
154946 4 3 0000EC 00000000 0
154947 4 3 0000ED 00000000 0
154948 4 3 0000EE 00000001 0
154949 4 3 0000EF 00000000 0
155243 0 2 0002ED 00000000 0
155259 4 3 0002E8 00000000 0
155260 4 3 0002E9 00000000 0
155261 4 3 0002EA 00000000 0
155262 4 3 0002EB 00000000 0
155263 4 3 0002EC 00000000 0
155264 4 3 0002ED 00000000 0
155265 4 3 0002EE 00000000 0
155266 4 3 0002EF 00000000 0
155573 0 1 0000E8 00000000 0
155589 4 3 0000E8 00000000 0
155590 4 3 0000E9 00000000 0
155591 4 3 0000EA 00000000 0
155592 4 3 0000EB 00000000 0
155593 4 3 0000EC 00000000 0
155594 4 3 0000ED 00000000 0
155595 4 3 0000EE 00000001 0
155596 4 3 0000EF 00000000 0
155890 0 2 0002EE 00000000 0
155906 4 3 0002E8 00000000 0
155907 4 3 0002E9 00000000 0
155908 4 3 0002EA 00000000 0
155909 4 3 0002EB 00000000 0
155910 4 3 0002EC 00000000 0
155911 4 3 0002ED 00000000 0
155912 4 3 0002EE 00000000 0
155913 4 3 0002EF 00000000 0
156220 0 1 0000E8 00000000 0
156236 4 3 0000E8 00000000 0
156237 4 3 0000E9 00000000 0
156238 4 3 0000EA 00000000 0
156239 4 3 0000EB 00000000 0
156240 4 3 0000EC 00000000 0
156241 4 3 0000ED 00000000 0
156242 4 3 0000EE 00000001 0
156243 4 3 0000EF 00000000 0
156537 0 2 0002EF 00000000 0
156553 4 3 0002E8 00000000 0
156554 4 3 0002E9 00000000 0
156555 4 3 0002EA 00000000 0
156556 4 3 0002EB 00000000 0
156557 4 3 0002EC 00000000 0
156558 4 3 0002ED 00000000 0
156559 4 3 0002EE 00000001 0
156560 4 3 0002EF 00000000 0
156586 0 1 0000F0 00000000 0
156602 4 3 0000F0 00000000 0
156603 4 3 0000F1 00000000 0
156604 4 3 0000F2 00000000 0
156605 4 3 0000F3 00000000 0
156606 4 3 0000F4 00000000 0
156607 4 3 0000F5 00000000 0
156608 4 3 0000F6 00000000 0
156609 4 3 0000F7 00000000 0
156899 0 1 0000F8 00000000 0
156915 4 3 0000F8 00000000 0
156916 4 3 0000F9 00000000 0
156917 4 3 0000FA 00000000 0
156918 4 3 0000FB 00000000 0
156919 4 3 0000FC 00000000 0
156920 4 3 0000FD 00000000 0
156921 4 3 0000FE 00000000 0
156922 4 3 0000FF 00000001 0
157216 0 2 0002F0 00000000 0
157232 4 3 0002F0 00000000 0
157233 4 3 0002F1 00000000 0
157234 4 3 0002F2 00000000 0
157235 4 3 0002F3 00000000 0
157236 4 3 0002F4 00000000 0
157237 4 3 0002F5 00000000 0
157238 4 3 0002F6 00000000 0
157239 4 3 0002F7 00000000 0
157258 0 1 0000F0 00000000 0
157274 4 3 0000F0 00000000 0
157275 4 3 0000F1 00000000 0
157276 4 3 0000F2 00000000 0
157277 4 3 0000F3 00000000 0
157278 4 3 0000F4 00000000 0
157279 4 3 0000F5 00000000 0
157280 4 3 0000F6 00000000 0
157281 4 3 0000F7 00000000 0
157863 0 2 0002F1 00000000 0
157879 4 3 0002F0 00000000 0
157880 4 3 0002F1 00000000 0
157881 4 3 0002F2 00000000 0
157882 4 3 0002F3 00000000 0
157883 4 3 0002F4 00000000 0
157884 4 3 0002F5 00000000 0
157885 4 3 0002F6 00000000 0
157886 4 3 0002F7 00000000 0
157905 0 1 0000F0 00000000 0
157921 4 3 0000F0 00000000 0
157922 4 3 0000F1 00000000 0
157923 4 3 0000F2 00000000 0
157924 4 3 0000F3 00000000 0
157925 4 3 0000F4 00000000 0
157926 4 3 0000F5 00000000 0
157927 4 3 0000F6 00000000 0
157928 4 3 0000F7 00000000 0
158510 0 2 0002F2 00000000 0
158526 4 3 0002F0 00000000 0
158527 4 3 0002F1 00000000 0
158528 4 3 0002F2 00000000 0
158529 4 3 0002F3 00000000 0
158530 4 3 0002F4 00000000 0
158531 4 3 0002F5 00000000 0
158532 4 3 0002F6 00000000 0
158533 4 3 0002F7 00000000 0
158552 0 1 0000F0 00000000 0
158568 4 3 0000F0 00000000 0
158569 4 3 0000F1 00000000 0
158570 4 3 0000F2 00000000 0
158571 4 3 0000F3 00000000 0
158572 4 3 0000F4 00000000 0
158573 4 3 0000F5 00000000 0
158574 4 3 0000F6 00000000 0
158575 4 3 0000F7 00000000 0
159157 0 2 0002F3 00000000 0
159173 4 3 0002F0 00000000 0
159174 4 3 0002F1 00000000 0
159175 4 3 0002F2 00000000 0
159176 4 3 0002F3 00000000 0
159177 4 3 0002F4 00000000 0
159178 4 3 0002F5 00000000 0
159179 4 3 0002F6 00000000 0
159180 4 3 0002F7 00000000 0
159199 0 1 0000F0 00000000 0
159215 4 3 0000F0 00000000 0
159216 4 3 0000F1 00000000 0
159217 4 3 0000F2 00000000 0
159218 4 3 0000F3 00000000 0
159219 4 3 0000F4 00000000 0
159220 4 3 0000F5 00000000 0
159221 4 3 0000F6 00000000 0
159222 4 3 0000F7 00000000 0
159804 0 2 0002F4 00000000 0
159820 4 3 0002F0 00000000 0
159821 4 3 0002F1 00000000 0
159822 4 3 0002F2 00000000 0
159823 4 3 0002F3 00000000 0
159824 4 3 0002F4 00000000 0
159825 4 3 0002F5 00000000 0
159826 4 3 0002F6 00000000 0
159827 4 3 0002F7 00000000 0
159846 0 1 0000F0 00000000 0
159862 4 3 0000F0 00000000 0
159863 4 3 0000F1 00000000 0
159864 4 3 0000F2 00000000 0
159865 4 3 0000F3 00000000 0
159866 4 3 0000F4 00000000 0
159867 4 3 0000F5 00000000 0
159868 4 3 0000F6 00000000 0
159869 4 3 0000F7 00000000 0
160451 0 2 0002F5 00000000 0
160467 4 3 0002F0 00000000 0
160468 4 3 0002F1 00000000 0
160469 4 3 0002F2 00000000 0
160470 4 3 0002F3 00000000 0
160471 4 3 0002F4 00000000 0
160472 4 3 0002F5 00000000 0
160473 4 3 0002F6 00000000 0
160474 4 3 0002F7 00000000 0
160493 0 1 0000F0 00000000 0
160509 4 3 0000F0 00000000 0
160510 4 3 0000F1 00000000 0
160511 4 3 0000F2 00000000 0
160512 4 3 0000F3 00000000 0
160513 4 3 0000F4 00000000 0
160514 4 3 0000F5 00000000 0
160515 4 3 0000F6 00000000 0
160516 4 3 0000F7 00000000 0
161098 0 2 0002F6 00000000 0
161114 4 3 0002F0 00000000 0
161115 4 3 0002F1 00000000 0
161116 4 3 0002F2 00000000 0
161117 4 3 0002F3 00000000 0
161118 4 3 0002F4 00000000 0
161119 4 3 0002F5 00000000 0
161120 4 3 0002F6 00000000 0
161121 4 3 0002F7 00000000 0
161140 0 1 0000F0 00000000 0
161156 4 3 0000F0 00000000 0
161157 4 3 0000F1 00000000 0
161158 4 3 0000F2 00000000 0
161159 4 3 0000F3 00000000 0
161160 4 3 0000F4 00000000 0
161161 4 3 0000F5 00000000 0
161162 4 3 0000F6 00000000 0
161163 4 3 0000F7 00000000 0
161745 0 2 0002F7 00000000 0
161761 4 3 0002F0 00000000 0
161762 4 3 0002F1 00000000 0
161763 4 3 0002F2 00000000 0
161764 4 3 0002F3 00000000 0
161765 4 3 0002F4 00000000 0
161766 4 3 0002F5 00000000 0
161767 4 3 0002F6 00000000 0
161768 4 3 0002F7 00000000 0
161787 0 1 0000F0 00000000 0
161803 4 3 0000F0 00000000 0
161804 4 3 0000F1 00000000 0
161805 4 3 0000F2 00000000 0
161806 4 3 0000F3 00000000 0
161807 4 3 0000F4 00000000 0
161808 4 3 0000F5 00000000 0
161809 4 3 0000F6 00000000 0
161810 4 3 0000F7 00000000 0
162392 0 2 0002F8 00000000 0
162408 4 3 0002F8 00000000 0
162409 4 3 0002F9 00000000 0
162410 4 3 0002FA 00000000 0
162411 4 3 0002FB 00000000 0
162412 4 3 0002FC 00000000 0
162413 4 3 0002FD 00000000 0
162414 4 3 0002FE 00000000 0
162415 4 3 0002FF 00000000 0
162722 0 1 0000F8 00000000 0
162738 4 3 0000F8 00000000 0
162739 4 3 0000F9 00000000 0
162740 4 3 0000FA 00000000 0
162741 4 3 0000FB 00000000 0
162742 4 3 0000FC 00000000 0
162743 4 3 0000FD 00000000 0
162744 4 3 0000FE 00000000 0
162745 4 3 0000FF 00000001 0
163039 0 2 0002F9 00000000 0
163055 4 3 0002F8 00000000 0
163056 4 3 0002F9 00000000 0
163057 4 3 0002FA 00000000 0
163058 4 3 0002FB 00000000 0
163059 4 3 0002FC 00000000 0
163060 4 3 0002FD 00000000 0
163061 4 3 0002FE 00000000 0
163062 4 3 0002FF 00000000 0
163369 0 1 0000F8 00000000 0
163385 4 3 0000F8 00000000 0
163386 4 3 0000F9 00000000 0
163387 4 3 0000FA 00000000 0
163388 4 3 0000FB 00000000 0
163389 4 3 0000FC 00000000 0
163390 4 3 0000FD 00000000 0
163391 4 3 0000FE 00000000 0
163392 4 3 0000FF 00000001 0
163686 0 2 0002FA 00000000 0
163702 4 3 0002F8 00000000 0
163703 4 3 0002F9 00000000 0
163704 4 3 0002FA 00000000 0
163705 4 3 0002FB 00000000 0
163706 4 3 0002FC 00000000 0
163707 4 3 0002FD 00000000 0
163708 4 3 0002FE 00000000 0
163709 4 3 0002FF 00000000 0
164016 0 1 0000F8 00000000 0
164032 4 3 0000F8 00000000 0
164033 4 3 0000F9 00000000 0
164034 4 3 0000FA 00000000 0
164035 4 3 0000FB 00000000 0
164036 4 3 0000FC 00000000 0
164037 4 3 0000FD 00000000 0
164038 4 3 0000FE 00000000 0
164039 4 3 0000FF 00000001 0
164333 0 2 0002FB 00000000 0
164349 4 3 0002F8 00000000 0
164350 4 3 0002F9 00000000 0
164351 4 3 0002FA 00000000 0
164352 4 3 0002FB 00000000 0
164353 4 3 0002FC 00000000 0
164354 4 3 0002FD 00000000 0
164355 4 3 0002FE 00000000 0
164356 4 3 0002FF 00000000 0
164663 0 1 0000F8 00000000 0
164679 4 3 0000F8 00000000 0
164680 4 3 0000F9 00000000 0
164681 4 3 0000FA 00000000 0
164682 4 3 0000FB 00000000 0
164683 4 3 0000FC 00000000 0
164684 4 3 0000FD 00000000 0
164685 4 3 0000FE 00000000 0
164686 4 3 0000FF 00000001 0
164980 0 2 0002FC 00000000 0
164996 4 3 0002F8 00000000 0
164997 4 3 0002F9 00000000 0
164998 4 3 0002FA 00000000 0
164999 4 3 0002FB 00000000 0
165000 4 3 0002FC 00000000 0
165001 4 3 0002FD 00000000 0
165002 4 3 0002FE 00000000 0
165003 4 3 0002FF 00000000 0
165310 0 1 0000F8 00000000 0
165326 4 3 0000F8 00000000 0
165327 4 3 0000F9 00000000 0
165328 4 3 0000FA 00000000 0
165329 4 3 0000FB 00000000 0
165330 4 3 0000FC 00000000 0
165331 4 3 0000FD 00000000 0
165332 4 3 0000FE 00000000 0
165333 4 3 0000FF 00000001 0
165627 0 2 0002FD 00000000 0
165643 4 3 0002F8 00000000 0
165644 4 3 0002F9 00000000 0
165645 4 3 0002FA 00000000 0
165646 4 3 0002FB 00000000 0
165647 4 3 0002FC 00000000 0
165648 4 3 0002FD 00000000 0
165649 4 3 0002FE 00000000 0
165650 4 3 0002FF 00000000 0
165957 0 1 0000F8 00000000 0
165973 4 3 0000F8 00000000 0
165974 4 3 0000F9 00000000 0
165975 4 3 0000FA 00000000 0
165976 4 3 0000FB 00000000 0
165977 4 3 0000FC 00000000 0
165978 4 3 0000FD 00000000 0
165979 4 3 0000FE 00000000 0
165980 4 3 0000FF 00000001 0
166274 0 2 0002FE 00000000 0
166290 4 3 0002F8 00000000 0
166291 4 3 0002F9 00000000 0
166292 4 3 0002FA 00000000 0
166293 4 3 0002FB 00000000 0
166294 4 3 0002FC 00000000 0
166295 4 3 0002FD 00000000 0
166296 4 3 0002FE 00000000 0
166297 4 3 0002FF 00000000 0
166604 0 1 0000F8 00000000 0
166620 4 3 0000F8 00000000 0
166621 4 3 0000F9 00000000 0
166622 4 3 0000FA 00000000 0
166623 4 3 0000FB 00000000 0
166624 4 3 0000FC 00000000 0
166625 4 3 0000FD 00000000 0
166626 4 3 0000FE 00000000 0
166627 4 3 0000FF 00000001 0
166921 0 2 0002FF 00000000 0
166937 4 3 0002F8 00000000 0
166938 4 3 0002F9 00000000 0
166939 4 3 0002FA 00000000 0
166940 4 3 0002FB 00000000 0
166941 4 3 0002FC 00000000 0
166942 4 3 0002FD 00000000 0
166943 4 3 0002FE 00000000 0
166944 4 3 0002FF 00000000 0
166963 0 1 0004F8 00000000 0
166979 4 3 0004F8 00000000 0
166980 4 3 0004F9 00000000 0
166981 4 3 0004FA 00000000 0
166982 4 3 0004FB 00000000 0
166983 4 3 0004FC 00000000 0
166984 4 3 0004FD 00000000 0
166985 4 3 0004FE 00000000 0
166986 4 3 0004FF 00000000 0
