27 0 1 000000 00000000 0
43 4 3 000000 00000001 0
44 4 3 000001 00000000 0
45 4 3 000002 00000000 0
46 4 3 000003 00000000 0
47 4 3 000004 00000000 0
48 4 3 000005 00000000 0
49 4 3 000006 00000000 0
50 4 3 000007 00000000 0
51 1 1 000040 00000000 0
67 4 3 000040 00000000 0
68 4 3 000041 00000000 0
69 4 3 000042 00000000 0
70 4 3 000043 00000000 0
71 4 3 000044 00000001 0
72 4 3 000045 00000000 0
73 4 3 000046 00000000 0
74 4 3 000047 00000000 0
75 2 1 000080 00000000 0
91 4 3 000080 00000000 0
92 4 3 000081 00000000 0
93 4 3 000082 00000000 0
94 4 3 000083 00000000 0
95 4 3 000084 00000000 0
96 4 3 000085 00000000 0
97 4 3 000086 00000000 0
98 4 3 000087 00000000 0
99 3 1 0000C0 00000000 0
115 4 3 0000C0 00000000 0
116 4 3 0000C1 00000000 0
117 4 3 0000C2 00000000 0
118 4 3 0000C3 00000000 0
119 4 3 0000C4 00000000 0
120 4 3 0000C5 00000000 0
121 4 3 0000C6 00000000 0
122 4 3 0000C7 00000000 0
123 0 1 000100 00000000 0
139 4 3 000100 00000001 0
140 4 3 000101 00000000 0
141 4 3 000102 00000000 0
142 4 3 000103 00000000 0
143 4 3 000104 00000000 0
144 4 3 000105 00000000 0
145 4 3 000106 00000000 0
146 4 3 000107 00000000 0
147 1 1 000100 00000000 0
163 4 3 000100 00000001 1
164 4 3 000101 00000000 1
165 4 3 000102 00000000 1
166 4 3 000103 00000000 1
167 4 3 000104 00000000 1
168 4 3 000105 00000000 1
169 4 3 000106 00000000 1
170 4 3 000107 00000000 1
171 2 1 000100 00000000 0
187 4 3 000100 00000001 1
188 4 3 000101 00000000 1
189 4 3 000102 00000000 1
190 4 3 000103 00000000 1
191 4 3 000104 00000000 1
192 4 3 000105 00000000 1
193 4 3 000106 00000000 1
194 4 3 000107 00000000 1
195 3 1 000100 00000000 0
211 4 3 000100 00000001 1
212 4 3 000101 00000000 1
213 4 3 000102 00000000 1
214 4 3 000103 00000000 1
215 4 3 000104 00000000 1
216 4 3 000105 00000000 1
217 4 3 000106 00000000 1
218 4 3 000107 00000000 1
219 0 1 000110 00000000 0
235 4 3 000110 00000000 0
236 4 3 000111 00000001 0
237 4 3 000112 00000000 0
238 4 3 000113 00000000 0
239 4 3 000114 00000000 0
240 4 3 000115 00000000 0
241 4 3 000116 00000000 0
242 4 3 000117 00000000 0
243 1 1 000110 00000000 0
259 4 3 000110 00000000 1
260 4 3 000111 00000001 1
261 4 3 000112 00000000 1
262 4 3 000113 00000000 1
263 4 3 000114 00000000 1
264 4 3 000115 00000000 1
265 4 3 000116 00000000 1
266 4 3 000117 00000000 1
267 2 1 000110 00000000 0
283 4 3 000110 00000000 1
284 4 3 000111 00000001 1
285 4 3 000112 00000000 1
286 4 3 000113 00000000 1
287 4 3 000114 00000000 1
288 4 3 000115 00000000 1
289 4 3 000116 00000000 1
290 4 3 000117 00000000 1
291 3 1 000110 00000000 0
307 4 3 000110 00000000 1
308 4 3 000111 00000001 1
309 4 3 000112 00000000 1
310 4 3 000113 00000000 1
311 4 3 000114 00000000 1
312 4 3 000115 00000000 1
313 4 3 000116 00000000 1
314 4 3 000117 00000000 1
315 0 1 000120 00000000 0
331 4 3 000120 00000000 0
332 4 3 000121 00000000 0
333 4 3 000122 00000001 0
334 4 3 000123 00000000 0
335 4 3 000124 00000000 0
336 4 3 000125 00000000 0
337 4 3 000126 00000000 0
338 4 3 000127 00000000 0
339 1 1 000120 00000000 0
355 4 3 000120 00000000 1
356 4 3 000121 00000000 1
357 4 3 000122 00000001 1
358 4 3 000123 00000000 1
359 4 3 000124 00000000 1
360 4 3 000125 00000000 1
361 4 3 000126 00000000 1
362 4 3 000127 00000000 1
363 2 1 000120 00000000 0
379 4 3 000120 00000000 1
380 4 3 000121 00000000 1
381 4 3 000122 00000001 1
382 4 3 000123 00000000 1
383 4 3 000124 00000000 1
384 4 3 000125 00000000 1
385 4 3 000126 00000000 1
386 4 3 000127 00000000 1
387 3 1 000120 00000000 0
403 4 3 000120 00000000 1
404 4 3 000121 00000000 1
405 4 3 000122 00000001 1
406 4 3 000123 00000000 1
407 4 3 000124 00000000 1
408 4 3 000125 00000000 1
409 4 3 000126 00000000 1
410 4 3 000127 00000000 1
411 0 1 000130 00000000 0
427 4 3 000130 00000000 0
428 4 3 000131 00000000 0
429 4 3 000132 00000000 0
430 4 3 000133 00000001 0
431 4 3 000134 00000000 0
432 4 3 000135 00000000 0
433 4 3 000136 00000000 0
434 4 3 000137 00000000 0
435 1 1 000130 00000000 0
451 4 3 000130 00000000 1
452 4 3 000131 00000000 1
453 4 3 000132 00000000 1
454 4 3 000133 00000001 1
455 4 3 000134 00000000 1
456 4 3 000135 00000000 1
457 4 3 000136 00000000 1
458 4 3 000137 00000000 1
459 2 1 000130 00000000 0
475 4 3 000130 00000000 1
476 4 3 000131 00000000 1
477 4 3 000132 00000000 1
478 4 3 000133 00000001 1
479 4 3 000134 00000000 1
480 4 3 000135 00000000 1
481 4 3 000136 00000000 1
482 4 3 000137 00000000 1
483 3 1 000130 00000000 0
499 4 3 000130 00000000 1
500 4 3 000131 00000000 1
501 4 3 000132 00000000 1
502 4 3 000133 00000001 1
503 4 3 000134 00000000 1
504 4 3 000135 00000000 1
505 4 3 000136 00000000 1
506 4 3 000137 00000000 1
507 0 1 000140 00000000 0
523 4 3 000140 00000000 0
524 4 3 000141 00000000 0
525 4 3 000142 00000000 0
526 4 3 000143 00000000 0
527 4 3 000144 00000001 0
528 4 3 000145 00000000 0
529 4 3 000146 00000000 0
530 4 3 000147 00000000 0
531 1 1 000140 00000000 0
547 4 3 000140 00000000 1
548 4 3 000141 00000000 1
549 4 3 000142 00000000 1
550 4 3 000143 00000000 1
551 4 3 000144 00000001 1
552 4 3 000145 00000000 1
553 4 3 000146 00000000 1
554 4 3 000147 00000000 1
555 2 1 000140 00000000 0
571 4 3 000140 00000000 1
572 4 3 000141 00000000 1
573 4 3 000142 00000000 1
574 4 3 000143 00000000 1
575 4 3 000144 00000001 1
576 4 3 000145 00000000 1
577 4 3 000146 00000000 1
578 4 3 000147 00000000 1
579 3 1 000140 00000000 0
595 4 3 000140 00000000 1
596 4 3 000141 00000000 1
597 4 3 000142 00000000 1
598 4 3 000143 00000000 1
599 4 3 000144 00000001 1
600 4 3 000145 00000000 1
601 4 3 000146 00000000 1
602 4 3 000147 00000000 1
603 0 1 000150 00000000 0
619 4 3 000150 00000000 0
620 4 3 000151 00000000 0
621 4 3 000152 00000000 0
622 4 3 000153 00000000 0
623 4 3 000154 00000000 0
624 4 3 000155 00000001 0
625 4 3 000156 00000000 0
626 4 3 000157 00000000 0
627 1 1 000150 00000000 0
643 4 3 000150 00000000 1
644 4 3 000151 00000000 1
645 4 3 000152 00000000 1
646 4 3 000153 00000000 1
647 4 3 000154 00000000 1
648 4 3 000155 00000001 1
649 4 3 000156 00000000 1
650 4 3 000157 00000000 1
651 2 1 000150 00000000 0
667 4 3 000150 00000000 1
668 4 3 000151 00000000 1
669 4 3 000152 00000000 1
670 4 3 000153 00000000 1
671 4 3 000154 00000000 1
672 4 3 000155 00000001 1
673 4 3 000156 00000000 1
674 4 3 000157 00000000 1
675 3 1 000150 00000000 0
691 4 3 000150 00000000 1
692 4 3 000151 00000000 1
693 4 3 000152 00000000 1
694 4 3 000153 00000000 1
695 4 3 000154 00000000 1
696 4 3 000155 00000001 1
697 4 3 000156 00000000 1
698 4 3 000157 00000000 1
699 0 1 000160 00000000 0
715 4 3 000160 00000000 0
716 4 3 000161 00000000 0
717 4 3 000162 00000000 0
718 4 3 000163 00000000 0
719 4 3 000164 00000000 0
720 4 3 000165 00000000 0
721 4 3 000166 00000001 0
722 4 3 000167 00000000 0
723 1 1 000160 00000000 0
739 4 3 000160 00000000 1
740 4 3 000161 00000000 1
741 4 3 000162 00000000 1
742 4 3 000163 00000000 1
743 4 3 000164 00000000 1
744 4 3 000165 00000000 1
745 4 3 000166 00000001 1
746 4 3 000167 00000000 1
747 2 1 000160 00000000 0
763 4 3 000160 00000000 1
764 4 3 000161 00000000 1
765 4 3 000162 00000000 1
766 4 3 000163 00000000 1
767 4 3 000164 00000000 1
768 4 3 000165 00000000 1
769 4 3 000166 00000001 1
770 4 3 000167 00000000 1
771 3 1 000160 00000000 0
787 4 3 000160 00000000 1
788 4 3 000161 00000000 1
789 4 3 000162 00000000 1
790 4 3 000163 00000000 1
791 4 3 000164 00000000 1
792 4 3 000165 00000000 1
793 4 3 000166 00000001 1
794 4 3 000167 00000000 1
795 0 1 000170 00000000 0
811 4 3 000170 00000000 0
812 4 3 000171 00000000 0
813 4 3 000172 00000000 0
814 4 3 000173 00000000 0
815 4 3 000174 00000000 0
816 4 3 000175 00000000 0
817 4 3 000176 00000000 0
818 4 3 000177 00000001 0
819 1 1 000170 00000000 0
835 4 3 000170 00000000 1
836 4 3 000171 00000000 1
837 4 3 000172 00000000 1
838 4 3 000173 00000000 1
839 4 3 000174 00000000 1
840 4 3 000175 00000000 1
841 4 3 000176 00000000 1
842 4 3 000177 00000001 1
843 2 1 000170 00000000 0
859 4 3 000170 00000000 1
860 4 3 000171 00000000 1
861 4 3 000172 00000000 1
862 4 3 000173 00000000 1
863 4 3 000174 00000000 1
864 4 3 000175 00000000 1
865 4 3 000176 00000000 1
866 4 3 000177 00000001 1
867 3 1 000170 00000000 0
883 4 3 000170 00000000 1
884 4 3 000171 00000000 1
885 4 3 000172 00000000 1
886 4 3 000173 00000000 1
887 4 3 000174 00000000 1
888 4 3 000175 00000000 1
889 4 3 000176 00000000 1
890 4 3 000177 00000001 1
891 0 1 000008 00000000 0
907 4 3 000008 00000000 0
908 4 3 000009 00000000 0
909 4 3 00000A 00000000 0
910 4 3 00000B 00000000 0
911 4 3 00000C 00000000 0
912 4 3 00000D 00000000 0
913 4 3 00000E 00000000 0
914 4 3 00000F 00000000 0
915 1 1 000048 00000000 0
931 4 3 000048 00000000 0
932 4 3 000049 00000000 0
933 4 3 00004A 00000000 0
934 4 3 00004B 00000000 0
935 4 3 00004C 00000000 0
936 4 3 00004D 00000000 0
937 4 3 00004E 00000000 0
938 4 3 00004F 00000000 0
939 2 1 000088 00000000 0
955 4 3 000088 00000001 0
956 4 3 000089 00000000 0
957 4 3 00008A 00000000 0
958 4 3 00008B 00000000 0
959 4 3 00008C 00000000 0
960 4 3 00008D 00000000 0
961 4 3 00008E 00000000 0
962 4 3 00008F 00000000 0
963 3 1 0000C8 00000000 0
979 4 3 0000C8 00000000 0
980 4 3 0000C9 00000000 0
981 4 3 0000CA 00000000 0
982 4 3 0000CB 00000000 0
983 4 3 0000CC 00000001 0
984 4 3 0000CD 00000000 0
985 4 3 0000CE 00000000 0
986 4 3 0000CF 00000000 0
987 0 1 000180 00000000 0
1003 4 3 000180 00000000 0
1004 4 3 000181 00000000 0
1005 4 3 000182 00000000 0
1006 4 3 000183 00000000 0
1007 4 3 000184 00000000 0
1008 4 3 000185 00000000 0
1009 4 3 000186 00000000 0
1010 4 3 000187 00000000 0
1011 1 1 000180 00000000 0
1027 4 3 000180 00000000 1
1028 4 3 000181 00000000 1
1029 4 3 000182 00000000 1
1030 4 3 000183 00000000 1
1031 4 3 000184 00000000 1
1032 4 3 000185 00000000 1
1033 4 3 000186 00000000 1
1034 4 3 000187 00000000 1
1035 2 1 000180 00000000 0
1051 4 3 000180 00000000 1
1052 4 3 000181 00000000 1
1053 4 3 000182 00000000 1
1054 4 3 000183 00000000 1
1055 4 3 000184 00000000 1
1056 4 3 000185 00000000 1
1057 4 3 000186 00000000 1
1058 4 3 000187 00000000 1
1059 3 1 000180 00000000 0
1075 4 3 000180 00000000 1
1076 4 3 000181 00000000 1
1077 4 3 000182 00000000 1
1078 4 3 000183 00000000 1
1079 4 3 000184 00000000 1
1080 4 3 000185 00000000 1
1081 4 3 000186 00000000 1
1082 4 3 000187 00000000 1
1083 0 1 000190 00000000 0
1099 4 3 000190 00000000 0
1100 4 3 000191 00000000 0
1101 4 3 000192 00000000 0
1102 4 3 000193 00000000 0
1103 4 3 000194 00000000 0
1104 4 3 000195 00000000 0
1105 4 3 000196 00000000 0
1106 4 3 000197 00000000 0
1107 1 1 000190 00000000 0
1123 4 3 000190 00000000 1
1124 4 3 000191 00000000 1
1125 4 3 000192 00000000 1
1126 4 3 000193 00000000 1
1127 4 3 000194 00000000 1
1128 4 3 000195 00000000 1
1129 4 3 000196 00000000 1
1130 4 3 000197 00000000 1
1131 2 1 000190 00000000 0
1147 4 3 000190 00000000 1
1148 4 3 000191 00000000 1
1149 4 3 000192 00000000 1
1150 4 3 000193 00000000 1
1151 4 3 000194 00000000 1
1152 4 3 000195 00000000 1
1153 4 3 000196 00000000 1
1154 4 3 000197 00000000 1
1155 3 1 000190 00000000 0
1171 4 3 000190 00000000 1
1172 4 3 000191 00000000 1
1173 4 3 000192 00000000 1
1174 4 3 000193 00000000 1
1175 4 3 000194 00000000 1
1176 4 3 000195 00000000 1
1177 4 3 000196 00000000 1
1178 4 3 000197 00000000 1
1179 0 1 0001A0 00000000 0
1195 4 3 0001A0 00000000 0
1196 4 3 0001A1 00000000 0
1197 4 3 0001A2 00000000 0
1198 4 3 0001A3 00000000 0
1199 4 3 0001A4 00000000 0
1200 4 3 0001A5 00000000 0
1201 4 3 0001A6 00000000 0
1202 4 3 0001A7 00000000 0
1203 1 1 0001A0 00000000 0
1219 4 3 0001A0 00000000 1
1220 4 3 0001A1 00000000 1
1221 4 3 0001A2 00000000 1
1222 4 3 0001A3 00000000 1
1223 4 3 0001A4 00000000 1
1224 4 3 0001A5 00000000 1
1225 4 3 0001A6 00000000 1
1226 4 3 0001A7 00000000 1
1227 2 1 0001A0 00000000 0
1243 4 3 0001A0 00000000 1
1244 4 3 0001A1 00000000 1
1245 4 3 0001A2 00000000 1
1246 4 3 0001A3 00000000 1
1247 4 3 0001A4 00000000 1
1248 4 3 0001A5 00000000 1
1249 4 3 0001A6 00000000 1
1250 4 3 0001A7 00000000 1
1251 3 1 0001A0 00000000 0
1267 4 3 0001A0 00000000 1
1268 4 3 0001A1 00000000 1
1269 4 3 0001A2 00000000 1
1270 4 3 0001A3 00000000 1
1271 4 3 0001A4 00000000 1
1272 4 3 0001A5 00000000 1
1273 4 3 0001A6 00000000 1
1274 4 3 0001A7 00000000 1
1275 0 1 0001B0 00000000 0
1291 4 3 0001B0 00000000 0
1292 4 3 0001B1 00000000 0
1293 4 3 0001B2 00000000 0
1294 4 3 0001B3 00000000 0
1295 4 3 0001B4 00000000 0
1296 4 3 0001B5 00000000 0
1297 4 3 0001B6 00000000 0
1298 4 3 0001B7 00000000 0
1299 1 1 0001B0 00000000 0
1315 4 3 0001B0 00000000 1
1316 4 3 0001B1 00000000 1
1317 4 3 0001B2 00000000 1
1318 4 3 0001B3 00000000 1
1319 4 3 0001B4 00000000 1
1320 4 3 0001B5 00000000 1
1321 4 3 0001B6 00000000 1
1322 4 3 0001B7 00000000 1
1323 2 1 0001B0 00000000 0
1339 4 3 0001B0 00000000 1
1340 4 3 0001B1 00000000 1
1341 4 3 0001B2 00000000 1
1342 4 3 0001B3 00000000 1
1343 4 3 0001B4 00000000 1
1344 4 3 0001B5 00000000 1
1345 4 3 0001B6 00000000 1
1346 4 3 0001B7 00000000 1
1347 3 1 0001B0 00000000 0
1363 4 3 0001B0 00000000 1
1364 4 3 0001B1 00000000 1
1365 4 3 0001B2 00000000 1
1366 4 3 0001B3 00000000 1
1367 4 3 0001B4 00000000 1
1368 4 3 0001B5 00000000 1
1369 4 3 0001B6 00000000 1
1370 4 3 0001B7 00000000 1
1371 0 1 0001C0 00000000 0
1387 4 3 0001C0 00000000 0
1388 4 3 0001C1 00000000 0
1389 4 3 0001C2 00000000 0
1390 4 3 0001C3 00000000 0
1391 4 3 0001C4 00000000 0
1392 4 3 0001C5 00000000 0
1393 4 3 0001C6 00000000 0
1394 4 3 0001C7 00000000 0
1395 1 1 0001C0 00000000 0
1411 4 3 0001C0 00000000 1
1412 4 3 0001C1 00000000 1
1413 4 3 0001C2 00000000 1
1414 4 3 0001C3 00000000 1
1415 4 3 0001C4 00000000 1
1416 4 3 0001C5 00000000 1
1417 4 3 0001C6 00000000 1
1418 4 3 0001C7 00000000 1
1419 2 1 0001C0 00000000 0
1435 4 3 0001C0 00000000 1
1436 4 3 0001C1 00000000 1
1437 4 3 0001C2 00000000 1
1438 4 3 0001C3 00000000 1
1439 4 3 0001C4 00000000 1
1440 4 3 0001C5 00000000 1
1441 4 3 0001C6 00000000 1
1442 4 3 0001C7 00000000 1
1443 3 1 0001C0 00000000 0
1459 4 3 0001C0 00000000 1
1460 4 3 0001C1 00000000 1
1461 4 3 0001C2 00000000 1
1462 4 3 0001C3 00000000 1
1463 4 3 0001C4 00000000 1
1464 4 3 0001C5 00000000 1
1465 4 3 0001C6 00000000 1
1466 4 3 0001C7 00000000 1
1467 0 1 0001D0 00000000 0
1483 4 3 0001D0 00000000 0
1484 4 3 0001D1 00000000 0
1485 4 3 0001D2 00000000 0
1486 4 3 0001D3 00000000 0
1487 4 3 0001D4 00000000 0
1488 4 3 0001D5 00000000 0
1489 4 3 0001D6 00000000 0
1490 4 3 0001D7 00000000 0
1491 1 1 0001D0 00000000 0
1507 4 3 0001D0 00000000 1
1508 4 3 0001D1 00000000 1
1509 4 3 0001D2 00000000 1
1510 4 3 0001D3 00000000 1
1511 4 3 0001D4 00000000 1
1512 4 3 0001D5 00000000 1
1513 4 3 0001D6 00000000 1
1514 4 3 0001D7 00000000 1
1515 2 1 0001D0 00000000 0
1531 4 3 0001D0 00000000 1
1532 4 3 0001D1 00000000 1
1533 4 3 0001D2 00000000 1
1534 4 3 0001D3 00000000 1
1535 4 3 0001D4 00000000 1
1536 4 3 0001D5 00000000 1
1537 4 3 0001D6 00000000 1
1538 4 3 0001D7 00000000 1
1539 3 1 0001D0 00000000 0
1555 4 3 0001D0 00000000 1
1556 4 3 0001D1 00000000 1
1557 4 3 0001D2 00000000 1
1558 4 3 0001D3 00000000 1
1559 4 3 0001D4 00000000 1
1560 4 3 0001D5 00000000 1
1561 4 3 0001D6 00000000 1
1562 4 3 0001D7 00000000 1
1563 0 1 0001E0 00000000 0
1579 4 3 0001E0 00000000 0
1580 4 3 0001E1 00000000 0
1581 4 3 0001E2 00000000 0
1582 4 3 0001E3 00000000 0
1583 4 3 0001E4 00000000 0
1584 4 3 0001E5 00000000 0
1585 4 3 0001E6 00000000 0
1586 4 3 0001E7 00000000 0
1587 1 1 0001E0 00000000 0
1603 4 3 0001E0 00000000 1
1604 4 3 0001E1 00000000 1
1605 4 3 0001E2 00000000 1
1606 4 3 0001E3 00000000 1
1607 4 3 0001E4 00000000 1
1608 4 3 0001E5 00000000 1
1609 4 3 0001E6 00000000 1
1610 4 3 0001E7 00000000 1
1611 2 1 0001E0 00000000 0
1627 4 3 0001E0 00000000 1
1628 4 3 0001E1 00000000 1
1629 4 3 0001E2 00000000 1
1630 4 3 0001E3 00000000 1
1631 4 3 0001E4 00000000 1
1632 4 3 0001E5 00000000 1
1633 4 3 0001E6 00000000 1
1634 4 3 0001E7 00000000 1
1635 3 1 0001E0 00000000 0
1651 4 3 0001E0 00000000 1
1652 4 3 0001E1 00000000 1
1653 4 3 0001E2 00000000 1
1654 4 3 0001E3 00000000 1
1655 4 3 0001E4 00000000 1
1656 4 3 0001E5 00000000 1
1657 4 3 0001E6 00000000 1
1658 4 3 0001E7 00000000 1
1659 0 1 0001F0 00000000 0
1675 4 3 0001F0 00000000 0
1676 4 3 0001F1 00000000 0
1677 4 3 0001F2 00000000 0
1678 4 3 0001F3 00000000 0
1679 4 3 0001F4 00000000 0
1680 4 3 0001F5 00000000 0
1681 4 3 0001F6 00000000 0
1682 4 3 0001F7 00000000 0
1683 1 1 0001F0 00000000 0
1699 4 3 0001F0 00000000 1
1700 4 3 0001F1 00000000 1
1701 4 3 0001F2 00000000 1
1702 4 3 0001F3 00000000 1
1703 4 3 0001F4 00000000 1
1704 4 3 0001F5 00000000 1
1705 4 3 0001F6 00000000 1
1706 4 3 0001F7 00000000 1
1707 2 1 0001F0 00000000 0
1723 4 3 0001F0 00000000 1
1724 4 3 0001F1 00000000 1
1725 4 3 0001F2 00000000 1
1726 4 3 0001F3 00000000 1
1727 4 3 0001F4 00000000 1
1728 4 3 0001F5 00000000 1
1729 4 3 0001F6 00000000 1
1730 4 3 0001F7 00000000 1
1731 3 1 0001F0 00000000 0
1747 4 3 0001F0 00000000 1
1748 4 3 0001F1 00000000 1
1749 4 3 0001F2 00000000 1
1750 4 3 0001F3 00000000 1
1751 4 3 0001F4 00000000 1
1752 4 3 0001F5 00000000 1
1753 4 3 0001F6 00000000 1
1754 4 3 0001F7 00000000 1
1755 0 2 000200 00000000 0
1771 4 3 000200 00000000 0
1772 4 3 000201 00000000 0
1773 4 3 000202 00000000 0
1774 4 3 000203 00000000 0
1775 4 3 000204 00000000 0
1776 4 3 000205 00000000 0
1777 4 3 000206 00000000 0
1778 4 3 000207 00000000 0
1780 1 2 000240 00000000 0
1796 4 3 000240 00000000 0
1797 4 3 000241 00000000 0
1798 4 3 000242 00000000 0
1799 4 3 000243 00000000 0
1800 4 3 000244 00000000 0
1801 4 3 000245 00000000 0
1802 4 3 000246 00000000 0
1803 4 3 000247 00000000 0
1805 2 2 000280 00000000 0
1821 4 3 000280 00000000 0
1822 4 3 000281 00000000 0
1823 4 3 000282 00000000 0
1824 4 3 000283 00000000 0
1825 4 3 000284 00000000 0
1826 4 3 000285 00000000 0
1827 4 3 000286 00000000 0
1828 4 3 000287 00000000 0
1830 3 2 0002C0 00000000 0
1846 4 3 0002C0 00000000 0
1847 4 3 0002C1 00000000 0
1848 4 3 0002C2 00000000 0
1849 4 3 0002C3 00000000 0
1850 4 3 0002C4 00000000 0
1851 4 3 0002C5 00000000 0
1852 4 3 0002C6 00000000 0
1853 4 3 0002C7 00000000 0
1855 0 1 000000 00000000 0
1871 4 3 000000 00000001 0
1872 4 3 000001 00000000 0
1873 4 3 000002 00000000 0
1874 4 3 000003 00000000 0
1875 4 3 000004 00000000 0
1876 4 3 000005 00000000 0
1877 4 3 000006 00000000 0
1878 4 3 000007 00000000 0
1879 1 1 000040 00000000 0
1895 4 3 000040 00000000 0
1896 4 3 000041 00000000 0
1897 4 3 000042 00000000 0
1898 4 3 000043 00000000 0
1899 4 3 000044 00000001 0
1900 4 3 000045 00000000 0
1901 4 3 000046 00000000 0
1902 4 3 000047 00000000 0
1903 2 1 000080 00000000 0
1919 4 3 000080 00000000 0
1920 4 3 000081 00000000 0
1921 4 3 000082 00000000 0
1922 4 3 000083 00000000 0
1923 4 3 000084 00000000 0
1924 4 3 000085 00000000 0
1925 4 3 000086 00000000 0
1926 4 3 000087 00000000 0
1927 3 1 0000C0 00000000 0
1943 4 3 0000C0 00000000 0
1944 4 3 0000C1 00000000 0
1945 4 3 0000C2 00000000 0
1946 4 3 0000C3 00000000 0
1947 4 3 0000C4 00000000 0
1948 4 3 0000C5 00000000 0
1949 4 3 0000C6 00000000 0
1950 4 3 0000C7 00000000 0
2460 0 2 000201 00000000 0
2476 4 3 000200 00000001 0
2477 4 3 000201 00000000 0
2478 4 3 000202 00000000 0
2479 4 3 000203 00000000 0
2480 4 3 000204 00000000 0
2481 4 3 000205 00000000 0
2482 4 3 000206 00000000 0
2483 4 3 000207 00000000 0
2485 1 2 000241 00000000 0
2501 4 3 000240 00000000 0
2502 4 3 000241 00000000 0
2503 4 3 000242 00000000 0
2504 4 3 000243 00000000 0
2505 4 3 000244 00000000 0
2506 4 3 000245 00000000 0
2507 4 3 000246 00000000 0
2508 4 3 000247 00000000 0
2510 2 2 000281 00000000 0
2526 4 3 000280 00000000 0
2527 4 3 000281 00000000 0
2528 4 3 000282 00000000 0
2529 4 3 000283 00000000 0
2530 4 3 000284 00000000 0
2531 4 3 000285 00000000 0
2532 4 3 000286 00000000 0
2533 4 3 000287 00000000 0
2535 3 2 0002C1 00000000 0
2551 4 3 0002C0 00000000 0
2552 4 3 0002C1 00000000 0
2553 4 3 0002C2 00000000 0
2554 4 3 0002C3 00000000 0
2555 4 3 0002C4 00000000 0
2556 4 3 0002C5 00000000 0
2557 4 3 0002C6 00000000 0
2558 4 3 0002C7 00000000 0
2560 0 1 000000 00000000 0
2576 4 3 000000 00000001 0
2577 4 3 000001 00000000 0
2578 4 3 000002 00000000 0
2579 4 3 000003 00000000 0
2580 4 3 000004 00000000 0
2581 4 3 000005 00000000 0
2582 4 3 000006 00000000 0
2583 4 3 000007 00000000 0
2584 1 1 000040 00000000 0
2600 4 3 000040 00000000 0
2601 4 3 000041 00000000 0
2602 4 3 000042 00000000 0
2603 4 3 000043 00000000 0
2604 4 3 000044 00000001 0
2605 4 3 000045 00000000 0
2606 4 3 000046 00000000 0
2607 4 3 000047 00000000 0
2608 2 1 000080 00000000 0
2624 4 3 000080 00000000 0
2625 4 3 000081 00000000 0
2626 4 3 000082 00000000 0
2627 4 3 000083 00000000 0
2628 4 3 000084 00000000 0
2629 4 3 000085 00000000 0
2630 4 3 000086 00000000 0
2631 4 3 000087 00000000 0
2632 3 1 0000C0 00000000 0
2648 4 3 0000C0 00000000 0
2649 4 3 0000C1 00000000 0
2650 4 3 0000C2 00000000 0
2651 4 3 0000C3 00000000 0
2652 4 3 0000C4 00000000 0
2653 4 3 0000C5 00000000 0
2654 4 3 0000C6 00000000 0
2655 4 3 0000C7 00000000 0
3165 0 2 000202 00000000 0
3181 4 3 000200 00000001 0
3182 4 3 000201 00000000 0
3183 4 3 000202 00000000 0
3184 4 3 000203 00000000 0
3185 4 3 000204 00000000 0
3186 4 3 000205 00000000 0
3187 4 3 000206 00000000 0
3188 4 3 000207 00000000 0
3190 1 2 000242 00000000 0
3206 4 3 000240 00000000 0
3207 4 3 000241 00000000 0
3208 4 3 000242 00000000 0
3209 4 3 000243 00000000 0
3210 4 3 000244 00000000 0
3211 4 3 000245 00000000 0
3212 4 3 000246 00000000 0
3213 4 3 000247 00000000 0
3215 2 2 000282 00000000 0
3231 4 3 000280 00000000 0
3232 4 3 000281 00000000 0
3233 4 3 000282 00000000 0
3234 4 3 000283 00000000 0
3235 4 3 000284 00000000 0
3236 4 3 000285 00000000 0
3237 4 3 000286 00000000 0
3238 4 3 000287 00000000 0
3240 3 2 0002C2 00000000 0
3256 4 3 0002C0 00000000 0
3257 4 3 0002C1 00000000 0
3258 4 3 0002C2 00000000 0
3259 4 3 0002C3 00000000 0
3260 4 3 0002C4 00000000 0
3261 4 3 0002C5 00000000 0
3262 4 3 0002C6 00000000 0
3263 4 3 0002C7 00000000 0
3265 0 1 000000 00000000 0
3281 4 3 000000 00000001 0
3282 4 3 000001 00000000 0
3283 4 3 000002 00000000 0
3284 4 3 000003 00000000 0
3285 4 3 000004 00000000 0
3286 4 3 000005 00000000 0
3287 4 3 000006 00000000 0
3288 4 3 000007 00000000 0
3289 1 1 000040 00000000 0
3305 4 3 000040 00000000 0
3306 4 3 000041 00000000 0
3307 4 3 000042 00000000 0
3308 4 3 000043 00000000 0
3309 4 3 000044 00000001 0
3310 4 3 000045 00000000 0
3311 4 3 000046 00000000 0
3312 4 3 000047 00000000 0
3313 2 1 000080 00000000 0
3329 4 3 000080 00000000 0
3330 4 3 000081 00000000 0
3331 4 3 000082 00000000 0
3332 4 3 000083 00000000 0
3333 4 3 000084 00000000 0
3334 4 3 000085 00000000 0
3335 4 3 000086 00000000 0
3336 4 3 000087 00000000 0
3337 3 1 0000C0 00000000 0
3353 4 3 0000C0 00000000 0
3354 4 3 0000C1 00000000 0
3355 4 3 0000C2 00000000 0
3356 4 3 0000C3 00000000 0
3357 4 3 0000C4 00000000 0
3358 4 3 0000C5 00000000 0
3359 4 3 0000C6 00000000 0
3360 4 3 0000C7 00000000 0
3870 0 2 000203 00000000 0
3886 4 3 000200 00000001 0
3887 4 3 000201 00000000 0
3888 4 3 000202 00000000 0
3889 4 3 000203 00000000 0
3890 4 3 000204 00000000 0
3891 4 3 000205 00000000 0
3892 4 3 000206 00000000 0
3893 4 3 000207 00000000 0
3895 1 2 000243 00000000 0
3911 4 3 000240 00000000 0
3912 4 3 000241 00000000 0
3913 4 3 000242 00000000 0
3914 4 3 000243 00000000 0
3915 4 3 000244 00000000 0
3916 4 3 000245 00000000 0
3917 4 3 000246 00000000 0
3918 4 3 000247 00000000 0
3920 2 2 000283 00000000 0
3936 4 3 000280 00000000 0
3937 4 3 000281 00000000 0
3938 4 3 000282 00000000 0
3939 4 3 000283 00000000 0
3940 4 3 000284 00000000 0
3941 4 3 000285 00000000 0
3942 4 3 000286 00000000 0
3943 4 3 000287 00000000 0
3945 3 2 0002C3 00000000 0
3961 4 3 0002C0 00000000 0
3962 4 3 0002C1 00000000 0
3963 4 3 0002C2 00000000 0
3964 4 3 0002C3 00000000 0
3965 4 3 0002C4 00000000 0
3966 4 3 0002C5 00000000 0
3967 4 3 0002C6 00000000 0
3968 4 3 0002C7 00000000 0
3970 0 1 000000 00000000 0
3986 4 3 000000 00000001 0
3987 4 3 000001 00000000 0
3988 4 3 000002 00000000 0
3989 4 3 000003 00000000 0
3990 4 3 000004 00000000 0
3991 4 3 000005 00000000 0
3992 4 3 000006 00000000 0
3993 4 3 000007 00000000 0
3994 1 1 000040 00000000 0
4010 4 3 000040 00000000 0
4011 4 3 000041 00000000 0
4012 4 3 000042 00000000 0
4013 4 3 000043 00000000 0
4014 4 3 000044 00000001 0
4015 4 3 000045 00000000 0
4016 4 3 000046 00000000 0
4017 4 3 000047 00000000 0
4018 2 1 000080 00000000 0
4034 4 3 000080 00000000 0
4035 4 3 000081 00000000 0
4036 4 3 000082 00000000 0
4037 4 3 000083 00000000 0
4038 4 3 000084 00000000 0
4039 4 3 000085 00000000 0
4040 4 3 000086 00000000 0
4041 4 3 000087 00000000 0
4042 3 1 0000C0 00000000 0
4058 4 3 0000C0 00000000 0
4059 4 3 0000C1 00000000 0
4060 4 3 0000C2 00000000 0
4061 4 3 0000C3 00000000 0
4062 4 3 0000C4 00000000 0
4063 4 3 0000C5 00000000 0
4064 4 3 0000C6 00000000 0
4065 4 3 0000C7 00000000 0
4575 0 2 000204 00000000 0
4591 4 3 000200 00000001 0
4592 4 3 000201 00000000 0
4593 4 3 000202 00000000 0
4594 4 3 000203 00000000 0
4595 4 3 000204 00000000 0
4596 4 3 000205 00000000 0
4597 4 3 000206 00000000 0
4598 4 3 000207 00000000 0
4600 1 2 000244 00000000 0
4616 4 3 000240 00000000 0
4617 4 3 000241 00000000 0
4618 4 3 000242 00000000 0
4619 4 3 000243 00000000 0
4620 4 3 000244 00000000 0
4621 4 3 000245 00000000 0
4622 4 3 000246 00000000 0
4623 4 3 000247 00000000 0
4625 2 2 000284 00000000 0
4641 4 3 000280 00000000 0
4642 4 3 000281 00000000 0
4643 4 3 000282 00000000 0
4644 4 3 000283 00000000 0
4645 4 3 000284 00000000 0
4646 4 3 000285 00000000 0
4647 4 3 000286 00000000 0
4648 4 3 000287 00000000 0
4650 3 2 0002C4 00000000 0
4666 4 3 0002C0 00000000 0
4667 4 3 0002C1 00000000 0
4668 4 3 0002C2 00000000 0
4669 4 3 0002C3 00000000 0
4670 4 3 0002C4 00000000 0
4671 4 3 0002C5 00000000 0
4672 4 3 0002C6 00000000 0
4673 4 3 0002C7 00000000 0
4675 0 1 000000 00000000 0
4691 4 3 000000 00000001 0
4692 4 3 000001 00000000 0
4693 4 3 000002 00000000 0
4694 4 3 000003 00000000 0
4695 4 3 000004 00000000 0
4696 4 3 000005 00000000 0
4697 4 3 000006 00000000 0
4698 4 3 000007 00000000 0
4699 1 1 000040 00000000 0
4715 4 3 000040 00000000 0
4716 4 3 000041 00000000 0
4717 4 3 000042 00000000 0
4718 4 3 000043 00000000 0
4719 4 3 000044 00000001 0
4720 4 3 000045 00000000 0
4721 4 3 000046 00000000 0
4722 4 3 000047 00000000 0
4723 2 1 000080 00000000 0
4739 4 3 000080 00000000 0
4740 4 3 000081 00000000 0
4741 4 3 000082 00000000 0
4742 4 3 000083 00000000 0
4743 4 3 000084 00000000 0
4744 4 3 000085 00000000 0
4745 4 3 000086 00000000 0
4746 4 3 000087 00000000 0
4747 3 1 0000C0 00000000 0
4763 4 3 0000C0 00000000 0
4764 4 3 0000C1 00000000 0
4765 4 3 0000C2 00000000 0
4766 4 3 0000C3 00000000 0
4767 4 3 0000C4 00000000 0
4768 4 3 0000C5 00000000 0
4769 4 3 0000C6 00000000 0
4770 4 3 0000C7 00000000 0
5280 0 2 000205 00000000 0
5296 4 3 000200 00000001 0
5297 4 3 000201 00000000 0
5298 4 3 000202 00000000 0
5299 4 3 000203 00000000 0
5300 4 3 000204 00000000 0
5301 4 3 000205 00000000 0
5302 4 3 000206 00000000 0
5303 4 3 000207 00000000 0
5305 1 2 000245 00000000 0
5321 4 3 000240 00000000 0
5322 4 3 000241 00000000 0
5323 4 3 000242 00000000 0
5324 4 3 000243 00000000 0
5325 4 3 000244 00000001 0
5326 4 3 000245 00000000 0
5327 4 3 000246 00000000 0
5328 4 3 000247 00000000 0
5330 2 2 000285 00000000 0
5346 4 3 000280 00000000 0
5347 4 3 000281 00000000 0
5348 4 3 000282 00000000 0
5349 4 3 000283 00000000 0
5350 4 3 000284 00000000 0
5351 4 3 000285 00000000 0
5352 4 3 000286 00000000 0
5353 4 3 000287 00000000 0
5355 3 2 0002C5 00000000 0
5371 4 3 0002C0 00000000 0
5372 4 3 0002C1 00000000 0
5373 4 3 0002C2 00000000 0
5374 4 3 0002C3 00000000 0
5375 4 3 0002C4 00000000 0
5376 4 3 0002C5 00000000 0
5377 4 3 0002C6 00000000 0
5378 4 3 0002C7 00000000 0
5380 0 1 000000 00000000 0
5396 4 3 000000 00000001 0
5397 4 3 000001 00000000 0
5398 4 3 000002 00000000 0
5399 4 3 000003 00000000 0
5400 4 3 000004 00000000 0
5401 4 3 000005 00000000 0
5402 4 3 000006 00000000 0
5403 4 3 000007 00000000 0
5404 1 1 000040 00000000 0
5420 4 3 000040 00000000 0
5421 4 3 000041 00000000 0
5422 4 3 000042 00000000 0
5423 4 3 000043 00000000 0
5424 4 3 000044 00000001 0
5425 4 3 000045 00000000 0
5426 4 3 000046 00000000 0
5427 4 3 000047 00000000 0
5428 2 1 000080 00000000 0
5444 4 3 000080 00000000 0
5445 4 3 000081 00000000 0
5446 4 3 000082 00000000 0
5447 4 3 000083 00000000 0
5448 4 3 000084 00000000 0
5449 4 3 000085 00000000 0
5450 4 3 000086 00000000 0
5451 4 3 000087 00000000 0
5452 3 1 0000C0 00000000 0
5468 4 3 0000C0 00000000 0
5469 4 3 0000C1 00000000 0
5470 4 3 0000C2 00000000 0
5471 4 3 0000C3 00000000 0
5472 4 3 0000C4 00000000 0
5473 4 3 0000C5 00000000 0
5474 4 3 0000C6 00000000 0
5475 4 3 0000C7 00000000 0
5985 0 2 000206 00000000 0
6001 4 3 000200 00000001 0
6002 4 3 000201 00000000 0
6003 4 3 000202 00000000 0
6004 4 3 000203 00000000 0
6005 4 3 000204 00000000 0
6006 4 3 000205 00000000 0
6007 4 3 000206 00000000 0
6008 4 3 000207 00000000 0
6010 1 2 000246 00000000 0
6026 4 3 000240 00000000 0
6027 4 3 000241 00000000 0
6028 4 3 000242 00000000 0
6029 4 3 000243 00000000 0
6030 4 3 000244 00000001 0
6031 4 3 000245 00000000 0
6032 4 3 000246 00000000 0
6033 4 3 000247 00000000 0
6035 2 2 000286 00000000 0
6051 4 3 000280 00000000 0
6052 4 3 000281 00000000 0
6053 4 3 000282 00000000 0
6054 4 3 000283 00000000 0
6055 4 3 000284 00000000 0
6056 4 3 000285 00000000 0
6057 4 3 000286 00000000 0
6058 4 3 000287 00000000 0
6060 3 2 0002C6 00000000 0
6076 4 3 0002C0 00000000 0
6077 4 3 0002C1 00000000 0
6078 4 3 0002C2 00000000 0
6079 4 3 0002C3 00000000 0
6080 4 3 0002C4 00000000 0
6081 4 3 0002C5 00000000 0
6082 4 3 0002C6 00000000 0
6083 4 3 0002C7 00000000 0
6085 0 1 000000 00000000 0
6101 4 3 000000 00000001 0
6102 4 3 000001 00000000 0
6103 4 3 000002 00000000 0
6104 4 3 000003 00000000 0
6105 4 3 000004 00000000 0
6106 4 3 000005 00000000 0
6107 4 3 000006 00000000 0
6108 4 3 000007 00000000 0
6109 1 1 000040 00000000 0
6125 4 3 000040 00000000 0
6126 4 3 000041 00000000 0
6127 4 3 000042 00000000 0
6128 4 3 000043 00000000 0
6129 4 3 000044 00000001 0
6130 4 3 000045 00000000 0
6131 4 3 000046 00000000 0
6132 4 3 000047 00000000 0
6133 2 1 000080 00000000 0
6149 4 3 000080 00000000 0
6150 4 3 000081 00000000 0
6151 4 3 000082 00000000 0
6152 4 3 000083 00000000 0
6153 4 3 000084 00000000 0
6154 4 3 000085 00000000 0
6155 4 3 000086 00000000 0
6156 4 3 000087 00000000 0
6157 3 1 0000C0 00000000 0
6173 4 3 0000C0 00000000 0
6174 4 3 0000C1 00000000 0
6175 4 3 0000C2 00000000 0
6176 4 3 0000C3 00000000 0
6177 4 3 0000C4 00000000 0
6178 4 3 0000C5 00000000 0
6179 4 3 0000C6 00000000 0
6180 4 3 0000C7 00000000 0
6690 0 2 000207 00000000 0
6706 4 3 000200 00000001 0
6707 4 3 000201 00000000 0
6708 4 3 000202 00000000 0
6709 4 3 000203 00000000 0
6710 4 3 000204 00000000 0
6711 4 3 000205 00000000 0
6712 4 3 000206 00000000 0
6713 4 3 000207 00000000 0
6715 1 2 000247 00000000 0
6731 4 3 000240 00000000 0
6732 4 3 000241 00000000 0
6733 4 3 000242 00000000 0
6734 4 3 000243 00000000 0
6735 4 3 000244 00000001 0
6736 4 3 000245 00000000 0
6737 4 3 000246 00000000 0
6738 4 3 000247 00000000 0
6740 2 2 000287 00000000 0
6756 4 3 000280 00000000 0
6757 4 3 000281 00000000 0
6758 4 3 000282 00000000 0
6759 4 3 000283 00000000 0
6760 4 3 000284 00000000 0
6761 4 3 000285 00000000 0
6762 4 3 000286 00000000 0
6763 4 3 000287 00000000 0
6765 3 2 0002C7 00000000 0
6781 4 3 0002C0 00000000 0
6782 4 3 0002C1 00000000 0
6783 4 3 0002C2 00000000 0
6784 4 3 0002C3 00000000 0
6785 4 3 0002C4 00000000 0
6786 4 3 0002C5 00000000 0
6787 4 3 0002C6 00000000 0
6788 4 3 0002C7 00000000 0
6790 0 1 000000 00000000 0
6806 4 3 000000 00000001 0
6807 4 3 000001 00000000 0
6808 4 3 000002 00000000 0
6809 4 3 000003 00000000 0
6810 4 3 000004 00000000 0
6811 4 3 000005 00000000 0
6812 4 3 000006 00000000 0
6813 4 3 000007 00000000 0
6814 1 1 000040 00000000 0
6830 4 3 000040 00000000 0
6831 4 3 000041 00000000 0
6832 4 3 000042 00000000 0
6833 4 3 000043 00000000 0
6834 4 3 000044 00000001 0
6835 4 3 000045 00000000 0
6836 4 3 000046 00000000 0
6837 4 3 000047 00000000 0
6838 2 1 000080 00000000 0
6854 4 3 000080 00000000 0
6855 4 3 000081 00000000 0
6856 4 3 000082 00000000 0
6857 4 3 000083 00000000 0
6858 4 3 000084 00000000 0
6859 4 3 000085 00000000 0
6860 4 3 000086 00000000 0
6861 4 3 000087 00000000 0
6862 3 1 0000C0 00000000 0
6878 4 3 0000C0 00000000 0
6879 4 3 0000C1 00000000 0
6880 4 3 0000C2 00000000 0
6881 4 3 0000C3 00000000 0
6882 4 3 0000C4 00000000 0
6883 4 3 0000C5 00000000 0
6884 4 3 0000C6 00000000 0
6885 4 3 0000C7 00000000 0
6886 0 1 000108 00000000 0
6902 4 3 000108 00000000 0
6903 4 3 000109 00000000 0
6904 4 3 00010A 00000000 0
6905 4 3 00010B 00000000 0
6906 4 3 00010C 00000000 0
6907 4 3 00010D 00000000 0
6908 4 3 00010E 00000000 0
6909 4 3 00010F 00000000 0
6910 1 1 000108 00000000 0
6926 4 3 000108 00000000 1
6927 4 3 000109 00000000 1
6928 4 3 00010A 00000000 1
6929 4 3 00010B 00000000 1
6930 4 3 00010C 00000000 1
6931 4 3 00010D 00000000 1
6932 4 3 00010E 00000000 1
6933 4 3 00010F 00000000 1
6934 2 1 000108 00000000 0
6950 4 3 000108 00000000 1
6951 4 3 000109 00000000 1
6952 4 3 00010A 00000000 1
6953 4 3 00010B 00000000 1
6954 4 3 00010C 00000000 1
6955 4 3 00010D 00000000 1
6956 4 3 00010E 00000000 1
6957 4 3 00010F 00000000 1
6958 3 1 000108 00000000 0
6974 4 3 000108 00000000 1
6975 4 3 000109 00000000 1
6976 4 3 00010A 00000000 1
6977 4 3 00010B 00000000 1
6978 4 3 00010C 00000000 1
6979 4 3 00010D 00000000 1
6980 4 3 00010E 00000000 1
6981 4 3 00010F 00000000 1
6982 0 1 000118 00000000 0
6998 4 3 000118 00000000 0
6999 4 3 000119 00000000 0
7000 4 3 00011A 00000000 0
7001 4 3 00011B 00000000 0
7002 4 3 00011C 00000000 0
7003 4 3 00011D 00000000 0
7004 4 3 00011E 00000000 0
7005 4 3 00011F 00000000 0
7006 1 1 000118 00000000 0
7022 4 3 000118 00000000 1
7023 4 3 000119 00000000 1
7024 4 3 00011A 00000000 1
7025 4 3 00011B 00000000 1
7026 4 3 00011C 00000000 1
7027 4 3 00011D 00000000 1
7028 4 3 00011E 00000000 1
7029 4 3 00011F 00000000 1
7030 2 1 000118 00000000 0
7046 4 3 000118 00000000 1
7047 4 3 000119 00000000 1
7048 4 3 00011A 00000000 1
7049 4 3 00011B 00000000 1
7050 4 3 00011C 00000000 1
7051 4 3 00011D 00000000 1
7052 4 3 00011E 00000000 1
7053 4 3 00011F 00000000 1
7054 3 1 000118 00000000 0
7070 4 3 000118 00000000 1
7071 4 3 000119 00000000 1
7072 4 3 00011A 00000000 1
7073 4 3 00011B 00000000 1
7074 4 3 00011C 00000000 1
7075 4 3 00011D 00000000 1
7076 4 3 00011E 00000000 1
7077 4 3 00011F 00000000 1
7078 0 1 000128 00000000 0
7094 4 3 000128 00000000 0
7095 4 3 000129 00000000 0
7096 4 3 00012A 00000000 0
7097 4 3 00012B 00000000 0
7098 4 3 00012C 00000000 0
7099 4 3 00012D 00000000 0
7100 4 3 00012E 00000000 0
7101 4 3 00012F 00000000 0
7102 1 1 000128 00000000 0
7118 4 3 000128 00000000 1
7119 4 3 000129 00000000 1
7120 4 3 00012A 00000000 1
7121 4 3 00012B 00000000 1
7122 4 3 00012C 00000000 1
7123 4 3 00012D 00000000 1
7124 4 3 00012E 00000000 1
7125 4 3 00012F 00000000 1
7126 2 1 000128 00000000 0
7142 4 3 000128 00000000 1
7143 4 3 000129 00000000 1
7144 4 3 00012A 00000000 1
7145 4 3 00012B 00000000 1
7146 4 3 00012C 00000000 1
7147 4 3 00012D 00000000 1
7148 4 3 00012E 00000000 1
7149 4 3 00012F 00000000 1
7150 3 1 000128 00000000 0
7166 4 3 000128 00000000 1
7167 4 3 000129 00000000 1
7168 4 3 00012A 00000000 1
7169 4 3 00012B 00000000 1
7170 4 3 00012C 00000000 1
7171 4 3 00012D 00000000 1
7172 4 3 00012E 00000000 1
7173 4 3 00012F 00000000 1
7174 0 1 000138 00000000 0
7190 4 3 000138 00000000 0
7191 4 3 000139 00000000 0
7192 4 3 00013A 00000000 0
7193 4 3 00013B 00000000 0
7194 4 3 00013C 00000000 0
7195 4 3 00013D 00000000 0
7196 4 3 00013E 00000000 0
7197 4 3 00013F 00000000 0
7198 1 1 000138 00000000 0
7214 4 3 000138 00000000 1
7215 4 3 000139 00000000 1
7216 4 3 00013A 00000000 1
7217 4 3 00013B 00000000 1
7218 4 3 00013C 00000000 1
7219 4 3 00013D 00000000 1
7220 4 3 00013E 00000000 1
7221 4 3 00013F 00000000 1
7222 2 1 000138 00000000 0
7238 4 3 000138 00000000 1
7239 4 3 000139 00000000 1
7240 4 3 00013A 00000000 1
7241 4 3 00013B 00000000 1
7242 4 3 00013C 00000000 1
7243 4 3 00013D 00000000 1
7244 4 3 00013E 00000000 1
7245 4 3 00013F 00000000 1
7246 3 1 000138 00000000 0
7262 4 3 000138 00000000 1
7263 4 3 000139 00000000 1
7264 4 3 00013A 00000000 1
7265 4 3 00013B 00000000 1
7266 4 3 00013C 00000000 1
7267 4 3 00013D 00000000 1
7268 4 3 00013E 00000000 1
7269 4 3 00013F 00000000 1
7270 0 1 000148 00000000 0
7286 4 3 000148 00000000 0
7287 4 3 000149 00000000 0
7288 4 3 00014A 00000000 0
7289 4 3 00014B 00000000 0
7290 4 3 00014C 00000000 0
7291 4 3 00014D 00000000 0
7292 4 3 00014E 00000000 0
7293 4 3 00014F 00000000 0
7294 1 1 000148 00000000 0
7310 4 3 000148 00000000 1
7311 4 3 000149 00000000 1
7312 4 3 00014A 00000000 1
7313 4 3 00014B 00000000 1
7314 4 3 00014C 00000000 1
7315 4 3 00014D 00000000 1
7316 4 3 00014E 00000000 1
7317 4 3 00014F 00000000 1
7318 2 1 000148 00000000 0
7334 4 3 000148 00000000 1
7335 4 3 000149 00000000 1
7336 4 3 00014A 00000000 1
7337 4 3 00014B 00000000 1
7338 4 3 00014C 00000000 1
7339 4 3 00014D 00000000 1
7340 4 3 00014E 00000000 1
7341 4 3 00014F 00000000 1
7342 3 1 000148 00000000 0
7358 4 3 000148 00000000 1
7359 4 3 000149 00000000 1
7360 4 3 00014A 00000000 1
7361 4 3 00014B 00000000 1
7362 4 3 00014C 00000000 1
7363 4 3 00014D 00000000 1
7364 4 3 00014E 00000000 1
7365 4 3 00014F 00000000 1
7366 0 1 000158 00000000 0
7382 4 3 000158 00000000 0
7383 4 3 000159 00000000 0
7384 4 3 00015A 00000000 0
7385 4 3 00015B 00000000 0
7386 4 3 00015C 00000000 0
7387 4 3 00015D 00000000 0
7388 4 3 00015E 00000000 0
7389 4 3 00015F 00000000 0
7390 1 1 000158 00000000 0
7406 4 3 000158 00000000 1
7407 4 3 000159 00000000 1
7408 4 3 00015A 00000000 1
7409 4 3 00015B 00000000 1
7410 4 3 00015C 00000000 1
7411 4 3 00015D 00000000 1
7412 4 3 00015E 00000000 1
7413 4 3 00015F 00000000 1
7414 2 1 000158 00000000 0
7430 4 3 000158 00000000 1
7431 4 3 000159 00000000 1
7432 4 3 00015A 00000000 1
7433 4 3 00015B 00000000 1
7434 4 3 00015C 00000000 1
7435 4 3 00015D 00000000 1
7436 4 3 00015E 00000000 1
7437 4 3 00015F 00000000 1
7438 3 1 000158 00000000 0
7454 4 3 000158 00000000 1
7455 4 3 000159 00000000 1
7456 4 3 00015A 00000000 1
7457 4 3 00015B 00000000 1
7458 4 3 00015C 00000000 1
7459 4 3 00015D 00000000 1
7460 4 3 00015E 00000000 1
7461 4 3 00015F 00000000 1
7462 0 1 000168 00000000 0
7478 4 3 000168 00000000 0
7479 4 3 000169 00000000 0
7480 4 3 00016A 00000000 0
7481 4 3 00016B 00000000 0
7482 4 3 00016C 00000000 0
7483 4 3 00016D 00000000 0
7484 4 3 00016E 00000000 0
7485 4 3 00016F 00000000 0
7486 1 1 000168 00000000 0
7502 4 3 000168 00000000 1
7503 4 3 000169 00000000 1
7504 4 3 00016A 00000000 1
7505 4 3 00016B 00000000 1
7506 4 3 00016C 00000000 1
7507 4 3 00016D 00000000 1
7508 4 3 00016E 00000000 1
7509 4 3 00016F 00000000 1
7510 2 1 000168 00000000 0
7526 4 3 000168 00000000 1
7527 4 3 000169 00000000 1
7528 4 3 00016A 00000000 1
7529 4 3 00016B 00000000 1
7530 4 3 00016C 00000000 1
7531 4 3 00016D 00000000 1
7532 4 3 00016E 00000000 1
7533 4 3 00016F 00000000 1
7534 3 1 000168 00000000 0
7550 4 3 000168 00000000 1
7551 4 3 000169 00000000 1
7552 4 3 00016A 00000000 1
7553 4 3 00016B 00000000 1
7554 4 3 00016C 00000000 1
7555 4 3 00016D 00000000 1
7556 4 3 00016E 00000000 1
7557 4 3 00016F 00000000 1
7558 0 1 000178 00000000 0
7574 4 3 000178 00000000 0
7575 4 3 000179 00000000 0
7576 4 3 00017A 00000000 0
7577 4 3 00017B 00000000 0
7578 4 3 00017C 00000000 0
7579 4 3 00017D 00000000 0
7580 4 3 00017E 00000000 0
7581 4 3 00017F 00000000 0
7582 1 1 000178 00000000 0
7598 4 3 000178 00000000 1
7599 4 3 000179 00000000 1
7600 4 3 00017A 00000000 1
7601 4 3 00017B 00000000 1
7602 4 3 00017C 00000000 1
7603 4 3 00017D 00000000 1
7604 4 3 00017E 00000000 1
7605 4 3 00017F 00000000 1
7606 2 1 000178 00000000 0
7622 4 3 000178 00000000 1
7623 4 3 000179 00000000 1
7624 4 3 00017A 00000000 1
7625 4 3 00017B 00000000 1
7626 4 3 00017C 00000000 1
7627 4 3 00017D 00000000 1
7628 4 3 00017E 00000000 1
7629 4 3 00017F 00000000 1
7630 3 1 000178 00000000 0
7646 4 3 000178 00000000 1
7647 4 3 000179 00000000 1
7648 4 3 00017A 00000000 1
7649 4 3 00017B 00000000 1
7650 4 3 00017C 00000000 1
7651 4 3 00017D 00000000 1
7652 4 3 00017E 00000000 1
7653 4 3 00017F 00000000 1
7654 0 1 000188 00000000 0
7670 4 3 000188 00000001 0
7671 4 3 000189 00000000 0
7672 4 3 00018A 00000000 0
7673 4 3 00018B 00000000 0
7674 4 3 00018C 00000000 0
7675 4 3 00018D 00000000 0
7676 4 3 00018E 00000000 0
7677 4 3 00018F 00000000 0
7678 1 1 000188 00000000 0
7694 4 3 000188 00000001 1
7695 4 3 000189 00000000 1
7696 4 3 00018A 00000000 1
7697 4 3 00018B 00000000 1
7698 4 3 00018C 00000000 1
7699 4 3 00018D 00000000 1
7700 4 3 00018E 00000000 1
7701 4 3 00018F 00000000 1
7702 2 1 000188 00000000 0
7718 4 3 000188 00000001 1
7719 4 3 000189 00000000 1
7720 4 3 00018A 00000000 1
7721 4 3 00018B 00000000 1
7722 4 3 00018C 00000000 1
7723 4 3 00018D 00000000 1
7724 4 3 00018E 00000000 1
7725 4 3 00018F 00000000 1
7726 3 1 000188 00000000 0
7742 4 3 000188 00000001 1
7743 4 3 000189 00000000 1
7744 4 3 00018A 00000000 1
7745 4 3 00018B 00000000 1
7746 4 3 00018C 00000000 1
7747 4 3 00018D 00000000 1
7748 4 3 00018E 00000000 1
7749 4 3 00018F 00000000 1
7750 0 1 000198 00000000 0
7766 4 3 000198 00000000 0
7767 4 3 000199 00000001 0
7768 4 3 00019A 00000000 0
7769 4 3 00019B 00000000 0
7770 4 3 00019C 00000000 0
7771 4 3 00019D 00000000 0
7772 4 3 00019E 00000000 0
7773 4 3 00019F 00000000 0
7774 1 1 000198 00000000 0
7790 4 3 000198 00000000 1
7791 4 3 000199 00000001 1
7792 4 3 00019A 00000000 1
7793 4 3 00019B 00000000 1
7794 4 3 00019C 00000000 1
7795 4 3 00019D 00000000 1
7796 4 3 00019E 00000000 1
7797 4 3 00019F 00000000 1
7798 2 1 000198 00000000 0
7814 4 3 000198 00000000 1
7815 4 3 000199 00000001 1
7816 4 3 00019A 00000000 1
7817 4 3 00019B 00000000 1
7818 4 3 00019C 00000000 1
7819 4 3 00019D 00000000 1
7820 4 3 00019E 00000000 1
7821 4 3 00019F 00000000 1
7822 3 1 000198 00000000 0
7838 4 3 000198 00000000 1
7839 4 3 000199 00000001 1
7840 4 3 00019A 00000000 1
7841 4 3 00019B 00000000 1
7842 4 3 00019C 00000000 1
7843 4 3 00019D 00000000 1
7844 4 3 00019E 00000000 1
7845 4 3 00019F 00000000 1
7846 0 1 0001A8 00000000 0
7862 4 3 0001A8 00000000 0
7863 4 3 0001A9 00000000 0
7864 4 3 0001AA 00000001 0
7865 4 3 0001AB 00000000 0
7866 4 3 0001AC 00000000 0
7867 4 3 0001AD 00000000 0
7868 4 3 0001AE 00000000 0
7869 4 3 0001AF 00000000 0
7870 1 1 0001A8 00000000 0
7886 4 3 0001A8 00000000 1
7887 4 3 0001A9 00000000 1
7888 4 3 0001AA 00000001 1
7889 4 3 0001AB 00000000 1
7890 4 3 0001AC 00000000 1
7891 4 3 0001AD 00000000 1
7892 4 3 0001AE 00000000 1
7893 4 3 0001AF 00000000 1
7894 2 1 0001A8 00000000 0
7910 4 3 0001A8 00000000 1
7911 4 3 0001A9 00000000 1
7912 4 3 0001AA 00000001 1
7913 4 3 0001AB 00000000 1
7914 4 3 0001AC 00000000 1
7915 4 3 0001AD 00000000 1
7916 4 3 0001AE 00000000 1
7917 4 3 0001AF 00000000 1
7918 3 1 0001A8 00000000 0
7934 4 3 0001A8 00000000 1
7935 4 3 0001A9 00000000 1
7936 4 3 0001AA 00000001 1
7937 4 3 0001AB 00000000 1
7938 4 3 0001AC 00000000 1
7939 4 3 0001AD 00000000 1
7940 4 3 0001AE 00000000 1
7941 4 3 0001AF 00000000 1
7942 0 1 0001B8 00000000 0
7958 4 3 0001B8 00000000 0
7959 4 3 0001B9 00000000 0
7960 4 3 0001BA 00000000 0
7961 4 3 0001BB 00000001 0
7962 4 3 0001BC 00000000 0
7963 4 3 0001BD 00000000 0
7964 4 3 0001BE 00000000 0
7965 4 3 0001BF 00000000 0
7966 1 1 0001B8 00000000 0
7982 4 3 0001B8 00000000 1
7983 4 3 0001B9 00000000 1
7984 4 3 0001BA 00000000 1
7985 4 3 0001BB 00000001 1
7986 4 3 0001BC 00000000 1
7987 4 3 0001BD 00000000 1
7988 4 3 0001BE 00000000 1
7989 4 3 0001BF 00000000 1
7990 2 1 0001B8 00000000 0
8006 4 3 0001B8 00000000 1
8007 4 3 0001B9 00000000 1
8008 4 3 0001BA 00000000 1
8009 4 3 0001BB 00000001 1
8010 4 3 0001BC 00000000 1
8011 4 3 0001BD 00000000 1
8012 4 3 0001BE 00000000 1
8013 4 3 0001BF 00000000 1
8014 3 1 0001B8 00000000 0
8030 4 3 0001B8 00000000 1
8031 4 3 0001B9 00000000 1
8032 4 3 0001BA 00000000 1
8033 4 3 0001BB 00000001 1
8034 4 3 0001BC 00000000 1
8035 4 3 0001BD 00000000 1
8036 4 3 0001BE 00000000 1
8037 4 3 0001BF 00000000 1
8038 0 1 0001C8 00000000 0
8054 4 3 0001C8 00000000 0
8055 4 3 0001C9 00000000 0
8056 4 3 0001CA 00000000 0
8057 4 3 0001CB 00000000 0
8058 4 3 0001CC 00000001 0
8059 4 3 0001CD 00000000 0
8060 4 3 0001CE 00000000 0
8061 4 3 0001CF 00000000 0
8062 1 1 0001C8 00000000 0
8078 4 3 0001C8 00000000 1
8079 4 3 0001C9 00000000 1
8080 4 3 0001CA 00000000 1
8081 4 3 0001CB 00000000 1
8082 4 3 0001CC 00000001 1
8083 4 3 0001CD 00000000 1
8084 4 3 0001CE 00000000 1
8085 4 3 0001CF 00000000 1
8086 2 1 0001C8 00000000 0
8102 4 3 0001C8 00000000 1
8103 4 3 0001C9 00000000 1
8104 4 3 0001CA 00000000 1
8105 4 3 0001CB 00000000 1
8106 4 3 0001CC 00000001 1
8107 4 3 0001CD 00000000 1
8108 4 3 0001CE 00000000 1
8109 4 3 0001CF 00000000 1
8110 3 1 0001C8 00000000 0
8126 4 3 0001C8 00000000 1
8127 4 3 0001C9 00000000 1
8128 4 3 0001CA 00000000 1
8129 4 3 0001CB 00000000 1
8130 4 3 0001CC 00000001 1
8131 4 3 0001CD 00000000 1
8132 4 3 0001CE 00000000 1
8133 4 3 0001CF 00000000 1
8134 0 1 0001D8 00000000 0
8150 4 3 0001D8 00000000 0
8151 4 3 0001D9 00000000 0
8152 4 3 0001DA 00000000 0
8153 4 3 0001DB 00000000 0
8154 4 3 0001DC 00000000 0
8155 4 3 0001DD 00000001 0
8156 4 3 0001DE 00000000 0
8157 4 3 0001DF 00000000 0
8158 1 1 0001D8 00000000 0
8174 4 3 0001D8 00000000 1
8175 4 3 0001D9 00000000 1
8176 4 3 0001DA 00000000 1
8177 4 3 0001DB 00000000 1
8178 4 3 0001DC 00000000 1
8179 4 3 0001DD 00000001 1
8180 4 3 0001DE 00000000 1
8181 4 3 0001DF 00000000 1
8182 2 1 0001D8 00000000 0
8198 4 3 0001D8 00000000 1
8199 4 3 0001D9 00000000 1
8200 4 3 0001DA 00000000 1
8201 4 3 0001DB 00000000 1
8202 4 3 0001DC 00000000 1
8203 4 3 0001DD 00000001 1
8204 4 3 0001DE 00000000 1
8205 4 3 0001DF 00000000 1
8206 3 1 0001D8 00000000 0
8222 4 3 0001D8 00000000 1
8223 4 3 0001D9 00000000 1
8224 4 3 0001DA 00000000 1
8225 4 3 0001DB 00000000 1
8226 4 3 0001DC 00000000 1
8227 4 3 0001DD 00000001 1
8228 4 3 0001DE 00000000 1
8229 4 3 0001DF 00000000 1
8230 0 1 0001E8 00000000 0
8246 4 3 0001E8 00000000 0
8247 4 3 0001E9 00000000 0
8248 4 3 0001EA 00000000 0
8249 4 3 0001EB 00000000 0
8250 4 3 0001EC 00000000 0
8251 4 3 0001ED 00000000 0
8252 4 3 0001EE 00000001 0
8253 4 3 0001EF 00000000 0
8254 1 1 0001E8 00000000 0
8270 4 3 0001E8 00000000 1
8271 4 3 0001E9 00000000 1
8272 4 3 0001EA 00000000 1
8273 4 3 0001EB 00000000 1
8274 4 3 0001EC 00000000 1
8275 4 3 0001ED 00000000 1
8276 4 3 0001EE 00000001 1
8277 4 3 0001EF 00000000 1
8278 2 1 0001E8 00000000 0
8294 4 3 0001E8 00000000 1
8295 4 3 0001E9 00000000 1
8296 4 3 0001EA 00000000 1
8297 4 3 0001EB 00000000 1
8298 4 3 0001EC 00000000 1
8299 4 3 0001ED 00000000 1
8300 4 3 0001EE 00000001 1
8301 4 3 0001EF 00000000 1
8302 3 1 0001E8 00000000 0
8318 4 3 0001E8 00000000 1
8319 4 3 0001E9 00000000 1
8320 4 3 0001EA 00000000 1
8321 4 3 0001EB 00000000 1
8322 4 3 0001EC 00000000 1
8323 4 3 0001ED 00000000 1
8324 4 3 0001EE 00000001 1
8325 4 3 0001EF 00000000 1
8326 0 1 0001F8 00000000 0
8342 4 3 0001F8 00000000 0
8343 4 3 0001F9 00000000 0
8344 4 3 0001FA 00000000 0
8345 4 3 0001FB 00000000 0
8346 4 3 0001FC 00000000 0
8347 4 3 0001FD 00000000 0
8348 4 3 0001FE 00000000 0
8349 4 3 0001FF 00000001 0
8350 1 1 0001F8 00000000 0
8366 4 3 0001F8 00000000 1
8367 4 3 0001F9 00000000 1
8368 4 3 0001FA 00000000 1
8369 4 3 0001FB 00000000 1
8370 4 3 0001FC 00000000 1
8371 4 3 0001FD 00000000 1
8372 4 3 0001FE 00000000 1
8373 4 3 0001FF 00000001 1
8374 2 1 0001F8 00000000 0
8390 4 3 0001F8 00000000 1
8391 4 3 0001F9 00000000 1
8392 4 3 0001FA 00000000 1
8393 4 3 0001FB 00000000 1
8394 4 3 0001FC 00000000 1
8395 4 3 0001FD 00000000 1
8396 4 3 0001FE 00000000 1
8397 4 3 0001FF 00000001 1
8398 3 1 0001F8 00000000 0
8414 4 3 0001F8 00000000 1
8415 4 3 0001F9 00000000 1
8416 4 3 0001FA 00000000 1
8417 4 3 0001FB 00000000 1
8418 4 3 0001FC 00000000 1
8419 4 3 0001FD 00000000 1
8420 4 3 0001FE 00000000 1
8421 4 3 0001FF 00000001 1
8422 0 2 000208 00000000 0
8438 4 3 000208 00000000 0
8439 4 3 000209 00000000 0
8440 4 3 00020A 00000000 0
8441 4 3 00020B 00000000 0
8442 4 3 00020C 00000000 0
8443 4 3 00020D 00000000 0
8444 4 3 00020E 00000000 0
8445 4 3 00020F 00000000 0
8447 1 2 000248 00000000 0
8463 4 3 000248 00000000 0
8464 4 3 000249 00000000 0
8465 4 3 00024A 00000000 0
8466 4 3 00024B 00000000 0
8467 4 3 00024C 00000000 0
8468 4 3 00024D 00000000 0
8469 4 3 00024E 00000000 0
8470 4 3 00024F 00000000 0
8472 2 2 000288 00000000 0
8488 4 3 000288 00000000 0
8489 4 3 000289 00000000 0
8490 4 3 00028A 00000000 0
8491 4 3 00028B 00000000 0
8492 4 3 00028C 00000000 0
8493 4 3 00028D 00000000 0
8494 4 3 00028E 00000000 0
8495 4 3 00028F 00000000 0
8497 3 2 0002C8 00000000 0
8513 4 3 0002C8 00000000 0
8514 4 3 0002C9 00000000 0
8515 4 3 0002CA 00000000 0
8516 4 3 0002CB 00000000 0
8517 4 3 0002CC 00000000 0
8518 4 3 0002CD 00000000 0
8519 4 3 0002CE 00000000 0
8520 4 3 0002CF 00000000 0
8752 0 1 000008 00000000 0
8768 4 3 000008 00000000 0
8769 4 3 000009 00000000 0
8770 4 3 00000A 00000000 0
8771 4 3 00000B 00000000 0
8772 4 3 00000C 00000000 0
8773 4 3 00000D 00000000 0
8774 4 3 00000E 00000000 0
8775 4 3 00000F 00000000 0
8777 1 1 000048 00000000 0
8793 4 3 000048 00000000 0
8794 4 3 000049 00000000 0
8795 4 3 00004A 00000000 0
8796 4 3 00004B 00000000 0
8797 4 3 00004C 00000000 0
8798 4 3 00004D 00000000 0
8799 4 3 00004E 00000000 0
8800 4 3 00004F 00000000 0
8802 2 1 000088 00000000 0
8818 4 3 000088 00000001 0
8819 4 3 000089 00000000 0
8820 4 3 00008A 00000000 0
8821 4 3 00008B 00000000 0
8822 4 3 00008C 00000000 0
8823 4 3 00008D 00000000 0
8824 4 3 00008E 00000000 0
8825 4 3 00008F 00000000 0
8827 3 1 0000C8 00000000 0
8843 4 3 0000C8 00000000 0
8844 4 3 0000C9 00000000 0
8845 4 3 0000CA 00000000 0
8846 4 3 0000CB 00000000 0
8847 4 3 0000CC 00000001 0
8848 4 3 0000CD 00000000 0
8849 4 3 0000CE 00000000 0
8850 4 3 0000CF 00000000 0
9069 0 2 000209 00000000 0
9085 4 3 000208 00000000 0
9086 4 3 000209 00000000 0
9087 4 3 00020A 00000000 0
9088 4 3 00020B 00000000 0
9089 4 3 00020C 00000000 0
9090 4 3 00020D 00000000 0
9091 4 3 00020E 00000000 0
9092 4 3 00020F 00000000 0
9094 1 2 000249 00000000 0
9110 4 3 000248 00000000 0
9111 4 3 000249 00000000 0
9112 4 3 00024A 00000000 0
9113 4 3 00024B 00000000 0
9114 4 3 00024C 00000000 0
9115 4 3 00024D 00000000 0
9116 4 3 00024E 00000000 0
9117 4 3 00024F 00000000 0
9119 2 2 000289 00000000 0
9135 4 3 000288 00000001 0
9136 4 3 000289 00000000 0
9137 4 3 00028A 00000000 0
9138 4 3 00028B 00000000 0
9139 4 3 00028C 00000000 0
9140 4 3 00028D 00000000 0
9141 4 3 00028E 00000000 0
9142 4 3 00028F 00000000 0
9144 3 2 0002C9 00000000 0
9160 4 3 0002C8 00000000 0
9161 4 3 0002C9 00000000 0
9162 4 3 0002CA 00000000 0
9163 4 3 0002CB 00000000 0
9164 4 3 0002CC 00000000 0
9165 4 3 0002CD 00000000 0
9166 4 3 0002CE 00000000 0
9167 4 3 0002CF 00000000 0
9399 0 1 000008 00000000 0
9415 4 3 000008 00000000 0
9416 4 3 000009 00000000 0
9417 4 3 00000A 00000000 0
9418 4 3 00000B 00000000 0
9419 4 3 00000C 00000000 0
9420 4 3 00000D 00000000 0
9421 4 3 00000E 00000000 0
9422 4 3 00000F 00000000 0
9424 1 1 000048 00000000 0
9440 4 3 000048 00000000 0
9441 4 3 000049 00000000 0
9442 4 3 00004A 00000000 0
9443 4 3 00004B 00000000 0
9444 4 3 00004C 00000000 0
9445 4 3 00004D 00000000 0
9446 4 3 00004E 00000000 0
9447 4 3 00004F 00000000 0
9449 2 1 000088 00000000 0
9465 4 3 000088 00000001 0
9466 4 3 000089 00000000 0
9467 4 3 00008A 00000000 0
9468 4 3 00008B 00000000 0
9469 4 3 00008C 00000000 0
9470 4 3 00008D 00000000 0
9471 4 3 00008E 00000000 0
9472 4 3 00008F 00000000 0
9474 3 1 0000C8 00000000 0
9490 4 3 0000C8 00000000 0
9491 4 3 0000C9 00000000 0
9492 4 3 0000CA 00000000 0
9493 4 3 0000CB 00000000 0
9494 4 3 0000CC 00000001 0
9495 4 3 0000CD 00000000 0
9496 4 3 0000CE 00000000 0
9497 4 3 0000CF 00000000 0
9716 0 2 00020A 00000000 0
9732 4 3 000208 00000000 0
9733 4 3 000209 00000000 0
9734 4 3 00020A 00000000 0
9735 4 3 00020B 00000000 0
9736 4 3 00020C 00000000 0
9737 4 3 00020D 00000000 0
9738 4 3 00020E 00000000 0
9739 4 3 00020F 00000000 0
9741 1 2 00024A 00000000 0
9757 4 3 000248 00000000 0
9758 4 3 000249 00000000 0
9759 4 3 00024A 00000000 0
9760 4 3 00024B 00000000 0
9761 4 3 00024C 00000000 0
9762 4 3 00024D 00000000 0
9763 4 3 00024E 00000000 0
9764 4 3 00024F 00000000 0
9766 2 2 00028A 00000000 0
9782 4 3 000288 00000001 0
9783 4 3 000289 00000000 0
9784 4 3 00028A 00000000 0
9785 4 3 00028B 00000000 0
9786 4 3 00028C 00000000 0
9787 4 3 00028D 00000000 0
9788 4 3 00028E 00000000 0
9789 4 3 00028F 00000000 0
9791 3 2 0002CA 00000000 0
9807 4 3 0002C8 00000000 0
9808 4 3 0002C9 00000000 0
9809 4 3 0002CA 00000000 0
9810 4 3 0002CB 00000000 0
9811 4 3 0002CC 00000000 0
9812 4 3 0002CD 00000000 0
9813 4 3 0002CE 00000000 0
9814 4 3 0002CF 00000000 0
10046 0 1 000008 00000000 0
10062 4 3 000008 00000000 0
10063 4 3 000009 00000000 0
10064 4 3 00000A 00000000 0
10065 4 3 00000B 00000000 0
10066 4 3 00000C 00000000 0
10067 4 3 00000D 00000000 0
10068 4 3 00000E 00000000 0
10069 4 3 00000F 00000000 0
10071 1 1 000048 00000000 0
10087 4 3 000048 00000000 0
10088 4 3 000049 00000000 0
10089 4 3 00004A 00000000 0
10090 4 3 00004B 00000000 0
10091 4 3 00004C 00000000 0
10092 4 3 00004D 00000000 0
10093 4 3 00004E 00000000 0
10094 4 3 00004F 00000000 0
10096 2 1 000088 00000000 0
10112 4 3 000088 00000001 0
10113 4 3 000089 00000000 0
10114 4 3 00008A 00000000 0
10115 4 3 00008B 00000000 0
10116 4 3 00008C 00000000 0
10117 4 3 00008D 00000000 0
10118 4 3 00008E 00000000 0
10119 4 3 00008F 00000000 0
10121 3 1 0000C8 00000000 0
10137 4 3 0000C8 00000000 0
10138 4 3 0000C9 00000000 0
10139 4 3 0000CA 00000000 0
10140 4 3 0000CB 00000000 0
10141 4 3 0000CC 00000001 0
10142 4 3 0000CD 00000000 0
10143 4 3 0000CE 00000000 0
10144 4 3 0000CF 00000000 0
10363 0 2 00020B 00000000 0
10379 4 3 000208 00000000 0
10380 4 3 000209 00000000 0
10381 4 3 00020A 00000000 0
10382 4 3 00020B 00000000 0
10383 4 3 00020C 00000000 0
10384 4 3 00020D 00000000 0
10385 4 3 00020E 00000000 0
10386 4 3 00020F 00000000 0
10388 1 2 00024B 00000000 0
10404 4 3 000248 00000000 0
10405 4 3 000249 00000000 0
10406 4 3 00024A 00000000 0
10407 4 3 00024B 00000000 0
10408 4 3 00024C 00000000 0
10409 4 3 00024D 00000000 0
10410 4 3 00024E 00000000 0
10411 4 3 00024F 00000000 0
10413 2 2 00028B 00000000 0
10429 4 3 000288 00000001 0
10430 4 3 000289 00000000 0
10431 4 3 00028A 00000000 0
10432 4 3 00028B 00000000 0
10433 4 3 00028C 00000000 0
10434 4 3 00028D 00000000 0
10435 4 3 00028E 00000000 0
10436 4 3 00028F 00000000 0
10438 3 2 0002CB 00000000 0
10454 4 3 0002C8 00000000 0
10455 4 3 0002C9 00000000 0
10456 4 3 0002CA 00000000 0
10457 4 3 0002CB 00000000 0
10458 4 3 0002CC 00000000 0
10459 4 3 0002CD 00000000 0
10460 4 3 0002CE 00000000 0
10461 4 3 0002CF 00000000 0
10693 0 1 000008 00000000 0
10709 4 3 000008 00000000 0
10710 4 3 000009 00000000 0
10711 4 3 00000A 00000000 0
10712 4 3 00000B 00000000 0
10713 4 3 00000C 00000000 0
10714 4 3 00000D 00000000 0
10715 4 3 00000E 00000000 0
10716 4 3 00000F 00000000 0
10718 1 1 000048 00000000 0
10734 4 3 000048 00000000 0
10735 4 3 000049 00000000 0
10736 4 3 00004A 00000000 0
10737 4 3 00004B 00000000 0
10738 4 3 00004C 00000000 0
10739 4 3 00004D 00000000 0
10740 4 3 00004E 00000000 0
10741 4 3 00004F 00000000 0
10743 2 1 000088 00000000 0
10759 4 3 000088 00000001 0
10760 4 3 000089 00000000 0
10761 4 3 00008A 00000000 0
10762 4 3 00008B 00000000 0
10763 4 3 00008C 00000000 0
10764 4 3 00008D 00000000 0
10765 4 3 00008E 00000000 0
10766 4 3 00008F 00000000 0
10768 3 1 0000C8 00000000 0
10784 4 3 0000C8 00000000 0
10785 4 3 0000C9 00000000 0
10786 4 3 0000CA 00000000 0
10787 4 3 0000CB 00000000 0
10788 4 3 0000CC 00000001 0
10789 4 3 0000CD 00000000 0
10790 4 3 0000CE 00000000 0
10791 4 3 0000CF 00000000 0
11010 0 2 00020C 00000000 0
11026 4 3 000208 00000000 0
11027 4 3 000209 00000000 0
11028 4 3 00020A 00000000 0
11029 4 3 00020B 00000000 0
11030 4 3 00020C 00000000 0
11031 4 3 00020D 00000000 0
11032 4 3 00020E 00000000 0
11033 4 3 00020F 00000000 0
11035 1 2 00024C 00000000 0
11051 4 3 000248 00000000 0
11052 4 3 000249 00000000 0
11053 4 3 00024A 00000000 0
11054 4 3 00024B 00000000 0
11055 4 3 00024C 00000000 0
11056 4 3 00024D 00000000 0
11057 4 3 00024E 00000000 0
11058 4 3 00024F 00000000 0
11060 2 2 00028C 00000000 0
11076 4 3 000288 00000001 0
11077 4 3 000289 00000000 0
11078 4 3 00028A 00000000 0
11079 4 3 00028B 00000000 0
11080 4 3 00028C 00000000 0
11081 4 3 00028D 00000000 0
11082 4 3 00028E 00000000 0
11083 4 3 00028F 00000000 0
11085 3 2 0002CC 00000000 0
11101 4 3 0002C8 00000000 0
11102 4 3 0002C9 00000000 0
11103 4 3 0002CA 00000000 0
11104 4 3 0002CB 00000000 0
11105 4 3 0002CC 00000000 0
11106 4 3 0002CD 00000000 0
11107 4 3 0002CE 00000000 0
11108 4 3 0002CF 00000000 0
11340 0 1 000008 00000000 0
11356 4 3 000008 00000000 0
11357 4 3 000009 00000000 0
11358 4 3 00000A 00000000 0
11359 4 3 00000B 00000000 0
11360 4 3 00000C 00000000 0
11361 4 3 00000D 00000000 0
11362 4 3 00000E 00000000 0
11363 4 3 00000F 00000000 0
11365 1 1 000048 00000000 0
11381 4 3 000048 00000000 0
11382 4 3 000049 00000000 0
11383 4 3 00004A 00000000 0
11384 4 3 00004B 00000000 0
11385 4 3 00004C 00000000 0
11386 4 3 00004D 00000000 0
11387 4 3 00004E 00000000 0
11388 4 3 00004F 00000000 0
11390 2 1 000088 00000000 0
11406 4 3 000088 00000001 0
11407 4 3 000089 00000000 0
11408 4 3 00008A 00000000 0
11409 4 3 00008B 00000000 0
11410 4 3 00008C 00000000 0
11411 4 3 00008D 00000000 0
11412 4 3 00008E 00000000 0
11413 4 3 00008F 00000000 0
11415 3 1 0000C8 00000000 0
11431 4 3 0000C8 00000000 0
11432 4 3 0000C9 00000000 0
11433 4 3 0000CA 00000000 0
11434 4 3 0000CB 00000000 0
11435 4 3 0000CC 00000001 0
11436 4 3 0000CD 00000000 0
11437 4 3 0000CE 00000000 0
11438 4 3 0000CF 00000000 0
11657 0 2 00020D 00000000 0
11673 4 3 000208 00000000 0
11674 4 3 000209 00000000 0
11675 4 3 00020A 00000000 0
11676 4 3 00020B 00000000 0
11677 4 3 00020C 00000000 0
11678 4 3 00020D 00000000 0
11679 4 3 00020E 00000000 0
11680 4 3 00020F 00000000 0
11682 1 2 00024D 00000000 0
11698 4 3 000248 00000000 0
11699 4 3 000249 00000000 0
11700 4 3 00024A 00000000 0
11701 4 3 00024B 00000000 0
11702 4 3 00024C 00000000 0
11703 4 3 00024D 00000000 0
11704 4 3 00024E 00000000 0
11705 4 3 00024F 00000000 0
11707 2 2 00028D 00000000 0
11723 4 3 000288 00000001 0
11724 4 3 000289 00000000 0
11725 4 3 00028A 00000000 0
11726 4 3 00028B 00000000 0
11727 4 3 00028C 00000000 0
11728 4 3 00028D 00000000 0
11729 4 3 00028E 00000000 0
11730 4 3 00028F 00000000 0
11732 3 2 0002CD 00000000 0
11748 4 3 0002C8 00000000 0
11749 4 3 0002C9 00000000 0
11750 4 3 0002CA 00000000 0
11751 4 3 0002CB 00000000 0
11752 4 3 0002CC 00000001 0
11753 4 3 0002CD 00000000 0
11754 4 3 0002CE 00000000 0
11755 4 3 0002CF 00000000 0
11987 0 1 000008 00000000 0
12003 4 3 000008 00000000 0
12004 4 3 000009 00000000 0
12005 4 3 00000A 00000000 0
12006 4 3 00000B 00000000 0
12007 4 3 00000C 00000000 0
12008 4 3 00000D 00000000 0
12009 4 3 00000E 00000000 0
12010 4 3 00000F 00000000 0
12012 1 1 000048 00000000 0
12028 4 3 000048 00000000 0
12029 4 3 000049 00000000 0
12030 4 3 00004A 00000000 0
12031 4 3 00004B 00000000 0
12032 4 3 00004C 00000000 0
12033 4 3 00004D 00000000 0
12034 4 3 00004E 00000000 0
12035 4 3 00004F 00000000 0
12037 2 1 000088 00000000 0
12053 4 3 000088 00000001 0
12054 4 3 000089 00000000 0
12055 4 3 00008A 00000000 0
12056 4 3 00008B 00000000 0
12057 4 3 00008C 00000000 0
12058 4 3 00008D 00000000 0
12059 4 3 00008E 00000000 0
12060 4 3 00008F 00000000 0
12062 3 1 0000C8 00000000 0
12078 4 3 0000C8 00000000 0
12079 4 3 0000C9 00000000 0
12080 4 3 0000CA 00000000 0
12081 4 3 0000CB 00000000 0
12082 4 3 0000CC 00000001 0
12083 4 3 0000CD 00000000 0
12084 4 3 0000CE 00000000 0
12085 4 3 0000CF 00000000 0
12304 0 2 00020E 00000000 0
12320 4 3 000208 00000000 0
12321 4 3 000209 00000000 0
12322 4 3 00020A 00000000 0
12323 4 3 00020B 00000000 0
12324 4 3 00020C 00000000 0
12325 4 3 00020D 00000000 0
12326 4 3 00020E 00000000 0
12327 4 3 00020F 00000000 0
12329 1 2 00024E 00000000 0
12345 4 3 000248 00000000 0
12346 4 3 000249 00000000 0
12347 4 3 00024A 00000000 0
12348 4 3 00024B 00000000 0
12349 4 3 00024C 00000000 0
12350 4 3 00024D 00000000 0
12351 4 3 00024E 00000000 0
12352 4 3 00024F 00000000 0
12354 2 2 00028E 00000000 0
12370 4 3 000288 00000001 0
12371 4 3 000289 00000000 0
12372 4 3 00028A 00000000 0
12373 4 3 00028B 00000000 0
12374 4 3 00028C 00000000 0
12375 4 3 00028D 00000000 0
12376 4 3 00028E 00000000 0
12377 4 3 00028F 00000000 0
12379 3 2 0002CE 00000000 0
12395 4 3 0002C8 00000000 0
12396 4 3 0002C9 00000000 0
12397 4 3 0002CA 00000000 0
12398 4 3 0002CB 00000000 0
12399 4 3 0002CC 00000001 0
12400 4 3 0002CD 00000000 0
12401 4 3 0002CE 00000000 0
12402 4 3 0002CF 00000000 0
12634 0 1 000008 00000000 0
12650 4 3 000008 00000000 0
12651 4 3 000009 00000000 0
12652 4 3 00000A 00000000 0
12653 4 3 00000B 00000000 0
12654 4 3 00000C 00000000 0
12655 4 3 00000D 00000000 0
12656 4 3 00000E 00000000 0
12657 4 3 00000F 00000000 0
12659 1 1 000048 00000000 0
12675 4 3 000048 00000000 0
12676 4 3 000049 00000000 0
12677 4 3 00004A 00000000 0
12678 4 3 00004B 00000000 0
12679 4 3 00004C 00000000 0
12680 4 3 00004D 00000000 0
12681 4 3 00004E 00000000 0
12682 4 3 00004F 00000000 0
12684 2 1 000088 00000000 0
12700 4 3 000088 00000001 0
12701 4 3 000089 00000000 0
12702 4 3 00008A 00000000 0
12703 4 3 00008B 00000000 0
12704 4 3 00008C 00000000 0
12705 4 3 00008D 00000000 0
12706 4 3 00008E 00000000 0
12707 4 3 00008F 00000000 0
12709 3 1 0000C8 00000000 0
12725 4 3 0000C8 00000000 0
12726 4 3 0000C9 00000000 0
12727 4 3 0000CA 00000000 0
12728 4 3 0000CB 00000000 0
12729 4 3 0000CC 00000001 0
12730 4 3 0000CD 00000000 0
12731 4 3 0000CE 00000000 0
12732 4 3 0000CF 00000000 0
12951 0 2 00020F 00000000 0
12967 4 3 000208 00000000 0
12968 4 3 000209 00000000 0
12969 4 3 00020A 00000000 0
12970 4 3 00020B 00000000 0
12971 4 3 00020C 00000000 0
12972 4 3 00020D 00000000 0
12973 4 3 00020E 00000000 0
12974 4 3 00020F 00000000 0
12976 1 2 00024F 00000000 0
12992 4 3 000248 00000000 0
12993 4 3 000249 00000000 0
12994 4 3 00024A 00000000 0
12995 4 3 00024B 00000000 0
12996 4 3 00024C 00000000 0
12997 4 3 00024D 00000000 0
12998 4 3 00024E 00000000 0
12999 4 3 00024F 00000000 0
13001 2 2 00028F 00000000 0
13017 4 3 000288 00000001 0
13018 4 3 000289 00000000 0
13019 4 3 00028A 00000000 0
13020 4 3 00028B 00000000 0
13021 4 3 00028C 00000000 0
13022 4 3 00028D 00000000 0
13023 4 3 00028E 00000000 0
13024 4 3 00028F 00000000 0
13026 3 2 0002CF 00000000 0
13042 4 3 0002C8 00000000 0
13043 4 3 0002C9 00000000 0
13044 4 3 0002CA 00000000 0
13045 4 3 0002CB 00000000 0
13046 4 3 0002CC 00000001 0
13047 4 3 0002CD 00000000 0
13048 4 3 0002CE 00000000 0
13049 4 3 0002CF 00000000 0
13051 0 1 000010 00000000 0
13067 4 3 000010 00000000 0
13068 4 3 000011 00000001 0
13069 4 3 000012 00000000 0
13070 4 3 000013 00000000 0
13071 4 3 000014 00000000 0
13072 4 3 000015 00000000 0
13073 4 3 000016 00000000 0
13074 4 3 000017 00000000 0
13075 1 1 000050 00000000 0
13091 4 3 000050 00000000 0
13092 4 3 000051 00000000 0
13093 4 3 000052 00000000 0
13094 4 3 000053 00000000 0
13095 4 3 000054 00000000 0
13096 4 3 000055 00000001 0
13097 4 3 000056 00000000 0
13098 4 3 000057 00000000 0
13099 2 1 000090 00000000 0
13115 4 3 000090 00000000 0
13116 4 3 000091 00000000 0
13117 4 3 000092 00000000 0
13118 4 3 000093 00000000 0
13119 4 3 000094 00000000 0
13120 4 3 000095 00000000 0
13121 4 3 000096 00000000 0
13122 4 3 000097 00000000 0
13123 3 1 0000D0 00000000 0
13139 4 3 0000D0 00000000 0
13140 4 3 0000D1 00000000 0
13141 4 3 0000D2 00000000 0
13142 4 3 0000D3 00000000 0
13143 4 3 0000D4 00000000 0
13144 4 3 0000D5 00000000 0
13145 4 3 0000D6 00000000 0
13146 4 3 0000D7 00000000 0
13364 0 1 000018 00000000 0
13380 4 3 000018 00000000 0
13381 4 3 000019 00000000 0
13382 4 3 00001A 00000000 0
13383 4 3 00001B 00000000 0
13384 4 3 00001C 00000000 0
13385 4 3 00001D 00000000 0
13386 4 3 00001E 00000000 0
13387 4 3 00001F 00000000 0
13388 1 1 000058 00000000 0
13404 4 3 000058 00000000 0
13405 4 3 000059 00000000 0
13406 4 3 00005A 00000000 0
13407 4 3 00005B 00000000 0
13408 4 3 00005C 00000000 0
13409 4 3 00005D 00000000 0
13410 4 3 00005E 00000000 0
13411 4 3 00005F 00000000 0
13412 2 1 000098 00000000 0
13428 4 3 000098 00000000 0
13429 4 3 000099 00000001 0
13430 4 3 00009A 00000000 0
13431 4 3 00009B 00000000 0
13432 4 3 00009C 00000000 0
13433 4 3 00009D 00000000 0
13434 4 3 00009E 00000000 0
13435 4 3 00009F 00000000 0
13436 3 1 0000D8 00000000 0
13452 4 3 0000D8 00000000 0
13453 4 3 0000D9 00000000 0
13454 4 3 0000DA 00000000 0
13455 4 3 0000DB 00000000 0
13456 4 3 0000DC 00000000 0
13457 4 3 0000DD 00000001 0
13458 4 3 0000DE 00000000 0
13459 4 3 0000DF 00000000 0
13681 0 2 000210 00000000 0
13697 4 3 000210 00000000 0
13698 4 3 000211 00000000 0
13699 4 3 000212 00000000 0
13700 4 3 000213 00000000 0
13701 4 3 000214 00000000 0
13702 4 3 000215 00000000 0
13703 4 3 000216 00000000 0
13704 4 3 000217 00000000 0
13706 1 2 000250 00000000 0
13722 4 3 000250 00000000 0
13723 4 3 000251 00000000 0
13724 4 3 000252 00000000 0
13725 4 3 000253 00000000 0
13726 4 3 000254 00000000 0
13727 4 3 000255 00000000 0
13728 4 3 000256 00000000 0
13729 4 3 000257 00000000 0
13731 2 2 000290 00000000 0
13747 4 3 000290 00000000 0
13748 4 3 000291 00000000 0
13749 4 3 000292 00000000 0
13750 4 3 000293 00000000 0
13751 4 3 000294 00000000 0
13752 4 3 000295 00000000 0
13753 4 3 000296 00000000 0
13754 4 3 000297 00000000 0
13756 3 2 0002D0 00000000 0
13772 4 3 0002D0 00000000 0
13773 4 3 0002D1 00000000 0
13774 4 3 0002D2 00000000 0
13775 4 3 0002D3 00000000 0
13776 4 3 0002D4 00000000 0
13777 4 3 0002D5 00000000 0
13778 4 3 0002D6 00000000 0
13779 4 3 0002D7 00000000 0
13781 0 1 000010 00000000 0
13797 4 3 000010 00000000 0
13798 4 3 000011 00000001 0
13799 4 3 000012 00000000 0
13800 4 3 000013 00000000 0
13801 4 3 000014 00000000 0
13802 4 3 000015 00000000 0
13803 4 3 000016 00000000 0
13804 4 3 000017 00000000 0
13805 1 1 000050 00000000 0
13821 4 3 000050 00000000 0
13822 4 3 000051 00000000 0
13823 4 3 000052 00000000 0
13824 4 3 000053 00000000 0
13825 4 3 000054 00000000 0
13826 4 3 000055 00000001 0
13827 4 3 000056 00000000 0
13828 4 3 000057 00000000 0
13829 2 1 000090 00000000 0
13845 4 3 000090 00000000 0
13846 4 3 000091 00000000 0
13847 4 3 000092 00000000 0
13848 4 3 000093 00000000 0
13849 4 3 000094 00000000 0
13850 4 3 000095 00000000 0
13851 4 3 000096 00000000 0
13852 4 3 000097 00000000 0
13853 3 1 0000D0 00000000 0
13869 4 3 0000D0 00000000 0
13870 4 3 0000D1 00000000 0
13871 4 3 0000D2 00000000 0
13872 4 3 0000D3 00000000 0
13873 4 3 0000D4 00000000 0
13874 4 3 0000D5 00000000 0
13875 4 3 0000D6 00000000 0
13876 4 3 0000D7 00000000 0
14386 0 2 000211 00000000 0
14402 4 3 000210 00000000 0
14403 4 3 000211 00000000 0
14404 4 3 000212 00000000 0
14405 4 3 000213 00000000 0
14406 4 3 000214 00000000 0
14407 4 3 000215 00000000 0
14408 4 3 000216 00000000 0
14409 4 3 000217 00000000 0
14411 1 2 000251 00000000 0
14427 4 3 000250 00000000 0
14428 4 3 000251 00000000 0
14429 4 3 000252 00000000 0
14430 4 3 000253 00000000 0
14431 4 3 000254 00000000 0
14432 4 3 000255 00000000 0
14433 4 3 000256 00000000 0
14434 4 3 000257 00000000 0
14436 2 2 000291 00000000 0
14452 4 3 000290 00000000 0
14453 4 3 000291 00000000 0
14454 4 3 000292 00000000 0
14455 4 3 000293 00000000 0
14456 4 3 000294 00000000 0
14457 4 3 000295 00000000 0
14458 4 3 000296 00000000 0
14459 4 3 000297 00000000 0
14461 3 2 0002D1 00000000 0
14477 4 3 0002D0 00000000 0
14478 4 3 0002D1 00000000 0
14479 4 3 0002D2 00000000 0
14480 4 3 0002D3 00000000 0
14481 4 3 0002D4 00000000 0
14482 4 3 0002D5 00000000 0
14483 4 3 0002D6 00000000 0
14484 4 3 0002D7 00000000 0
14486 0 1 000010 00000000 0
14502 4 3 000010 00000000 0
14503 4 3 000011 00000001 0
14504 4 3 000012 00000000 0
14505 4 3 000013 00000000 0
14506 4 3 000014 00000000 0
14507 4 3 000015 00000000 0
14508 4 3 000016 00000000 0
14509 4 3 000017 00000000 0
14510 1 1 000050 00000000 0
14526 4 3 000050 00000000 0
14527 4 3 000051 00000000 0
14528 4 3 000052 00000000 0
14529 4 3 000053 00000000 0
14530 4 3 000054 00000000 0
14531 4 3 000055 00000001 0
14532 4 3 000056 00000000 0
14533 4 3 000057 00000000 0
14534 2 1 000090 00000000 0
14550 4 3 000090 00000000 0
14551 4 3 000091 00000000 0
14552 4 3 000092 00000000 0
14553 4 3 000093 00000000 0
14554 4 3 000094 00000000 0
14555 4 3 000095 00000000 0
14556 4 3 000096 00000000 0
14557 4 3 000097 00000000 0
14558 3 1 0000D0 00000000 0
14574 4 3 0000D0 00000000 0
14575 4 3 0000D1 00000000 0
14576 4 3 0000D2 00000000 0
14577 4 3 0000D3 00000000 0
14578 4 3 0000D4 00000000 0
14579 4 3 0000D5 00000000 0
14580 4 3 0000D6 00000000 0
14581 4 3 0000D7 00000000 0
15091 0 2 000212 00000000 0
15107 4 3 000210 00000000 0
15108 4 3 000211 00000001 0
15109 4 3 000212 00000000 0
15110 4 3 000213 00000000 0
15111 4 3 000214 00000000 0
15112 4 3 000215 00000000 0
15113 4 3 000216 00000000 0
15114 4 3 000217 00000000 0
15116 1 2 000252 00000000 0
15132 4 3 000250 00000000 0
15133 4 3 000251 00000000 0
15134 4 3 000252 00000000 0
15135 4 3 000253 00000000 0
15136 4 3 000254 00000000 0
15137 4 3 000255 00000000 0
15138 4 3 000256 00000000 0
15139 4 3 000257 00000000 0
15141 2 2 000292 00000000 0
15157 4 3 000290 00000000 0
15158 4 3 000291 00000000 0
15159 4 3 000292 00000000 0
15160 4 3 000293 00000000 0
15161 4 3 000294 00000000 0
15162 4 3 000295 00000000 0
15163 4 3 000296 00000000 0
15164 4 3 000297 00000000 0
15166 3 2 0002D2 00000000 0
15182 4 3 0002D0 00000000 0
15183 4 3 0002D1 00000000 0
15184 4 3 0002D2 00000000 0
15185 4 3 0002D3 00000000 0
15186 4 3 0002D4 00000000 0
15187 4 3 0002D5 00000000 0
15188 4 3 0002D6 00000000 0
15189 4 3 0002D7 00000000 0
15191 0 1 000010 00000000 0
15207 4 3 000010 00000000 0
15208 4 3 000011 00000001 0
15209 4 3 000012 00000000 0
15210 4 3 000013 00000000 0
15211 4 3 000014 00000000 0
15212 4 3 000015 00000000 0
15213 4 3 000016 00000000 0
15214 4 3 000017 00000000 0
15215 1 1 000050 00000000 0
15231 4 3 000050 00000000 0
15232 4 3 000051 00000000 0
15233 4 3 000052 00000000 0
15234 4 3 000053 00000000 0
15235 4 3 000054 00000000 0
15236 4 3 000055 00000001 0
15237 4 3 000056 00000000 0
15238 4 3 000057 00000000 0
15239 2 1 000090 00000000 0
15255 4 3 000090 00000000 0
15256 4 3 000091 00000000 0
15257 4 3 000092 00000000 0
15258 4 3 000093 00000000 0
15259 4 3 000094 00000000 0
15260 4 3 000095 00000000 0
15261 4 3 000096 00000000 0
15262 4 3 000097 00000000 0
15263 3 1 0000D0 00000000 0
15279 4 3 0000D0 00000000 0
15280 4 3 0000D1 00000000 0
15281 4 3 0000D2 00000000 0
15282 4 3 0000D3 00000000 0
15283 4 3 0000D4 00000000 0
15284 4 3 0000D5 00000000 0
15285 4 3 0000D6 00000000 0
15286 4 3 0000D7 00000000 0
15796 0 2 000213 00000000 0
15812 4 3 000210 00000000 0
15813 4 3 000211 00000001 0
15814 4 3 000212 00000000 0
15815 4 3 000213 00000000 0
15816 4 3 000214 00000000 0
15817 4 3 000215 00000000 0
15818 4 3 000216 00000000 0
15819 4 3 000217 00000000 0
15821 1 2 000253 00000000 0
15837 4 3 000250 00000000 0
15838 4 3 000251 00000000 0
15839 4 3 000252 00000000 0
15840 4 3 000253 00000000 0
15841 4 3 000254 00000000 0
15842 4 3 000255 00000000 0
15843 4 3 000256 00000000 0
15844 4 3 000257 00000000 0
15846 2 2 000293 00000000 0
15862 4 3 000290 00000000 0
15863 4 3 000291 00000000 0
15864 4 3 000292 00000000 0
15865 4 3 000293 00000000 0
15866 4 3 000294 00000000 0
15867 4 3 000295 00000000 0
15868 4 3 000296 00000000 0
15869 4 3 000297 00000000 0
15871 3 2 0002D3 00000000 0
15887 4 3 0002D0 00000000 0
15888 4 3 0002D1 00000000 0
15889 4 3 0002D2 00000000 0
15890 4 3 0002D3 00000000 0
15891 4 3 0002D4 00000000 0
15892 4 3 0002D5 00000000 0
15893 4 3 0002D6 00000000 0
15894 4 3 0002D7 00000000 0
15896 0 1 000010 00000000 0
15912 4 3 000010 00000000 0
15913 4 3 000011 00000001 0
15914 4 3 000012 00000000 0
15915 4 3 000013 00000000 0
15916 4 3 000014 00000000 0
15917 4 3 000015 00000000 0
15918 4 3 000016 00000000 0
15919 4 3 000017 00000000 0
15920 1 1 000050 00000000 0
15936 4 3 000050 00000000 0
15937 4 3 000051 00000000 0
15938 4 3 000052 00000000 0
15939 4 3 000053 00000000 0
15940 4 3 000054 00000000 0
15941 4 3 000055 00000001 0
15942 4 3 000056 00000000 0
15943 4 3 000057 00000000 0
15944 2 1 000090 00000000 0
15960 4 3 000090 00000000 0
15961 4 3 000091 00000000 0
15962 4 3 000092 00000000 0
15963 4 3 000093 00000000 0
15964 4 3 000094 00000000 0
15965 4 3 000095 00000000 0
15966 4 3 000096 00000000 0
15967 4 3 000097 00000000 0
15968 3 1 0000D0 00000000 0
15984 4 3 0000D0 00000000 0
15985 4 3 0000D1 00000000 0
15986 4 3 0000D2 00000000 0
15987 4 3 0000D3 00000000 0
15988 4 3 0000D4 00000000 0
15989 4 3 0000D5 00000000 0
15990 4 3 0000D6 00000000 0
15991 4 3 0000D7 00000000 0
16501 0 2 000214 00000000 0
16517 4 3 000210 00000000 0
16518 4 3 000211 00000001 0
16519 4 3 000212 00000000 0
16520 4 3 000213 00000000 0
16521 4 3 000214 00000000 0
16522 4 3 000215 00000000 0
16523 4 3 000216 00000000 0
16524 4 3 000217 00000000 0
16526 1 2 000254 00000000 0
16542 4 3 000250 00000000 0
16543 4 3 000251 00000000 0
16544 4 3 000252 00000000 0
16545 4 3 000253 00000000 0
16546 4 3 000254 00000000 0
16547 4 3 000255 00000000 0
16548 4 3 000256 00000000 0
16549 4 3 000257 00000000 0
16551 2 2 000294 00000000 0
16567 4 3 000290 00000000 0
16568 4 3 000291 00000000 0
16569 4 3 000292 00000000 0
16570 4 3 000293 00000000 0
16571 4 3 000294 00000000 0
16572 4 3 000295 00000000 0
16573 4 3 000296 00000000 0
16574 4 3 000297 00000000 0
16576 3 2 0002D4 00000000 0
16592 4 3 0002D0 00000000 0
16593 4 3 0002D1 00000000 0
16594 4 3 0002D2 00000000 0
16595 4 3 0002D3 00000000 0
16596 4 3 0002D4 00000000 0
16597 4 3 0002D5 00000000 0
16598 4 3 0002D6 00000000 0
16599 4 3 0002D7 00000000 0
16601 0 1 000010 00000000 0
16617 4 3 000010 00000000 0
16618 4 3 000011 00000001 0
16619 4 3 000012 00000000 0
16620 4 3 000013 00000000 0
16621 4 3 000014 00000000 0
16622 4 3 000015 00000000 0
16623 4 3 000016 00000000 0
16624 4 3 000017 00000000 0
16625 1 1 000050 00000000 0
16641 4 3 000050 00000000 0
16642 4 3 000051 00000000 0
16643 4 3 000052 00000000 0
16644 4 3 000053 00000000 0
16645 4 3 000054 00000000 0
16646 4 3 000055 00000001 0
16647 4 3 000056 00000000 0
16648 4 3 000057 00000000 0
16649 2 1 000090 00000000 0
16665 4 3 000090 00000000 0
16666 4 3 000091 00000000 0
16667 4 3 000092 00000000 0
16668 4 3 000093 00000000 0
16669 4 3 000094 00000000 0
16670 4 3 000095 00000000 0
16671 4 3 000096 00000000 0
16672 4 3 000097 00000000 0
16673 3 1 0000D0 00000000 0
16689 4 3 0000D0 00000000 0
16690 4 3 0000D1 00000000 0
16691 4 3 0000D2 00000000 0
16692 4 3 0000D3 00000000 0
16693 4 3 0000D4 00000000 0
16694 4 3 0000D5 00000000 0
16695 4 3 0000D6 00000000 0
16696 4 3 0000D7 00000000 0
17206 0 2 000215 00000000 0
17222 4 3 000210 00000000 0
17223 4 3 000211 00000001 0
17224 4 3 000212 00000000 0
17225 4 3 000213 00000000 0
17226 4 3 000214 00000000 0
17227 4 3 000215 00000000 0
17228 4 3 000216 00000000 0
17229 4 3 000217 00000000 0
17231 1 2 000255 00000000 0
17247 4 3 000250 00000000 0
17248 4 3 000251 00000000 0
17249 4 3 000252 00000000 0
17250 4 3 000253 00000000 0
17251 4 3 000254 00000000 0
17252 4 3 000255 00000000 0
17253 4 3 000256 00000000 0
17254 4 3 000257 00000000 0
17256 2 2 000295 00000000 0
17272 4 3 000290 00000000 0
17273 4 3 000291 00000000 0
17274 4 3 000292 00000000 0
17275 4 3 000293 00000000 0
17276 4 3 000294 00000000 0
17277 4 3 000295 00000000 0
17278 4 3 000296 00000000 0
17279 4 3 000297 00000000 0
17281 3 2 0002D5 00000000 0
17297 4 3 0002D0 00000000 0
17298 4 3 0002D1 00000000 0
17299 4 3 0002D2 00000000 0
17300 4 3 0002D3 00000000 0
17301 4 3 0002D4 00000000 0
17302 4 3 0002D5 00000000 0
17303 4 3 0002D6 00000000 0
17304 4 3 0002D7 00000000 0
17306 0 1 000010 00000000 0
17322 4 3 000010 00000000 0
17323 4 3 000011 00000001 0
17324 4 3 000012 00000000 0
17325 4 3 000013 00000000 0
17326 4 3 000014 00000000 0
17327 4 3 000015 00000000 0
17328 4 3 000016 00000000 0
17329 4 3 000017 00000000 0
17330 1 1 000050 00000000 0
17346 4 3 000050 00000000 0
17347 4 3 000051 00000000 0
17348 4 3 000052 00000000 0
17349 4 3 000053 00000000 0
17350 4 3 000054 00000000 0
17351 4 3 000055 00000001 0
17352 4 3 000056 00000000 0
17353 4 3 000057 00000000 0
17354 2 1 000090 00000000 0
17370 4 3 000090 00000000 0
17371 4 3 000091 00000000 0
17372 4 3 000092 00000000 0
17373 4 3 000093 00000000 0
17374 4 3 000094 00000000 0
17375 4 3 000095 00000000 0
17376 4 3 000096 00000000 0
17377 4 3 000097 00000000 0
17378 3 1 0000D0 00000000 0
17394 4 3 0000D0 00000000 0
17395 4 3 0000D1 00000000 0
17396 4 3 0000D2 00000000 0
17397 4 3 0000D3 00000000 0
17398 4 3 0000D4 00000000 0
17399 4 3 0000D5 00000000 0
17400 4 3 0000D6 00000000 0
17401 4 3 0000D7 00000000 0
17911 0 2 000216 00000000 0
17927 4 3 000210 00000000 0
17928 4 3 000211 00000001 0
17929 4 3 000212 00000000 0
17930 4 3 000213 00000000 0
17931 4 3 000214 00000000 0
17932 4 3 000215 00000000 0
17933 4 3 000216 00000000 0
17934 4 3 000217 00000000 0
17936 1 2 000256 00000000 0
17952 4 3 000250 00000000 0
17953 4 3 000251 00000000 0
17954 4 3 000252 00000000 0
17955 4 3 000253 00000000 0
17956 4 3 000254 00000000 0
17957 4 3 000255 00000001 0
17958 4 3 000256 00000000 0
17959 4 3 000257 00000000 0
17961 2 2 000296 00000000 0
17977 4 3 000290 00000000 0
17978 4 3 000291 00000000 0
17979 4 3 000292 00000000 0
17980 4 3 000293 00000000 0
17981 4 3 000294 00000000 0
17982 4 3 000295 00000000 0
17983 4 3 000296 00000000 0
17984 4 3 000297 00000000 0
17986 3 2 0002D6 00000000 0
18002 4 3 0002D0 00000000 0
18003 4 3 0002D1 00000000 0
18004 4 3 0002D2 00000000 0
18005 4 3 0002D3 00000000 0
18006 4 3 0002D4 00000000 0
18007 4 3 0002D5 00000000 0
18008 4 3 0002D6 00000000 0
18009 4 3 0002D7 00000000 0
18011 0 1 000010 00000000 0
18027 4 3 000010 00000000 0
18028 4 3 000011 00000001 0
18029 4 3 000012 00000000 0
18030 4 3 000013 00000000 0
18031 4 3 000014 00000000 0
18032 4 3 000015 00000000 0
18033 4 3 000016 00000000 0
18034 4 3 000017 00000000 0
18035 1 1 000050 00000000 0
18051 4 3 000050 00000000 0
18052 4 3 000051 00000000 0
18053 4 3 000052 00000000 0
18054 4 3 000053 00000000 0
18055 4 3 000054 00000000 0
18056 4 3 000055 00000001 0
18057 4 3 000056 00000000 0
18058 4 3 000057 00000000 0
18059 2 1 000090 00000000 0
18075 4 3 000090 00000000 0
18076 4 3 000091 00000000 0
18077 4 3 000092 00000000 0
18078 4 3 000093 00000000 0
18079 4 3 000094 00000000 0
18080 4 3 000095 00000000 0
18081 4 3 000096 00000000 0
18082 4 3 000097 00000000 0
18083 3 1 0000D0 00000000 0
18099 4 3 0000D0 00000000 0
18100 4 3 0000D1 00000000 0
18101 4 3 0000D2 00000000 0
18102 4 3 0000D3 00000000 0
18103 4 3 0000D4 00000000 0
18104 4 3 0000D5 00000000 0
18105 4 3 0000D6 00000000 0
18106 4 3 0000D7 00000000 0
18616 0 2 000217 00000000 0
18632 4 3 000210 00000000 0
18633 4 3 000211 00000001 0
18634 4 3 000212 00000000 0
18635 4 3 000213 00000000 0
18636 4 3 000214 00000000 0
18637 4 3 000215 00000000 0
18638 4 3 000216 00000000 0
18639 4 3 000217 00000000 0
18641 1 2 000257 00000000 0
18657 4 3 000250 00000000 0
18658 4 3 000251 00000000 0
18659 4 3 000252 00000000 0
18660 4 3 000253 00000000 0
18661 4 3 000254 00000000 0
18662 4 3 000255 00000001 0
18663 4 3 000256 00000000 0
18664 4 3 000257 00000000 0
18666 2 2 000297 00000000 0
18682 4 3 000290 00000000 0
18683 4 3 000291 00000000 0
18684 4 3 000292 00000000 0
18685 4 3 000293 00000000 0
18686 4 3 000294 00000000 0
18687 4 3 000295 00000000 0
18688 4 3 000296 00000000 0
18689 4 3 000297 00000000 0
18691 3 2 0002D7 00000000 0
18707 4 3 0002D0 00000000 0
18708 4 3 0002D1 00000000 0
18709 4 3 0002D2 00000000 0
18710 4 3 0002D3 00000000 0
18711 4 3 0002D4 00000000 0
18712 4 3 0002D5 00000000 0
18713 4 3 0002D6 00000000 0
18714 4 3 0002D7 00000000 0
18716 0 1 000010 00000000 0
18732 4 3 000010 00000000 0
18733 4 3 000011 00000001 0
18734 4 3 000012 00000000 0
18735 4 3 000013 00000000 0
18736 4 3 000014 00000000 0
18737 4 3 000015 00000000 0
18738 4 3 000016 00000000 0
18739 4 3 000017 00000000 0
18740 1 1 000050 00000000 0
18756 4 3 000050 00000000 0
18757 4 3 000051 00000000 0
18758 4 3 000052 00000000 0
18759 4 3 000053 00000000 0
18760 4 3 000054 00000000 0
18761 4 3 000055 00000001 0
18762 4 3 000056 00000000 0
18763 4 3 000057 00000000 0
18764 2 1 000090 00000000 0
18780 4 3 000090 00000000 0
18781 4 3 000091 00000000 0
18782 4 3 000092 00000000 0
18783 4 3 000093 00000000 0
18784 4 3 000094 00000000 0
18785 4 3 000095 00000000 0
18786 4 3 000096 00000000 0
18787 4 3 000097 00000000 0
18788 3 1 0000D0 00000000 0
18804 4 3 0000D0 00000000 0
18805 4 3 0000D1 00000000 0
18806 4 3 0000D2 00000000 0
18807 4 3 0000D3 00000000 0
18808 4 3 0000D4 00000000 0
18809 4 3 0000D5 00000000 0
18810 4 3 0000D6 00000000 0
18811 4 3 0000D7 00000000 0
19321 0 2 000218 00000000 0
19337 4 3 000218 00000000 0
19338 4 3 000219 00000000 0
19339 4 3 00021A 00000000 0
19340 4 3 00021B 00000000 0
19341 4 3 00021C 00000000 0
19342 4 3 00021D 00000000 0
19343 4 3 00021E 00000000 0
19344 4 3 00021F 00000000 0
19346 1 2 000258 00000000 0
19362 4 3 000258 00000000 0
19363 4 3 000259 00000000 0
19364 4 3 00025A 00000000 0
19365 4 3 00025B 00000000 0
19366 4 3 00025C 00000000 0
19367 4 3 00025D 00000000 0
19368 4 3 00025E 00000000 0
19369 4 3 00025F 00000000 0
19371 2 2 000298 00000000 0
19387 4 3 000298 00000000 0
19388 4 3 000299 00000000 0
19389 4 3 00029A 00000000 0
19390 4 3 00029B 00000000 0
19391 4 3 00029C 00000000 0
19392 4 3 00029D 00000000 0
19393 4 3 00029E 00000000 0
19394 4 3 00029F 00000000 0
19396 3 2 0002D8 00000000 0
19412 4 3 0002D8 00000000 0
19413 4 3 0002D9 00000000 0
19414 4 3 0002DA 00000000 0
19415 4 3 0002DB 00000000 0
19416 4 3 0002DC 00000000 0
19417 4 3 0002DD 00000000 0
19418 4 3 0002DE 00000000 0
19419 4 3 0002DF 00000000 0
19651 0 1 000018 00000000 0
19667 4 3 000018 00000000 0
19668 4 3 000019 00000000 0
19669 4 3 00001A 00000000 0
19670 4 3 00001B 00000000 0
19671 4 3 00001C 00000000 0
19672 4 3 00001D 00000000 0
19673 4 3 00001E 00000000 0
19674 4 3 00001F 00000000 0
19676 1 1 000058 00000000 0
19692 4 3 000058 00000000 0
19693 4 3 000059 00000000 0
19694 4 3 00005A 00000000 0
19695 4 3 00005B 00000000 0
19696 4 3 00005C 00000000 0
19697 4 3 00005D 00000000 0
19698 4 3 00005E 00000000 0
19699 4 3 00005F 00000000 0
19701 2 1 000098 00000000 0
19717 4 3 000098 00000000 0
19718 4 3 000099 00000001 0
19719 4 3 00009A 00000000 0
19720 4 3 00009B 00000000 0
19721 4 3 00009C 00000000 0
19722 4 3 00009D 00000000 0
19723 4 3 00009E 00000000 0
19724 4 3 00009F 00000000 0
19726 3 1 0000D8 00000000 0
19742 4 3 0000D8 00000000 0
19743 4 3 0000D9 00000000 0
19744 4 3 0000DA 00000000 0
19745 4 3 0000DB 00000000 0
19746 4 3 0000DC 00000000 0
19747 4 3 0000DD 00000001 0
19748 4 3 0000DE 00000000 0
19749 4 3 0000DF 00000000 0
19968 0 2 000219 00000000 0
19984 4 3 000218 00000000 0
19985 4 3 000219 00000000 0
19986 4 3 00021A 00000000 0
19987 4 3 00021B 00000000 0
19988 4 3 00021C 00000000 0
19989 4 3 00021D 00000000 0
19990 4 3 00021E 00000000 0
19991 4 3 00021F 00000000 0
19993 1 2 000259 00000000 0
20009 4 3 000258 00000000 0
20010 4 3 000259 00000000 0
20011 4 3 00025A 00000000 0
20012 4 3 00025B 00000000 0
20013 4 3 00025C 00000000 0
20014 4 3 00025D 00000000 0
20015 4 3 00025E 00000000 0
20016 4 3 00025F 00000000 0
20018 2 2 000299 00000000 0
20034 4 3 000298 00000000 0
20035 4 3 000299 00000000 0
20036 4 3 00029A 00000000 0
20037 4 3 00029B 00000000 0
20038 4 3 00029C 00000000 0
20039 4 3 00029D 00000000 0
20040 4 3 00029E 00000000 0
20041 4 3 00029F 00000000 0
20043 3 2 0002D9 00000000 0
20059 4 3 0002D8 00000000 0
20060 4 3 0002D9 00000000 0
20061 4 3 0002DA 00000000 0
20062 4 3 0002DB 00000000 0
20063 4 3 0002DC 00000000 0
20064 4 3 0002DD 00000000 0
20065 4 3 0002DE 00000000 0
20066 4 3 0002DF 00000000 0
20298 0 1 000018 00000000 0
20314 4 3 000018 00000000 0
20315 4 3 000019 00000000 0
20316 4 3 00001A 00000000 0
20317 4 3 00001B 00000000 0
20318 4 3 00001C 00000000 0
20319 4 3 00001D 00000000 0
20320 4 3 00001E 00000000 0
20321 4 3 00001F 00000000 0
20323 1 1 000058 00000000 0
20339 4 3 000058 00000000 0
20340 4 3 000059 00000000 0
20341 4 3 00005A 00000000 0
20342 4 3 00005B 00000000 0
20343 4 3 00005C 00000000 0
20344 4 3 00005D 00000000 0
20345 4 3 00005E 00000000 0
20346 4 3 00005F 00000000 0
20348 2 1 000098 00000000 0
20364 4 3 000098 00000000 0
20365 4 3 000099 00000001 0
20366 4 3 00009A 00000000 0
20367 4 3 00009B 00000000 0
20368 4 3 00009C 00000000 0
20369 4 3 00009D 00000000 0
20370 4 3 00009E 00000000 0
20371 4 3 00009F 00000000 0
20373 3 1 0000D8 00000000 0
20389 4 3 0000D8 00000000 0
20390 4 3 0000D9 00000000 0
20391 4 3 0000DA 00000000 0
20392 4 3 0000DB 00000000 0
20393 4 3 0000DC 00000000 0
20394 4 3 0000DD 00000001 0
20395 4 3 0000DE 00000000 0
20396 4 3 0000DF 00000000 0
20615 0 2 00021A 00000000 0
20631 4 3 000218 00000000 0
20632 4 3 000219 00000000 0
20633 4 3 00021A 00000000 0
20634 4 3 00021B 00000000 0
20635 4 3 00021C 00000000 0
20636 4 3 00021D 00000000 0
20637 4 3 00021E 00000000 0
20638 4 3 00021F 00000000 0
20640 1 2 00025A 00000000 0
20656 4 3 000258 00000000 0
20657 4 3 000259 00000000 0
20658 4 3 00025A 00000000 0
20659 4 3 00025B 00000000 0
20660 4 3 00025C 00000000 0
20661 4 3 00025D 00000000 0
20662 4 3 00025E 00000000 0
20663 4 3 00025F 00000000 0
20665 2 2 00029A 00000000 0
20681 4 3 000298 00000000 0
20682 4 3 000299 00000001 0
20683 4 3 00029A 00000000 0
20684 4 3 00029B 00000000 0
20685 4 3 00029C 00000000 0
20686 4 3 00029D 00000000 0
20687 4 3 00029E 00000000 0
20688 4 3 00029F 00000000 0
20690 3 2 0002DA 00000000 0
20706 4 3 0002D8 00000000 0
20707 4 3 0002D9 00000000 0
20708 4 3 0002DA 00000000 0
20709 4 3 0002DB 00000000 0
20710 4 3 0002DC 00000000 0
20711 4 3 0002DD 00000000 0
20712 4 3 0002DE 00000000 0
20713 4 3 0002DF 00000000 0
20945 0 1 000018 00000000 0
20961 4 3 000018 00000000 0
20962 4 3 000019 00000000 0
20963 4 3 00001A 00000000 0
20964 4 3 00001B 00000000 0
20965 4 3 00001C 00000000 0
20966 4 3 00001D 00000000 0
20967 4 3 00001E 00000000 0
20968 4 3 00001F 00000000 0
20970 1 1 000058 00000000 0
20986 4 3 000058 00000000 0
20987 4 3 000059 00000000 0
20988 4 3 00005A 00000000 0
20989 4 3 00005B 00000000 0
20990 4 3 00005C 00000000 0
20991 4 3 00005D 00000000 0
20992 4 3 00005E 00000000 0
20993 4 3 00005F 00000000 0
20995 2 1 000098 00000000 0
21011 4 3 000098 00000000 0
21012 4 3 000099 00000001 0
21013 4 3 00009A 00000000 0
21014 4 3 00009B 00000000 0
21015 4 3 00009C 00000000 0
21016 4 3 00009D 00000000 0
21017 4 3 00009E 00000000 0
21018 4 3 00009F 00000000 0
21020 3 1 0000D8 00000000 0
21036 4 3 0000D8 00000000 0
21037 4 3 0000D9 00000000 0
21038 4 3 0000DA 00000000 0
21039 4 3 0000DB 00000000 0
21040 4 3 0000DC 00000000 0
21041 4 3 0000DD 00000001 0
21042 4 3 0000DE 00000000 0
21043 4 3 0000DF 00000000 0
21262 0 2 00021B 00000000 0
21278 4 3 000218 00000000 0
21279 4 3 000219 00000000 0
21280 4 3 00021A 00000000 0
21281 4 3 00021B 00000000 0
21282 4 3 00021C 00000000 0
21283 4 3 00021D 00000000 0
21284 4 3 00021E 00000000 0
21285 4 3 00021F 00000000 0
21287 1 2 00025B 00000000 0
21303 4 3 000258 00000000 0
21304 4 3 000259 00000000 0
21305 4 3 00025A 00000000 0
21306 4 3 00025B 00000000 0
21307 4 3 00025C 00000000 0
21308 4 3 00025D 00000000 0
21309 4 3 00025E 00000000 0
21310 4 3 00025F 00000000 0
21312 2 2 00029B 00000000 0
21328 4 3 000298 00000000 0
21329 4 3 000299 00000001 0
21330 4 3 00029A 00000000 0
21331 4 3 00029B 00000000 0
21332 4 3 00029C 00000000 0
21333 4 3 00029D 00000000 0
21334 4 3 00029E 00000000 0
21335 4 3 00029F 00000000 0
21337 3 2 0002DB 00000000 0
21353 4 3 0002D8 00000000 0
21354 4 3 0002D9 00000000 0
21355 4 3 0002DA 00000000 0
21356 4 3 0002DB 00000000 0
21357 4 3 0002DC 00000000 0
21358 4 3 0002DD 00000000 0
21359 4 3 0002DE 00000000 0
21360 4 3 0002DF 00000000 0
21592 0 1 000018 00000000 0
21608 4 3 000018 00000000 0
21609 4 3 000019 00000000 0
21610 4 3 00001A 00000000 0
21611 4 3 00001B 00000000 0
21612 4 3 00001C 00000000 0
21613 4 3 00001D 00000000 0
21614 4 3 00001E 00000000 0
21615 4 3 00001F 00000000 0
21617 1 1 000058 00000000 0
21633 4 3 000058 00000000 0
21634 4 3 000059 00000000 0
21635 4 3 00005A 00000000 0
21636 4 3 00005B 00000000 0
21637 4 3 00005C 00000000 0
21638 4 3 00005D 00000000 0
21639 4 3 00005E 00000000 0
21640 4 3 00005F 00000000 0
21642 2 1 000098 00000000 0
21658 4 3 000098 00000000 0
21659 4 3 000099 00000001 0
21660 4 3 00009A 00000000 0
21661 4 3 00009B 00000000 0
21662 4 3 00009C 00000000 0
21663 4 3 00009D 00000000 0
21664 4 3 00009E 00000000 0
21665 4 3 00009F 00000000 0
21667 3 1 0000D8 00000000 0
21683 4 3 0000D8 00000000 0
21684 4 3 0000D9 00000000 0
21685 4 3 0000DA 00000000 0
21686 4 3 0000DB 00000000 0
21687 4 3 0000DC 00000000 0
21688 4 3 0000DD 00000001 0
21689 4 3 0000DE 00000000 0
21690 4 3 0000DF 00000000 0
21909 0 2 00021C 00000000 0
21925 4 3 000218 00000000 0
21926 4 3 000219 00000000 0
21927 4 3 00021A 00000000 0
21928 4 3 00021B 00000000 0
21929 4 3 00021C 00000000 0
21930 4 3 00021D 00000000 0
21931 4 3 00021E 00000000 0
21932 4 3 00021F 00000000 0
21934 1 2 00025C 00000000 0
21950 4 3 000258 00000000 0
21951 4 3 000259 00000000 0
21952 4 3 00025A 00000000 0
21953 4 3 00025B 00000000 0
21954 4 3 00025C 00000000 0
21955 4 3 00025D 00000000 0
21956 4 3 00025E 00000000 0
21957 4 3 00025F 00000000 0
21959 2 2 00029C 00000000 0
21975 4 3 000298 00000000 0
21976 4 3 000299 00000001 0
21977 4 3 00029A 00000000 0
21978 4 3 00029B 00000000 0
21979 4 3 00029C 00000000 0
21980 4 3 00029D 00000000 0
21981 4 3 00029E 00000000 0
21982 4 3 00029F 00000000 0
21984 3 2 0002DC 00000000 0
22000 4 3 0002D8 00000000 0
22001 4 3 0002D9 00000000 0
22002 4 3 0002DA 00000000 0
22003 4 3 0002DB 00000000 0
22004 4 3 0002DC 00000000 0
22005 4 3 0002DD 00000000 0
22006 4 3 0002DE 00000000 0
22007 4 3 0002DF 00000000 0
22239 0 1 000018 00000000 0
22255 4 3 000018 00000000 0
22256 4 3 000019 00000000 0
22257 4 3 00001A 00000000 0
22258 4 3 00001B 00000000 0
22259 4 3 00001C 00000000 0
22260 4 3 00001D 00000000 0
22261 4 3 00001E 00000000 0
22262 4 3 00001F 00000000 0
22264 1 1 000058 00000000 0
22280 4 3 000058 00000000 0
22281 4 3 000059 00000000 0
22282 4 3 00005A 00000000 0
22283 4 3 00005B 00000000 0
22284 4 3 00005C 00000000 0
22285 4 3 00005D 00000000 0
22286 4 3 00005E 00000000 0
22287 4 3 00005F 00000000 0
22289 2 1 000098 00000000 0
22305 4 3 000098 00000000 0
22306 4 3 000099 00000001 0
22307 4 3 00009A 00000000 0
22308 4 3 00009B 00000000 0
22309 4 3 00009C 00000000 0
22310 4 3 00009D 00000000 0
22311 4 3 00009E 00000000 0
22312 4 3 00009F 00000000 0
22314 3 1 0000D8 00000000 0
22330 4 3 0000D8 00000000 0
22331 4 3 0000D9 00000000 0
22332 4 3 0000DA 00000000 0
22333 4 3 0000DB 00000000 0
22334 4 3 0000DC 00000000 0
22335 4 3 0000DD 00000001 0
22336 4 3 0000DE 00000000 0
22337 4 3 0000DF 00000000 0
22556 0 2 00021D 00000000 0
22572 4 3 000218 00000000 0
22573 4 3 000219 00000000 0
22574 4 3 00021A 00000000 0
22575 4 3 00021B 00000000 0
22576 4 3 00021C 00000000 0
22577 4 3 00021D 00000000 0
22578 4 3 00021E 00000000 0
22579 4 3 00021F 00000000 0
22581 1 2 00025D 00000000 0
22597 4 3 000258 00000000 0
22598 4 3 000259 00000000 0
22599 4 3 00025A 00000000 0
22600 4 3 00025B 00000000 0
22601 4 3 00025C 00000000 0
22602 4 3 00025D 00000000 0
22603 4 3 00025E 00000000 0
22604 4 3 00025F 00000000 0
22606 2 2 00029D 00000000 0
22622 4 3 000298 00000000 0
22623 4 3 000299 00000001 0
22624 4 3 00029A 00000000 0
22625 4 3 00029B 00000000 0
22626 4 3 00029C 00000000 0
22627 4 3 00029D 00000000 0
22628 4 3 00029E 00000000 0
22629 4 3 00029F 00000000 0
22631 3 2 0002DD 00000000 0
22647 4 3 0002D8 00000000 0
22648 4 3 0002D9 00000000 0
22649 4 3 0002DA 00000000 0
22650 4 3 0002DB 00000000 0
22651 4 3 0002DC 00000000 0
22652 4 3 0002DD 00000000 0
22653 4 3 0002DE 00000000 0
22654 4 3 0002DF 00000000 0
22886 0 1 000018 00000000 0
22902 4 3 000018 00000000 0
22903 4 3 000019 00000000 0
22904 4 3 00001A 00000000 0
22905 4 3 00001B 00000000 0
22906 4 3 00001C 00000000 0
22907 4 3 00001D 00000000 0
22908 4 3 00001E 00000000 0
22909 4 3 00001F 00000000 0
22911 1 1 000058 00000000 0
22927 4 3 000058 00000000 0
22928 4 3 000059 00000000 0
22929 4 3 00005A 00000000 0
22930 4 3 00005B 00000000 0
22931 4 3 00005C 00000000 0
22932 4 3 00005D 00000000 0
22933 4 3 00005E 00000000 0
22934 4 3 00005F 00000000 0
22936 2 1 000098 00000000 0
22952 4 3 000098 00000000 0
22953 4 3 000099 00000001 0
22954 4 3 00009A 00000000 0
22955 4 3 00009B 00000000 0
22956 4 3 00009C 00000000 0
22957 4 3 00009D 00000000 0
22958 4 3 00009E 00000000 0
22959 4 3 00009F 00000000 0
22961 3 1 0000D8 00000000 0
22977 4 3 0000D8 00000000 0
22978 4 3 0000D9 00000000 0
22979 4 3 0000DA 00000000 0
22980 4 3 0000DB 00000000 0
22981 4 3 0000DC 00000000 0
22982 4 3 0000DD 00000001 0
22983 4 3 0000DE 00000000 0
22984 4 3 0000DF 00000000 0
23203 0 2 00021E 00000000 0
23219 4 3 000218 00000000 0
23220 4 3 000219 00000000 0
23221 4 3 00021A 00000000 0
23222 4 3 00021B 00000000 0
23223 4 3 00021C 00000000 0
23224 4 3 00021D 00000000 0
23225 4 3 00021E 00000000 0
23226 4 3 00021F 00000000 0
23228 1 2 00025E 00000000 0
23244 4 3 000258 00000000 0
23245 4 3 000259 00000000 0
23246 4 3 00025A 00000000 0
23247 4 3 00025B 00000000 0
23248 4 3 00025C 00000000 0
23249 4 3 00025D 00000000 0
23250 4 3 00025E 00000000 0
23251 4 3 00025F 00000000 0
23253 2 2 00029E 00000000 0
23269 4 3 000298 00000000 0
23270 4 3 000299 00000001 0
23271 4 3 00029A 00000000 0
23272 4 3 00029B 00000000 0
23273 4 3 00029C 00000000 0
23274 4 3 00029D 00000000 0
23275 4 3 00029E 00000000 0
23276 4 3 00029F 00000000 0
23278 3 2 0002DE 00000000 0
23294 4 3 0002D8 00000000 0
23295 4 3 0002D9 00000000 0
23296 4 3 0002DA 00000000 0
23297 4 3 0002DB 00000000 0
23298 4 3 0002DC 00000000 0
23299 4 3 0002DD 00000001 0
23300 4 3 0002DE 00000000 0
23301 4 3 0002DF 00000000 0
23533 0 1 000018 00000000 0
23549 4 3 000018 00000000 0
23550 4 3 000019 00000000 0
23551 4 3 00001A 00000000 0
23552 4 3 00001B 00000000 0
23553 4 3 00001C 00000000 0
23554 4 3 00001D 00000000 0
23555 4 3 00001E 00000000 0
23556 4 3 00001F 00000000 0
23558 1 1 000058 00000000 0
23574 4 3 000058 00000000 0
23575 4 3 000059 00000000 0
23576 4 3 00005A 00000000 0
23577 4 3 00005B 00000000 0
23578 4 3 00005C 00000000 0
23579 4 3 00005D 00000000 0
23580 4 3 00005E 00000000 0
23581 4 3 00005F 00000000 0
23583 2 1 000098 00000000 0
23599 4 3 000098 00000000 0
23600 4 3 000099 00000001 0
23601 4 3 00009A 00000000 0
23602 4 3 00009B 00000000 0
23603 4 3 00009C 00000000 0
23604 4 3 00009D 00000000 0
23605 4 3 00009E 00000000 0
23606 4 3 00009F 00000000 0
23608 3 1 0000D8 00000000 0
23624 4 3 0000D8 00000000 0
23625 4 3 0000D9 00000000 0
23626 4 3 0000DA 00000000 0
23627 4 3 0000DB 00000000 0
23628 4 3 0000DC 00000000 0
23629 4 3 0000DD 00000001 0
23630 4 3 0000DE 00000000 0
23631 4 3 0000DF 00000000 0
23850 0 2 00021F 00000000 0
23866 4 3 000218 00000000 0
23867 4 3 000219 00000000 0
23868 4 3 00021A 00000000 0
23869 4 3 00021B 00000000 0
23870 4 3 00021C 00000000 0
23871 4 3 00021D 00000000 0
23872 4 3 00021E 00000000 0
23873 4 3 00021F 00000000 0
23875 1 2 00025F 00000000 0
23891 4 3 000258 00000000 0
23892 4 3 000259 00000000 0
23893 4 3 00025A 00000000 0
23894 4 3 00025B 00000000 0
23895 4 3 00025C 00000000 0
23896 4 3 00025D 00000000 0
23897 4 3 00025E 00000000 0
23898 4 3 00025F 00000000 0
23900 2 2 00029F 00000000 0
23916 4 3 000298 00000000 0
23917 4 3 000299 00000001 0
23918 4 3 00029A 00000000 0
23919 4 3 00029B 00000000 0
23920 4 3 00029C 00000000 0
23921 4 3 00029D 00000000 0
23922 4 3 00029E 00000000 0
23923 4 3 00029F 00000000 0
23925 3 2 0002DF 00000000 0
23941 4 3 0002D8 00000000 0
23942 4 3 0002D9 00000000 0
23943 4 3 0002DA 00000000 0
23944 4 3 0002DB 00000000 0
23945 4 3 0002DC 00000000 0
23946 4 3 0002DD 00000001 0
23947 4 3 0002DE 00000000 0
23948 4 3 0002DF 00000000 0
23950 0 1 000020 00000000 0
23966 4 3 000020 00000000 0
23967 4 3 000021 00000000 0
23968 4 3 000022 00000001 0
23969 4 3 000023 00000000 0
23970 4 3 000024 00000000 0
23971 4 3 000025 00000000 0
23972 4 3 000026 00000000 0
23973 4 3 000027 00000000 0
23974 1 1 000060 00000000 0
23990 4 3 000060 00000000 0
23991 4 3 000061 00000000 0
23992 4 3 000062 00000000 0
23993 4 3 000063 00000000 0
23994 4 3 000064 00000000 0
23995 4 3 000065 00000000 0
23996 4 3 000066 00000001 0
23997 4 3 000067 00000000 0
23998 2 1 0000A0 00000000 0
24014 4 3 0000A0 00000000 0
24015 4 3 0000A1 00000000 0
24016 4 3 0000A2 00000000 0
24017 4 3 0000A3 00000000 0
24018 4 3 0000A4 00000000 0
24019 4 3 0000A5 00000000 0
24020 4 3 0000A6 00000000 0
24021 4 3 0000A7 00000000 0
24022 3 1 0000E0 00000000 0
24038 4 3 0000E0 00000000 0
24039 4 3 0000E1 00000000 0
24040 4 3 0000E2 00000000 0
24041 4 3 0000E3 00000000 0
24042 4 3 0000E4 00000000 0
24043 4 3 0000E5 00000000 0
24044 4 3 0000E6 00000000 0
24045 4 3 0000E7 00000000 0
24263 0 1 000028 00000000 0
24279 4 3 000028 00000000 0
24280 4 3 000029 00000000 0
24281 4 3 00002A 00000000 0
24282 4 3 00002B 00000000 0
24283 4 3 00002C 00000000 0
24284 4 3 00002D 00000000 0
24285 4 3 00002E 00000000 0
24286 4 3 00002F 00000000 0
24287 1 1 000068 00000000 0
24303 4 3 000068 00000000 0
24304 4 3 000069 00000000 0
24305 4 3 00006A 00000000 0
24306 4 3 00006B 00000000 0
24307 4 3 00006C 00000000 0
24308 4 3 00006D 00000000 0
24309 4 3 00006E 00000000 0
24310 4 3 00006F 00000000 0
24311 2 1 0000A8 00000000 0
24327 4 3 0000A8 00000000 0
24328 4 3 0000A9 00000000 0
24329 4 3 0000AA 00000001 0
24330 4 3 0000AB 00000000 0
24331 4 3 0000AC 00000000 0
24332 4 3 0000AD 00000000 0
24333 4 3 0000AE 00000000 0
24334 4 3 0000AF 00000000 0
24335 3 1 0000E8 00000000 0
24351 4 3 0000E8 00000000 0
24352 4 3 0000E9 00000000 0
24353 4 3 0000EA 00000000 0
24354 4 3 0000EB 00000000 0
24355 4 3 0000EC 00000000 0
24356 4 3 0000ED 00000000 0
24357 4 3 0000EE 00000001 0
24358 4 3 0000EF 00000000 0
24580 0 2 000220 00000000 0
24596 4 3 000220 00000000 0
24597 4 3 000221 00000000 0
24598 4 3 000222 00000000 0
24599 4 3 000223 00000000 0
24600 4 3 000224 00000000 0
24601 4 3 000225 00000000 0
24602 4 3 000226 00000000 0
24603 4 3 000227 00000000 0
24605 1 2 000260 00000000 0
24621 4 3 000260 00000000 0
24622 4 3 000261 00000000 0
24623 4 3 000262 00000000 0
24624 4 3 000263 00000000 0
24625 4 3 000264 00000000 0
24626 4 3 000265 00000000 0
24627 4 3 000266 00000000 0
24628 4 3 000267 00000000 0
24630 2 2 0002A0 00000000 0
24646 4 3 0002A0 00000000 0
24647 4 3 0002A1 00000000 0
24648 4 3 0002A2 00000000 0
24649 4 3 0002A3 00000000 0
24650 4 3 0002A4 00000000 0
24651 4 3 0002A5 00000000 0
24652 4 3 0002A6 00000000 0
24653 4 3 0002A7 00000000 0
24655 3 2 0002E0 00000000 0
24671 4 3 0002E0 00000000 0
24672 4 3 0002E1 00000000 0
24673 4 3 0002E2 00000000 0
24674 4 3 0002E3 00000000 0
24675 4 3 0002E4 00000000 0
24676 4 3 0002E5 00000000 0
24677 4 3 0002E6 00000000 0
24678 4 3 0002E7 00000000 0
24680 0 1 000020 00000000 0
24696 4 3 000020 00000000 0
24697 4 3 000021 00000000 0
24698 4 3 000022 00000001 0
24699 4 3 000023 00000000 0
24700 4 3 000024 00000000 0
24701 4 3 000025 00000000 0
24702 4 3 000026 00000000 0
24703 4 3 000027 00000000 0
24704 1 1 000060 00000000 0
24720 4 3 000060 00000000 0
24721 4 3 000061 00000000 0
24722 4 3 000062 00000000 0
24723 4 3 000063 00000000 0
24724 4 3 000064 00000000 0
24725 4 3 000065 00000000 0
24726 4 3 000066 00000001 0
24727 4 3 000067 00000000 0
24728 2 1 0000A0 00000000 0
24744 4 3 0000A0 00000000 0
24745 4 3 0000A1 00000000 0
24746 4 3 0000A2 00000000 0
24747 4 3 0000A3 00000000 0
24748 4 3 0000A4 00000000 0
24749 4 3 0000A5 00000000 0
24750 4 3 0000A6 00000000 0
24751 4 3 0000A7 00000000 0
24752 3 1 0000E0 00000000 0
24768 4 3 0000E0 00000000 0
24769 4 3 0000E1 00000000 0
24770 4 3 0000E2 00000000 0
24771 4 3 0000E3 00000000 0
24772 4 3 0000E4 00000000 0
24773 4 3 0000E5 00000000 0
24774 4 3 0000E6 00000000 0
24775 4 3 0000E7 00000000 0
25285 0 2 000221 00000000 0
25301 4 3 000220 00000000 0
25302 4 3 000221 00000000 0
25303 4 3 000222 00000000 0
25304 4 3 000223 00000000 0
25305 4 3 000224 00000000 0
25306 4 3 000225 00000000 0
25307 4 3 000226 00000000 0
25308 4 3 000227 00000000 0
25310 1 2 000261 00000000 0
25326 4 3 000260 00000000 0
25327 4 3 000261 00000000 0
25328 4 3 000262 00000000 0
25329 4 3 000263 00000000 0
25330 4 3 000264 00000000 0
25331 4 3 000265 00000000 0
25332 4 3 000266 00000000 0
25333 4 3 000267 00000000 0
25335 2 2 0002A1 00000000 0
25351 4 3 0002A0 00000000 0
25352 4 3 0002A1 00000000 0
25353 4 3 0002A2 00000000 0
25354 4 3 0002A3 00000000 0
25355 4 3 0002A4 00000000 0
25356 4 3 0002A5 00000000 0
25357 4 3 0002A6 00000000 0
25358 4 3 0002A7 00000000 0
25360 3 2 0002E1 00000000 0
25376 4 3 0002E0 00000000 0
25377 4 3 0002E1 00000000 0
25378 4 3 0002E2 00000000 0
25379 4 3 0002E3 00000000 0
25380 4 3 0002E4 00000000 0
25381 4 3 0002E5 00000000 0
25382 4 3 0002E6 00000000 0
25383 4 3 0002E7 00000000 0
25385 0 1 000020 00000000 0
25401 4 3 000020 00000000 0
25402 4 3 000021 00000000 0
25403 4 3 000022 00000001 0
25404 4 3 000023 00000000 0
25405 4 3 000024 00000000 0
25406 4 3 000025 00000000 0
25407 4 3 000026 00000000 0
25408 4 3 000027 00000000 0
25409 1 1 000060 00000000 0
25425 4 3 000060 00000000 0
25426 4 3 000061 00000000 0
25427 4 3 000062 00000000 0
25428 4 3 000063 00000000 0
25429 4 3 000064 00000000 0
25430 4 3 000065 00000000 0
25431 4 3 000066 00000001 0
25432 4 3 000067 00000000 0
25433 2 1 0000A0 00000000 0
25449 4 3 0000A0 00000000 0
25450 4 3 0000A1 00000000 0
25451 4 3 0000A2 00000000 0
25452 4 3 0000A3 00000000 0
25453 4 3 0000A4 00000000 0
25454 4 3 0000A5 00000000 0
25455 4 3 0000A6 00000000 0
25456 4 3 0000A7 00000000 0
25457 3 1 0000E0 00000000 0
25473 4 3 0000E0 00000000 0
25474 4 3 0000E1 00000000 0
25475 4 3 0000E2 00000000 0
25476 4 3 0000E3 00000000 0
25477 4 3 0000E4 00000000 0
25478 4 3 0000E5 00000000 0
25479 4 3 0000E6 00000000 0
25480 4 3 0000E7 00000000 0
25990 0 2 000222 00000000 0
26006 4 3 000220 00000000 0
26007 4 3 000221 00000000 0
26008 4 3 000222 00000000 0
26009 4 3 000223 00000000 0
26010 4 3 000224 00000000 0
26011 4 3 000225 00000000 0
26012 4 3 000226 00000000 0
26013 4 3 000227 00000000 0
26015 1 2 000262 00000000 0
26031 4 3 000260 00000000 0
26032 4 3 000261 00000000 0
26033 4 3 000262 00000000 0
26034 4 3 000263 00000000 0
26035 4 3 000264 00000000 0
26036 4 3 000265 00000000 0
26037 4 3 000266 00000000 0
26038 4 3 000267 00000000 0
26040 2 2 0002A2 00000000 0
26056 4 3 0002A0 00000000 0
26057 4 3 0002A1 00000000 0
26058 4 3 0002A2 00000000 0
26059 4 3 0002A3 00000000 0
26060 4 3 0002A4 00000000 0
26061 4 3 0002A5 00000000 0
26062 4 3 0002A6 00000000 0
26063 4 3 0002A7 00000000 0
26065 3 2 0002E2 00000000 0
26081 4 3 0002E0 00000000 0
26082 4 3 0002E1 00000000 0
26083 4 3 0002E2 00000000 0
26084 4 3 0002E3 00000000 0
26085 4 3 0002E4 00000000 0
26086 4 3 0002E5 00000000 0
26087 4 3 0002E6 00000000 0
26088 4 3 0002E7 00000000 0
26090 0 1 000020 00000000 0
26106 4 3 000020 00000000 0
26107 4 3 000021 00000000 0
26108 4 3 000022 00000001 0
26109 4 3 000023 00000000 0
26110 4 3 000024 00000000 0
26111 4 3 000025 00000000 0
26112 4 3 000026 00000000 0
26113 4 3 000027 00000000 0
26114 1 1 000060 00000000 0
26130 4 3 000060 00000000 0
26131 4 3 000061 00000000 0
26132 4 3 000062 00000000 0
26133 4 3 000063 00000000 0
26134 4 3 000064 00000000 0
26135 4 3 000065 00000000 0
26136 4 3 000066 00000001 0
26137 4 3 000067 00000000 0
26138 2 1 0000A0 00000000 0
26154 4 3 0000A0 00000000 0
26155 4 3 0000A1 00000000 0
26156 4 3 0000A2 00000000 0
26157 4 3 0000A3 00000000 0
26158 4 3 0000A4 00000000 0
26159 4 3 0000A5 00000000 0
26160 4 3 0000A6 00000000 0
26161 4 3 0000A7 00000000 0
26162 3 1 0000E0 00000000 0
26178 4 3 0000E0 00000000 0
26179 4 3 0000E1 00000000 0
26180 4 3 0000E2 00000000 0
26181 4 3 0000E3 00000000 0
26182 4 3 0000E4 00000000 0
26183 4 3 0000E5 00000000 0
26184 4 3 0000E6 00000000 0
26185 4 3 0000E7 00000000 0
26695 0 2 000223 00000000 0
26711 4 3 000220 00000000 0
26712 4 3 000221 00000000 0
26713 4 3 000222 00000001 0
26714 4 3 000223 00000000 0
26715 4 3 000224 00000000 0
26716 4 3 000225 00000000 0
26717 4 3 000226 00000000 0
26718 4 3 000227 00000000 0
26720 1 2 000263 00000000 0
26736 4 3 000260 00000000 0
26737 4 3 000261 00000000 0
26738 4 3 000262 00000000 0
26739 4 3 000263 00000000 0
26740 4 3 000264 00000000 0
26741 4 3 000265 00000000 0
26742 4 3 000266 00000000 0
26743 4 3 000267 00000000 0
26745 2 2 0002A3 00000000 0
26761 4 3 0002A0 00000000 0
26762 4 3 0002A1 00000000 0
26763 4 3 0002A2 00000000 0
26764 4 3 0002A3 00000000 0
26765 4 3 0002A4 00000000 0
26766 4 3 0002A5 00000000 0
26767 4 3 0002A6 00000000 0
26768 4 3 0002A7 00000000 0
26770 3 2 0002E3 00000000 0
26786 4 3 0002E0 00000000 0
26787 4 3 0002E1 00000000 0
26788 4 3 0002E2 00000000 0
26789 4 3 0002E3 00000000 0
26790 4 3 0002E4 00000000 0
26791 4 3 0002E5 00000000 0
26792 4 3 0002E6 00000000 0
26793 4 3 0002E7 00000000 0
26795 0 1 000020 00000000 0
26811 4 3 000020 00000000 0
26812 4 3 000021 00000000 0
26813 4 3 000022 00000001 0
26814 4 3 000023 00000000 0
26815 4 3 000024 00000000 0
26816 4 3 000025 00000000 0
26817 4 3 000026 00000000 0
26818 4 3 000027 00000000 0
26819 1 1 000060 00000000 0
26835 4 3 000060 00000000 0
26836 4 3 000061 00000000 0
26837 4 3 000062 00000000 0
26838 4 3 000063 00000000 0
26839 4 3 000064 00000000 0
26840 4 3 000065 00000000 0
26841 4 3 000066 00000001 0
26842 4 3 000067 00000000 0
26843 2 1 0000A0 00000000 0
26859 4 3 0000A0 00000000 0
26860 4 3 0000A1 00000000 0
26861 4 3 0000A2 00000000 0
26862 4 3 0000A3 00000000 0
26863 4 3 0000A4 00000000 0
26864 4 3 0000A5 00000000 0
26865 4 3 0000A6 00000000 0
26866 4 3 0000A7 00000000 0
26867 3 1 0000E0 00000000 0
26883 4 3 0000E0 00000000 0
26884 4 3 0000E1 00000000 0
26885 4 3 0000E2 00000000 0
26886 4 3 0000E3 00000000 0
26887 4 3 0000E4 00000000 0
26888 4 3 0000E5 00000000 0
26889 4 3 0000E6 00000000 0
26890 4 3 0000E7 00000000 0
27400 0 2 000224 00000000 0
27416 4 3 000220 00000000 0
27417 4 3 000221 00000000 0
27418 4 3 000222 00000001 0
27419 4 3 000223 00000000 0
27420 4 3 000224 00000000 0
27421 4 3 000225 00000000 0
27422 4 3 000226 00000000 0
27423 4 3 000227 00000000 0
27425 1 2 000264 00000000 0
27441 4 3 000260 00000000 0
27442 4 3 000261 00000000 0
27443 4 3 000262 00000000 0
27444 4 3 000263 00000000 0
27445 4 3 000264 00000000 0
27446 4 3 000265 00000000 0
27447 4 3 000266 00000000 0
27448 4 3 000267 00000000 0
27450 2 2 0002A4 00000000 0
27466 4 3 0002A0 00000000 0
27467 4 3 0002A1 00000000 0
27468 4 3 0002A2 00000000 0
27469 4 3 0002A3 00000000 0
27470 4 3 0002A4 00000000 0
27471 4 3 0002A5 00000000 0
27472 4 3 0002A6 00000000 0
27473 4 3 0002A7 00000000 0
27475 3 2 0002E4 00000000 0
27491 4 3 0002E0 00000000 0
27492 4 3 0002E1 00000000 0
27493 4 3 0002E2 00000000 0
27494 4 3 0002E3 00000000 0
27495 4 3 0002E4 00000000 0
27496 4 3 0002E5 00000000 0
27497 4 3 0002E6 00000000 0
27498 4 3 0002E7 00000000 0
27500 0 1 000020 00000000 0
27516 4 3 000020 00000000 0
27517 4 3 000021 00000000 0
27518 4 3 000022 00000001 0
27519 4 3 000023 00000000 0
27520 4 3 000024 00000000 0
27521 4 3 000025 00000000 0
27522 4 3 000026 00000000 0
27523 4 3 000027 00000000 0
27524 1 1 000060 00000000 0
27540 4 3 000060 00000000 0
27541 4 3 000061 00000000 0
27542 4 3 000062 00000000 0
27543 4 3 000063 00000000 0
27544 4 3 000064 00000000 0
27545 4 3 000065 00000000 0
27546 4 3 000066 00000001 0
27547 4 3 000067 00000000 0
27548 2 1 0000A0 00000000 0
27564 4 3 0000A0 00000000 0
27565 4 3 0000A1 00000000 0
27566 4 3 0000A2 00000000 0
27567 4 3 0000A3 00000000 0
27568 4 3 0000A4 00000000 0
27569 4 3 0000A5 00000000 0
27570 4 3 0000A6 00000000 0
27571 4 3 0000A7 00000000 0
27572 3 1 0000E0 00000000 0
27588 4 3 0000E0 00000000 0
27589 4 3 0000E1 00000000 0
27590 4 3 0000E2 00000000 0
27591 4 3 0000E3 00000000 0
27592 4 3 0000E4 00000000 0
27593 4 3 0000E5 00000000 0
27594 4 3 0000E6 00000000 0
27595 4 3 0000E7 00000000 0
28105 0 2 000225 00000000 0
28121 4 3 000220 00000000 0
28122 4 3 000221 00000000 0
28123 4 3 000222 00000001 0
28124 4 3 000223 00000000 0
28125 4 3 000224 00000000 0
28126 4 3 000225 00000000 0
28127 4 3 000226 00000000 0
28128 4 3 000227 00000000 0
28130 1 2 000265 00000000 0
28146 4 3 000260 00000000 0
28147 4 3 000261 00000000 0
28148 4 3 000262 00000000 0
28149 4 3 000263 00000000 0
28150 4 3 000264 00000000 0
28151 4 3 000265 00000000 0
28152 4 3 000266 00000000 0
28153 4 3 000267 00000000 0
28155 2 2 0002A5 00000000 0
28171 4 3 0002A0 00000000 0
28172 4 3 0002A1 00000000 0
28173 4 3 0002A2 00000000 0
28174 4 3 0002A3 00000000 0
28175 4 3 0002A4 00000000 0
28176 4 3 0002A5 00000000 0
28177 4 3 0002A6 00000000 0
28178 4 3 0002A7 00000000 0
28180 3 2 0002E5 00000000 0
28196 4 3 0002E0 00000000 0
28197 4 3 0002E1 00000000 0
28198 4 3 0002E2 00000000 0
28199 4 3 0002E3 00000000 0
28200 4 3 0002E4 00000000 0
28201 4 3 0002E5 00000000 0
28202 4 3 0002E6 00000000 0
28203 4 3 0002E7 00000000 0
28205 0 1 000020 00000000 0
28221 4 3 000020 00000000 0
28222 4 3 000021 00000000 0
28223 4 3 000022 00000001 0
28224 4 3 000023 00000000 0
28225 4 3 000024 00000000 0
28226 4 3 000025 00000000 0
28227 4 3 000026 00000000 0
28228 4 3 000027 00000000 0
28229 1 1 000060 00000000 0
28245 4 3 000060 00000000 0
28246 4 3 000061 00000000 0
28247 4 3 000062 00000000 0
28248 4 3 000063 00000000 0
28249 4 3 000064 00000000 0
28250 4 3 000065 00000000 0
28251 4 3 000066 00000001 0
28252 4 3 000067 00000000 0
28253 2 1 0000A0 00000000 0
28269 4 3 0000A0 00000000 0
28270 4 3 0000A1 00000000 0
28271 4 3 0000A2 00000000 0
28272 4 3 0000A3 00000000 0
28273 4 3 0000A4 00000000 0
28274 4 3 0000A5 00000000 0
28275 4 3 0000A6 00000000 0
28276 4 3 0000A7 00000000 0
28277 3 1 0000E0 00000000 0
28293 4 3 0000E0 00000000 0
28294 4 3 0000E1 00000000 0
28295 4 3 0000E2 00000000 0
28296 4 3 0000E3 00000000 0
28297 4 3 0000E4 00000000 0
28298 4 3 0000E5 00000000 0
28299 4 3 0000E6 00000000 0
28300 4 3 0000E7 00000000 0
28810 0 2 000226 00000000 0
28826 4 3 000220 00000000 0
28827 4 3 000221 00000000 0
28828 4 3 000222 00000001 0
28829 4 3 000223 00000000 0
28830 4 3 000224 00000000 0
28831 4 3 000225 00000000 0
28832 4 3 000226 00000000 0
28833 4 3 000227 00000000 0
28835 1 2 000266 00000000 0
28851 4 3 000260 00000000 0
28852 4 3 000261 00000000 0
28853 4 3 000262 00000000 0
28854 4 3 000263 00000000 0
28855 4 3 000264 00000000 0
28856 4 3 000265 00000000 0
28857 4 3 000266 00000000 0
28858 4 3 000267 00000000 0
28860 2 2 0002A6 00000000 0
28876 4 3 0002A0 00000000 0
28877 4 3 0002A1 00000000 0
28878 4 3 0002A2 00000000 0
28879 4 3 0002A3 00000000 0
28880 4 3 0002A4 00000000 0
28881 4 3 0002A5 00000000 0
28882 4 3 0002A6 00000000 0
28883 4 3 0002A7 00000000 0
28885 3 2 0002E6 00000000 0
28901 4 3 0002E0 00000000 0
28902 4 3 0002E1 00000000 0
28903 4 3 0002E2 00000000 0
28904 4 3 0002E3 00000000 0
28905 4 3 0002E4 00000000 0
28906 4 3 0002E5 00000000 0
28907 4 3 0002E6 00000000 0
28908 4 3 0002E7 00000000 0
28910 0 1 000020 00000000 0
28926 4 3 000020 00000000 0
28927 4 3 000021 00000000 0
28928 4 3 000022 00000001 0
28929 4 3 000023 00000000 0
28930 4 3 000024 00000000 0
28931 4 3 000025 00000000 0
28932 4 3 000026 00000000 0
28933 4 3 000027 00000000 0
28934 1 1 000060 00000000 0
28950 4 3 000060 00000000 0
28951 4 3 000061 00000000 0
28952 4 3 000062 00000000 0
28953 4 3 000063 00000000 0
28954 4 3 000064 00000000 0
28955 4 3 000065 00000000 0
28956 4 3 000066 00000001 0
28957 4 3 000067 00000000 0
28958 2 1 0000A0 00000000 0
28974 4 3 0000A0 00000000 0
28975 4 3 0000A1 00000000 0
28976 4 3 0000A2 00000000 0
28977 4 3 0000A3 00000000 0
28978 4 3 0000A4 00000000 0
28979 4 3 0000A5 00000000 0
28980 4 3 0000A6 00000000 0
28981 4 3 0000A7 00000000 0
28982 3 1 0000E0 00000000 0
28998 4 3 0000E0 00000000 0
28999 4 3 0000E1 00000000 0
29000 4 3 0000E2 00000000 0
29001 4 3 0000E3 00000000 0
29002 4 3 0000E4 00000000 0
29003 4 3 0000E5 00000000 0
29004 4 3 0000E6 00000000 0
29005 4 3 0000E7 00000000 0
29515 0 2 000227 00000000 0
29531 4 3 000220 00000000 0
29532 4 3 000221 00000000 0
29533 4 3 000222 00000001 0
29534 4 3 000223 00000000 0
29535 4 3 000224 00000000 0
29536 4 3 000225 00000000 0
29537 4 3 000226 00000000 0
29538 4 3 000227 00000000 0
29540 1 2 000267 00000000 0
29556 4 3 000260 00000000 0
29557 4 3 000261 00000000 0
29558 4 3 000262 00000000 0
29559 4 3 000263 00000000 0
29560 4 3 000264 00000000 0
29561 4 3 000265 00000000 0
29562 4 3 000266 00000001 0
29563 4 3 000267 00000000 0
29565 2 2 0002A7 00000000 0
29581 4 3 0002A0 00000000 0
29582 4 3 0002A1 00000000 0
29583 4 3 0002A2 00000000 0
29584 4 3 0002A3 00000000 0
29585 4 3 0002A4 00000000 0
29586 4 3 0002A5 00000000 0
29587 4 3 0002A6 00000000 0
29588 4 3 0002A7 00000000 0
29590 3 2 0002E7 00000000 0
29606 4 3 0002E0 00000000 0
29607 4 3 0002E1 00000000 0
29608 4 3 0002E2 00000000 0
29609 4 3 0002E3 00000000 0
29610 4 3 0002E4 00000000 0
29611 4 3 0002E5 00000000 0
29612 4 3 0002E6 00000000 0
29613 4 3 0002E7 00000000 0
29615 0 1 000020 00000000 0
29631 4 3 000020 00000000 0
29632 4 3 000021 00000000 0
29633 4 3 000022 00000001 0
29634 4 3 000023 00000000 0
29635 4 3 000024 00000000 0
29636 4 3 000025 00000000 0
29637 4 3 000026 00000000 0
29638 4 3 000027 00000000 0
29639 1 1 000060 00000000 0
29655 4 3 000060 00000000 0
29656 4 3 000061 00000000 0
29657 4 3 000062 00000000 0
29658 4 3 000063 00000000 0
29659 4 3 000064 00000000 0
29660 4 3 000065 00000000 0
29661 4 3 000066 00000001 0
29662 4 3 000067 00000000 0
29663 2 1 0000A0 00000000 0
29679 4 3 0000A0 00000000 0
29680 4 3 0000A1 00000000 0
29681 4 3 0000A2 00000000 0
29682 4 3 0000A3 00000000 0
29683 4 3 0000A4 00000000 0
29684 4 3 0000A5 00000000 0
29685 4 3 0000A6 00000000 0
29686 4 3 0000A7 00000000 0
29687 3 1 0000E0 00000000 0
29703 4 3 0000E0 00000000 0
29704 4 3 0000E1 00000000 0
29705 4 3 0000E2 00000000 0
29706 4 3 0000E3 00000000 0
29707 4 3 0000E4 00000000 0
29708 4 3 0000E5 00000000 0
29709 4 3 0000E6 00000000 0
29710 4 3 0000E7 00000000 0
30220 0 2 000228 00000000 0
30236 4 3 000228 00000000 0
30237 4 3 000229 00000000 0
30238 4 3 00022A 00000000 0
30239 4 3 00022B 00000000 0
30240 4 3 00022C 00000000 0
30241 4 3 00022D 00000000 0
30242 4 3 00022E 00000000 0
30243 4 3 00022F 00000000 0
30245 1 2 000268 00000000 0
30261 4 3 000268 00000000 0
30262 4 3 000269 00000000 0
30263 4 3 00026A 00000000 0
30264 4 3 00026B 00000000 0
30265 4 3 00026C 00000000 0
30266 4 3 00026D 00000000 0
30267 4 3 00026E 00000000 0
30268 4 3 00026F 00000000 0
30270 2 2 0002A8 00000000 0
30286 4 3 0002A8 00000000 0
30287 4 3 0002A9 00000000 0
30288 4 3 0002AA 00000000 0
30289 4 3 0002AB 00000000 0
30290 4 3 0002AC 00000000 0
30291 4 3 0002AD 00000000 0
30292 4 3 0002AE 00000000 0
30293 4 3 0002AF 00000000 0
30295 3 2 0002E8 00000000 0
30311 4 3 0002E8 00000000 0
30312 4 3 0002E9 00000000 0
30313 4 3 0002EA 00000000 0
30314 4 3 0002EB 00000000 0
30315 4 3 0002EC 00000000 0
30316 4 3 0002ED 00000000 0
30317 4 3 0002EE 00000000 0
30318 4 3 0002EF 00000000 0
30550 0 1 000028 00000000 0
30566 4 3 000028 00000000 0
30567 4 3 000029 00000000 0
30568 4 3 00002A 00000000 0
30569 4 3 00002B 00000000 0
30570 4 3 00002C 00000000 0
30571 4 3 00002D 00000000 0
30572 4 3 00002E 00000000 0
30573 4 3 00002F 00000000 0
30575 1 1 000068 00000000 0
30591 4 3 000068 00000000 0
30592 4 3 000069 00000000 0
30593 4 3 00006A 00000000 0
30594 4 3 00006B 00000000 0
30595 4 3 00006C 00000000 0
30596 4 3 00006D 00000000 0
30597 4 3 00006E 00000000 0
30598 4 3 00006F 00000000 0
30600 2 1 0000A8 00000000 0
30616 4 3 0000A8 00000000 0
30617 4 3 0000A9 00000000 0
30618 4 3 0000AA 00000001 0
30619 4 3 0000AB 00000000 0
30620 4 3 0000AC 00000000 0
30621 4 3 0000AD 00000000 0
30622 4 3 0000AE 00000000 0
30623 4 3 0000AF 00000000 0
30625 3 1 0000E8 00000000 0
30641 4 3 0000E8 00000000 0
30642 4 3 0000E9 00000000 0
30643 4 3 0000EA 00000000 0
30644 4 3 0000EB 00000000 0
30645 4 3 0000EC 00000000 0
30646 4 3 0000ED 00000000 0
30647 4 3 0000EE 00000001 0
30648 4 3 0000EF 00000000 0
30867 0 2 000229 00000000 0
30883 4 3 000228 00000000 0
30884 4 3 000229 00000000 0
30885 4 3 00022A 00000000 0
30886 4 3 00022B 00000000 0
30887 4 3 00022C 00000000 0
30888 4 3 00022D 00000000 0
30889 4 3 00022E 00000000 0
30890 4 3 00022F 00000000 0
30892 1 2 000269 00000000 0
30908 4 3 000268 00000000 0
30909 4 3 000269 00000000 0
30910 4 3 00026A 00000000 0
30911 4 3 00026B 00000000 0
30912 4 3 00026C 00000000 0
30913 4 3 00026D 00000000 0
30914 4 3 00026E 00000000 0
30915 4 3 00026F 00000000 0
30917 2 2 0002A9 00000000 0
30933 4 3 0002A8 00000000 0
30934 4 3 0002A9 00000000 0
30935 4 3 0002AA 00000000 0
30936 4 3 0002AB 00000000 0
30937 4 3 0002AC 00000000 0
30938 4 3 0002AD 00000000 0
30939 4 3 0002AE 00000000 0
30940 4 3 0002AF 00000000 0
30942 3 2 0002E9 00000000 0
30958 4 3 0002E8 00000000 0
30959 4 3 0002E9 00000000 0
30960 4 3 0002EA 00000000 0
30961 4 3 0002EB 00000000 0
30962 4 3 0002EC 00000000 0
30963 4 3 0002ED 00000000 0
30964 4 3 0002EE 00000000 0
30965 4 3 0002EF 00000000 0
31197 0 1 000028 00000000 0
31213 4 3 000028 00000000 0
31214 4 3 000029 00000000 0
31215 4 3 00002A 00000000 0
31216 4 3 00002B 00000000 0
31217 4 3 00002C 00000000 0
31218 4 3 00002D 00000000 0
31219 4 3 00002E 00000000 0
31220 4 3 00002F 00000000 0
31222 1 1 000068 00000000 0
31238 4 3 000068 00000000 0
31239 4 3 000069 00000000 0
31240 4 3 00006A 00000000 0
31241 4 3 00006B 00000000 0
31242 4 3 00006C 00000000 0
31243 4 3 00006D 00000000 0
31244 4 3 00006E 00000000 0
31245 4 3 00006F 00000000 0
31247 2 1 0000A8 00000000 0
31263 4 3 0000A8 00000000 0
31264 4 3 0000A9 00000000 0
31265 4 3 0000AA 00000001 0
31266 4 3 0000AB 00000000 0
31267 4 3 0000AC 00000000 0
31268 4 3 0000AD 00000000 0
31269 4 3 0000AE 00000000 0
31270 4 3 0000AF 00000000 0
31272 3 1 0000E8 00000000 0
31288 4 3 0000E8 00000000 0
31289 4 3 0000E9 00000000 0
31290 4 3 0000EA 00000000 0
31291 4 3 0000EB 00000000 0
31292 4 3 0000EC 00000000 0
31293 4 3 0000ED 00000000 0
31294 4 3 0000EE 00000001 0
31295 4 3 0000EF 00000000 0
31514 0 2 00022A 00000000 0
31530 4 3 000228 00000000 0
31531 4 3 000229 00000000 0
31532 4 3 00022A 00000000 0
31533 4 3 00022B 00000000 0
31534 4 3 00022C 00000000 0
31535 4 3 00022D 00000000 0
31536 4 3 00022E 00000000 0
31537 4 3 00022F 00000000 0
31539 1 2 00026A 00000000 0
31555 4 3 000268 00000000 0
31556 4 3 000269 00000000 0
31557 4 3 00026A 00000000 0
31558 4 3 00026B 00000000 0
31559 4 3 00026C 00000000 0
31560 4 3 00026D 00000000 0
31561 4 3 00026E 00000000 0
31562 4 3 00026F 00000000 0
31564 2 2 0002AA 00000000 0
31580 4 3 0002A8 00000000 0
31581 4 3 0002A9 00000000 0
31582 4 3 0002AA 00000000 0
31583 4 3 0002AB 00000000 0
31584 4 3 0002AC 00000000 0
31585 4 3 0002AD 00000000 0
31586 4 3 0002AE 00000000 0
31587 4 3 0002AF 00000000 0
31589 3 2 0002EA 00000000 0
31605 4 3 0002E8 00000000 0
31606 4 3 0002E9 00000000 0
31607 4 3 0002EA 00000000 0
31608 4 3 0002EB 00000000 0
31609 4 3 0002EC 00000000 0
31610 4 3 0002ED 00000000 0
31611 4 3 0002EE 00000000 0
31612 4 3 0002EF 00000000 0
31844 0 1 000028 00000000 0
31860 4 3 000028 00000000 0
31861 4 3 000029 00000000 0
31862 4 3 00002A 00000000 0
31863 4 3 00002B 00000000 0
31864 4 3 00002C 00000000 0
31865 4 3 00002D 00000000 0
31866 4 3 00002E 00000000 0
31867 4 3 00002F 00000000 0
31869 1 1 000068 00000000 0
31885 4 3 000068 00000000 0
31886 4 3 000069 00000000 0
31887 4 3 00006A 00000000 0
31888 4 3 00006B 00000000 0
31889 4 3 00006C 00000000 0
31890 4 3 00006D 00000000 0
31891 4 3 00006E 00000000 0
31892 4 3 00006F 00000000 0
31894 2 1 0000A8 00000000 0
31910 4 3 0000A8 00000000 0
31911 4 3 0000A9 00000000 0
31912 4 3 0000AA 00000001 0
31913 4 3 0000AB 00000000 0
31914 4 3 0000AC 00000000 0
31915 4 3 0000AD 00000000 0
31916 4 3 0000AE 00000000 0
31917 4 3 0000AF 00000000 0
31919 3 1 0000E8 00000000 0
31935 4 3 0000E8 00000000 0
31936 4 3 0000E9 00000000 0
31937 4 3 0000EA 00000000 0
31938 4 3 0000EB 00000000 0
31939 4 3 0000EC 00000000 0
31940 4 3 0000ED 00000000 0
31941 4 3 0000EE 00000001 0
31942 4 3 0000EF 00000000 0
32161 0 2 00022B 00000000 0
32177 4 3 000228 00000000 0
32178 4 3 000229 00000000 0
32179 4 3 00022A 00000000 0
32180 4 3 00022B 00000000 0
32181 4 3 00022C 00000000 0
32182 4 3 00022D 00000000 0
32183 4 3 00022E 00000000 0
32184 4 3 00022F 00000000 0
32186 1 2 00026B 00000000 0
32202 4 3 000268 00000000 0
32203 4 3 000269 00000000 0
32204 4 3 00026A 00000000 0
32205 4 3 00026B 00000000 0
32206 4 3 00026C 00000000 0
32207 4 3 00026D 00000000 0
32208 4 3 00026E 00000000 0
32209 4 3 00026F 00000000 0
32211 2 2 0002AB 00000000 0
32227 4 3 0002A8 00000000 0
32228 4 3 0002A9 00000000 0
32229 4 3 0002AA 00000001 0
32230 4 3 0002AB 00000000 0
32231 4 3 0002AC 00000000 0
32232 4 3 0002AD 00000000 0
32233 4 3 0002AE 00000000 0
32234 4 3 0002AF 00000000 0
32236 3 2 0002EB 00000000 0
32252 4 3 0002E8 00000000 0
32253 4 3 0002E9 00000000 0
32254 4 3 0002EA 00000000 0
32255 4 3 0002EB 00000000 0
32256 4 3 0002EC 00000000 0
32257 4 3 0002ED 00000000 0
32258 4 3 0002EE 00000000 0
32259 4 3 0002EF 00000000 0
32491 0 1 000028 00000000 0
32507 4 3 000028 00000000 0
32508 4 3 000029 00000000 0
32509 4 3 00002A 00000000 0
32510 4 3 00002B 00000000 0
32511 4 3 00002C 00000000 0
32512 4 3 00002D 00000000 0
32513 4 3 00002E 00000000 0
32514 4 3 00002F 00000000 0
32516 1 1 000068 00000000 0
32532 4 3 000068 00000000 0
32533 4 3 000069 00000000 0
32534 4 3 00006A 00000000 0
32535 4 3 00006B 00000000 0
32536 4 3 00006C 00000000 0
32537 4 3 00006D 00000000 0
32538 4 3 00006E 00000000 0
32539 4 3 00006F 00000000 0
32541 2 1 0000A8 00000000 0
32557 4 3 0000A8 00000000 0
32558 4 3 0000A9 00000000 0
32559 4 3 0000AA 00000001 0
32560 4 3 0000AB 00000000 0
32561 4 3 0000AC 00000000 0
32562 4 3 0000AD 00000000 0
32563 4 3 0000AE 00000000 0
32564 4 3 0000AF 00000000 0
32566 3 1 0000E8 00000000 0
32582 4 3 0000E8 00000000 0
32583 4 3 0000E9 00000000 0
32584 4 3 0000EA 00000000 0
32585 4 3 0000EB 00000000 0
32586 4 3 0000EC 00000000 0
32587 4 3 0000ED 00000000 0
32588 4 3 0000EE 00000001 0
32589 4 3 0000EF 00000000 0
32808 0 2 00022C 00000000 0
32824 4 3 000228 00000000 0
32825 4 3 000229 00000000 0
32826 4 3 00022A 00000000 0
32827 4 3 00022B 00000000 0
32828 4 3 00022C 00000000 0
32829 4 3 00022D 00000000 0
32830 4 3 00022E 00000000 0
32831 4 3 00022F 00000000 0
32833 1 2 00026C 00000000 0
32849 4 3 000268 00000000 0
32850 4 3 000269 00000000 0
32851 4 3 00026A 00000000 0
32852 4 3 00026B 00000000 0
32853 4 3 00026C 00000000 0
32854 4 3 00026D 00000000 0
32855 4 3 00026E 00000000 0
32856 4 3 00026F 00000000 0
32858 2 2 0002AC 00000000 0
32874 4 3 0002A8 00000000 0
32875 4 3 0002A9 00000000 0
32876 4 3 0002AA 00000001 0
32877 4 3 0002AB 00000000 0
32878 4 3 0002AC 00000000 0
32879 4 3 0002AD 00000000 0
32880 4 3 0002AE 00000000 0
32881 4 3 0002AF 00000000 0
32883 3 2 0002EC 00000000 0
32899 4 3 0002E8 00000000 0
32900 4 3 0002E9 00000000 0
32901 4 3 0002EA 00000000 0
32902 4 3 0002EB 00000000 0
32903 4 3 0002EC 00000000 0
32904 4 3 0002ED 00000000 0
32905 4 3 0002EE 00000000 0
32906 4 3 0002EF 00000000 0
33138 0 1 000028 00000000 0
33154 4 3 000028 00000000 0
33155 4 3 000029 00000000 0
33156 4 3 00002A 00000000 0
33157 4 3 00002B 00000000 0
33158 4 3 00002C 00000000 0
33159 4 3 00002D 00000000 0
33160 4 3 00002E 00000000 0
33161 4 3 00002F 00000000 0
33163 1 1 000068 00000000 0
33179 4 3 000068 00000000 0
33180 4 3 000069 00000000 0
33181 4 3 00006A 00000000 0
33182 4 3 00006B 00000000 0
33183 4 3 00006C 00000000 0
33184 4 3 00006D 00000000 0
33185 4 3 00006E 00000000 0
33186 4 3 00006F 00000000 0
33188 2 1 0000A8 00000000 0
33204 4 3 0000A8 00000000 0
33205 4 3 0000A9 00000000 0
33206 4 3 0000AA 00000001 0
33207 4 3 0000AB 00000000 0
33208 4 3 0000AC 00000000 0
33209 4 3 0000AD 00000000 0
33210 4 3 0000AE 00000000 0
33211 4 3 0000AF 00000000 0
33213 3 1 0000E8 00000000 0
33229 4 3 0000E8 00000000 0
33230 4 3 0000E9 00000000 0
33231 4 3 0000EA 00000000 0
33232 4 3 0000EB 00000000 0
33233 4 3 0000EC 00000000 0
33234 4 3 0000ED 00000000 0
33235 4 3 0000EE 00000001 0
33236 4 3 0000EF 00000000 0
33455 0 2 00022D 00000000 0
33471 4 3 000228 00000000 0
33472 4 3 000229 00000000 0
33473 4 3 00022A 00000000 0
33474 4 3 00022B 00000000 0
33475 4 3 00022C 00000000 0
33476 4 3 00022D 00000000 0
33477 4 3 00022E 00000000 0
33478 4 3 00022F 00000000 0
33480 1 2 00026D 00000000 0
33496 4 3 000268 00000000 0
33497 4 3 000269 00000000 0
33498 4 3 00026A 00000000 0
33499 4 3 00026B 00000000 0
33500 4 3 00026C 00000000 0
33501 4 3 00026D 00000000 0
33502 4 3 00026E 00000000 0
33503 4 3 00026F 00000000 0
33505 2 2 0002AD 00000000 0
33521 4 3 0002A8 00000000 0
33522 4 3 0002A9 00000000 0
33523 4 3 0002AA 00000001 0
33524 4 3 0002AB 00000000 0
33525 4 3 0002AC 00000000 0
33526 4 3 0002AD 00000000 0
33527 4 3 0002AE 00000000 0
33528 4 3 0002AF 00000000 0
33530 3 2 0002ED 00000000 0
33546 4 3 0002E8 00000000 0
33547 4 3 0002E9 00000000 0
33548 4 3 0002EA 00000000 0
33549 4 3 0002EB 00000000 0
33550 4 3 0002EC 00000000 0
33551 4 3 0002ED 00000000 0
33552 4 3 0002EE 00000000 0
33553 4 3 0002EF 00000000 0
33785 0 1 000028 00000000 0
33801 4 3 000028 00000000 0
33802 4 3 000029 00000000 0
33803 4 3 00002A 00000000 0
33804 4 3 00002B 00000000 0
33805 4 3 00002C 00000000 0
33806 4 3 00002D 00000000 0
33807 4 3 00002E 00000000 0
33808 4 3 00002F 00000000 0
33810 1 1 000068 00000000 0
33826 4 3 000068 00000000 0
33827 4 3 000069 00000000 0
33828 4 3 00006A 00000000 0
33829 4 3 00006B 00000000 0
33830 4 3 00006C 00000000 0
33831 4 3 00006D 00000000 0
33832 4 3 00006E 00000000 0
33833 4 3 00006F 00000000 0
33835 2 1 0000A8 00000000 0
33851 4 3 0000A8 00000000 0
33852 4 3 0000A9 00000000 0
33853 4 3 0000AA 00000001 0
33854 4 3 0000AB 00000000 0
33855 4 3 0000AC 00000000 0
33856 4 3 0000AD 00000000 0
33857 4 3 0000AE 00000000 0
33858 4 3 0000AF 00000000 0
33860 3 1 0000E8 00000000 0
33876 4 3 0000E8 00000000 0
33877 4 3 0000E9 00000000 0
33878 4 3 0000EA 00000000 0
33879 4 3 0000EB 00000000 0
33880 4 3 0000EC 00000000 0
33881 4 3 0000ED 00000000 0
33882 4 3 0000EE 00000001 0
33883 4 3 0000EF 00000000 0
34102 0 2 00022E 00000000 0
34118 4 3 000228 00000000 0
34119 4 3 000229 00000000 0
34120 4 3 00022A 00000000 0
34121 4 3 00022B 00000000 0
34122 4 3 00022C 00000000 0
34123 4 3 00022D 00000000 0
34124 4 3 00022E 00000000 0
34125 4 3 00022F 00000000 0
34127 1 2 00026E 00000000 0
34143 4 3 000268 00000000 0
34144 4 3 000269 00000000 0
34145 4 3 00026A 00000000 0
34146 4 3 00026B 00000000 0
34147 4 3 00026C 00000000 0
34148 4 3 00026D 00000000 0
34149 4 3 00026E 00000000 0
34150 4 3 00026F 00000000 0
34152 2 2 0002AE 00000000 0
34168 4 3 0002A8 00000000 0
34169 4 3 0002A9 00000000 0
34170 4 3 0002AA 00000001 0
34171 4 3 0002AB 00000000 0
34172 4 3 0002AC 00000000 0
34173 4 3 0002AD 00000000 0
34174 4 3 0002AE 00000000 0
34175 4 3 0002AF 00000000 0
34177 3 2 0002EE 00000000 0
34193 4 3 0002E8 00000000 0
34194 4 3 0002E9 00000000 0
34195 4 3 0002EA 00000000 0
34196 4 3 0002EB 00000000 0
34197 4 3 0002EC 00000000 0
34198 4 3 0002ED 00000000 0
34199 4 3 0002EE 00000000 0
34200 4 3 0002EF 00000000 0
34432 0 1 000028 00000000 0
34448 4 3 000028 00000000 0
34449 4 3 000029 00000000 0
34450 4 3 00002A 00000000 0
34451 4 3 00002B 00000000 0
34452 4 3 00002C 00000000 0
34453 4 3 00002D 00000000 0
34454 4 3 00002E 00000000 0
34455 4 3 00002F 00000000 0
34457 1 1 000068 00000000 0
34473 4 3 000068 00000000 0
34474 4 3 000069 00000000 0
34475 4 3 00006A 00000000 0
34476 4 3 00006B 00000000 0
34477 4 3 00006C 00000000 0
34478 4 3 00006D 00000000 0
34479 4 3 00006E 00000000 0
34480 4 3 00006F 00000000 0
34482 2 1 0000A8 00000000 0
34498 4 3 0000A8 00000000 0
34499 4 3 0000A9 00000000 0
34500 4 3 0000AA 00000001 0
34501 4 3 0000AB 00000000 0
34502 4 3 0000AC 00000000 0
34503 4 3 0000AD 00000000 0
34504 4 3 0000AE 00000000 0
34505 4 3 0000AF 00000000 0
34507 3 1 0000E8 00000000 0
34523 4 3 0000E8 00000000 0
34524 4 3 0000E9 00000000 0
34525 4 3 0000EA 00000000 0
34526 4 3 0000EB 00000000 0
34527 4 3 0000EC 00000000 0
34528 4 3 0000ED 00000000 0
34529 4 3 0000EE 00000001 0
34530 4 3 0000EF 00000000 0
34749 0 2 00022F 00000000 0
34765 4 3 000228 00000000 0
34766 4 3 000229 00000000 0
34767 4 3 00022A 00000000 0
34768 4 3 00022B 00000000 0
34769 4 3 00022C 00000000 0
34770 4 3 00022D 00000000 0
34771 4 3 00022E 00000000 0
34772 4 3 00022F 00000000 0
34774 1 2 00026F 00000000 0
34790 4 3 000268 00000000 0
34791 4 3 000269 00000000 0
34792 4 3 00026A 00000000 0
34793 4 3 00026B 00000000 0
34794 4 3 00026C 00000000 0
34795 4 3 00026D 00000000 0
34796 4 3 00026E 00000000 0
34797 4 3 00026F 00000000 0
34799 2 2 0002AF 00000000 0
34815 4 3 0002A8 00000000 0
34816 4 3 0002A9 00000000 0
34817 4 3 0002AA 00000001 0
34818 4 3 0002AB 00000000 0
34819 4 3 0002AC 00000000 0
34820 4 3 0002AD 00000000 0
34821 4 3 0002AE 00000000 0
34822 4 3 0002AF 00000000 0
34824 3 2 0002EF 00000000 0
34840 4 3 0002E8 00000000 0
34841 4 3 0002E9 00000000 0
34842 4 3 0002EA 00000000 0
34843 4 3 0002EB 00000000 0
34844 4 3 0002EC 00000000 0
34845 4 3 0002ED 00000000 0
34846 4 3 0002EE 00000001 0
34847 4 3 0002EF 00000000 0
34849 0 1 000030 00000000 0
34865 4 3 000030 00000000 0
34866 4 3 000031 00000000 0
34867 4 3 000032 00000000 0
34868 4 3 000033 00000001 0
34869 4 3 000034 00000000 0
34870 4 3 000035 00000000 0
34871 4 3 000036 00000000 0
34872 4 3 000037 00000000 0
34873 1 1 000070 00000000 0
34889 4 3 000070 00000000 0
34890 4 3 000071 00000000 0
34891 4 3 000072 00000000 0
34892 4 3 000073 00000000 0
34893 4 3 000074 00000000 0
34894 4 3 000075 00000000 0
34895 4 3 000076 00000000 0
34896 4 3 000077 00000001 0
34897 2 1 0000B0 00000000 0
34913 4 3 0000B0 00000000 0
34914 4 3 0000B1 00000000 0
34915 4 3 0000B2 00000000 0
34916 4 3 0000B3 00000000 0
34917 4 3 0000B4 00000000 0
34918 4 3 0000B5 00000000 0
34919 4 3 0000B6 00000000 0
34920 4 3 0000B7 00000000 0
34921 3 1 0000F0 00000000 0
34937 4 3 0000F0 00000000 0
34938 4 3 0000F1 00000000 0
34939 4 3 0000F2 00000000 0
34940 4 3 0000F3 00000000 0
34941 4 3 0000F4 00000000 0
34942 4 3 0000F5 00000000 0
34943 4 3 0000F6 00000000 0
34944 4 3 0000F7 00000000 0
35162 0 1 000038 00000000 0
35178 4 3 000038 00000000 0
35179 4 3 000039 00000000 0
35180 4 3 00003A 00000000 0
35181 4 3 00003B 00000000 0
35182 4 3 00003C 00000000 0
35183 4 3 00003D 00000000 0
35184 4 3 00003E 00000000 0
35185 4 3 00003F 00000000 0
35186 1 1 000078 00000000 0
35202 4 3 000078 00000000 0
35203 4 3 000079 00000000 0
35204 4 3 00007A 00000000 0
35205 4 3 00007B 00000000 0
35206 4 3 00007C 00000000 0
35207 4 3 00007D 00000000 0
35208 4 3 00007E 00000000 0
35209 4 3 00007F 00000000 0
35210 2 1 0000B8 00000000 0
35226 4 3 0000B8 00000000 0
35227 4 3 0000B9 00000000 0
35228 4 3 0000BA 00000000 0
35229 4 3 0000BB 00000001 0
35230 4 3 0000BC 00000000 0
35231 4 3 0000BD 00000000 0
35232 4 3 0000BE 00000000 0
35233 4 3 0000BF 00000000 0
35234 3 1 0000F8 00000000 0
35250 4 3 0000F8 00000000 0
35251 4 3 0000F9 00000000 0
35252 4 3 0000FA 00000000 0
35253 4 3 0000FB 00000000 0
35254 4 3 0000FC 00000000 0
35255 4 3 0000FD 00000000 0
35256 4 3 0000FE 00000000 0
35257 4 3 0000FF 00000001 0
35479 0 2 000230 00000000 0
35495 4 3 000230 00000000 0
35496 4 3 000231 00000000 0
35497 4 3 000232 00000000 0
35498 4 3 000233 00000000 0
35499 4 3 000234 00000000 0
35500 4 3 000235 00000000 0
35501 4 3 000236 00000000 0
35502 4 3 000237 00000000 0
35504 1 2 000270 00000000 0
35520 4 3 000270 00000000 0
35521 4 3 000271 00000000 0
35522 4 3 000272 00000000 0
35523 4 3 000273 00000000 0
35524 4 3 000274 00000000 0
35525 4 3 000275 00000000 0
35526 4 3 000276 00000000 0
35527 4 3 000277 00000000 0
35529 2 2 0002B0 00000000 0
35545 4 3 0002B0 00000000 0
35546 4 3 0002B1 00000000 0
35547 4 3 0002B2 00000000 0
35548 4 3 0002B3 00000000 0
35549 4 3 0002B4 00000000 0
35550 4 3 0002B5 00000000 0
35551 4 3 0002B6 00000000 0
35552 4 3 0002B7 00000000 0
35554 3 2 0002F0 00000000 0
35570 4 3 0002F0 00000000 0
35571 4 3 0002F1 00000000 0
35572 4 3 0002F2 00000000 0
35573 4 3 0002F3 00000000 0
35574 4 3 0002F4 00000000 0
35575 4 3 0002F5 00000000 0
35576 4 3 0002F6 00000000 0
35577 4 3 0002F7 00000000 0
35579 0 1 000030 00000000 0
35595 4 3 000030 00000000 0
35596 4 3 000031 00000000 0
35597 4 3 000032 00000000 0
35598 4 3 000033 00000001 0
35599 4 3 000034 00000000 0
35600 4 3 000035 00000000 0
35601 4 3 000036 00000000 0
35602 4 3 000037 00000000 0
35603 1 1 000070 00000000 0
35619 4 3 000070 00000000 0
35620 4 3 000071 00000000 0
35621 4 3 000072 00000000 0
35622 4 3 000073 00000000 0
35623 4 3 000074 00000000 0
35624 4 3 000075 00000000 0
35625 4 3 000076 00000000 0
35626 4 3 000077 00000001 0
35627 2 1 0000B0 00000000 0
35643 4 3 0000B0 00000000 0
35644 4 3 0000B1 00000000 0
35645 4 3 0000B2 00000000 0
35646 4 3 0000B3 00000000 0
35647 4 3 0000B4 00000000 0
35648 4 3 0000B5 00000000 0
35649 4 3 0000B6 00000000 0
35650 4 3 0000B7 00000000 0
35651 3 1 0000F0 00000000 0
35667 4 3 0000F0 00000000 0
35668 4 3 0000F1 00000000 0
35669 4 3 0000F2 00000000 0
35670 4 3 0000F3 00000000 0
35671 4 3 0000F4 00000000 0
35672 4 3 0000F5 00000000 0
35673 4 3 0000F6 00000000 0
35674 4 3 0000F7 00000000 0
36184 0 2 000231 00000000 0
36200 4 3 000230 00000000 0
36201 4 3 000231 00000000 0
36202 4 3 000232 00000000 0
36203 4 3 000233 00000000 0
36204 4 3 000234 00000000 0
36205 4 3 000235 00000000 0
36206 4 3 000236 00000000 0
36207 4 3 000237 00000000 0
36209 1 2 000271 00000000 0
36225 4 3 000270 00000000 0
36226 4 3 000271 00000000 0
36227 4 3 000272 00000000 0
36228 4 3 000273 00000000 0
36229 4 3 000274 00000000 0
36230 4 3 000275 00000000 0
36231 4 3 000276 00000000 0
36232 4 3 000277 00000000 0
36234 2 2 0002B1 00000000 0
36250 4 3 0002B0 00000000 0
36251 4 3 0002B1 00000000 0
36252 4 3 0002B2 00000000 0
36253 4 3 0002B3 00000000 0
36254 4 3 0002B4 00000000 0
36255 4 3 0002B5 00000000 0
36256 4 3 0002B6 00000000 0
36257 4 3 0002B7 00000000 0
36259 3 2 0002F1 00000000 0
36275 4 3 0002F0 00000000 0
36276 4 3 0002F1 00000000 0
36277 4 3 0002F2 00000000 0
36278 4 3 0002F3 00000000 0
36279 4 3 0002F4 00000000 0
36280 4 3 0002F5 00000000 0
36281 4 3 0002F6 00000000 0
36282 4 3 0002F7 00000000 0
36284 0 1 000030 00000000 0
36300 4 3 000030 00000000 0
36301 4 3 000031 00000000 0
36302 4 3 000032 00000000 0
36303 4 3 000033 00000001 0
36304 4 3 000034 00000000 0
36305 4 3 000035 00000000 0
36306 4 3 000036 00000000 0
36307 4 3 000037 00000000 0
36308 1 1 000070 00000000 0
36324 4 3 000070 00000000 0
36325 4 3 000071 00000000 0
36326 4 3 000072 00000000 0
36327 4 3 000073 00000000 0
36328 4 3 000074 00000000 0
36329 4 3 000075 00000000 0
36330 4 3 000076 00000000 0
36331 4 3 000077 00000001 0
36332 2 1 0000B0 00000000 0
36348 4 3 0000B0 00000000 0
36349 4 3 0000B1 00000000 0
36350 4 3 0000B2 00000000 0
36351 4 3 0000B3 00000000 0
36352 4 3 0000B4 00000000 0
36353 4 3 0000B5 00000000 0
36354 4 3 0000B6 00000000 0
36355 4 3 0000B7 00000000 0
36356 3 1 0000F0 00000000 0
36372 4 3 0000F0 00000000 0
36373 4 3 0000F1 00000000 0
36374 4 3 0000F2 00000000 0
36375 4 3 0000F3 00000000 0
36376 4 3 0000F4 00000000 0
36377 4 3 0000F5 00000000 0
36378 4 3 0000F6 00000000 0
36379 4 3 0000F7 00000000 0
36889 0 2 000232 00000000 0
36905 4 3 000230 00000000 0
36906 4 3 000231 00000000 0
36907 4 3 000232 00000000 0
36908 4 3 000233 00000000 0
36909 4 3 000234 00000000 0
36910 4 3 000235 00000000 0
36911 4 3 000236 00000000 0
36912 4 3 000237 00000000 0
36914 1 2 000272 00000000 0
36930 4 3 000270 00000000 0
36931 4 3 000271 00000000 0
36932 4 3 000272 00000000 0
36933 4 3 000273 00000000 0
36934 4 3 000274 00000000 0
36935 4 3 000275 00000000 0
36936 4 3 000276 00000000 0
36937 4 3 000277 00000000 0
36939 2 2 0002B2 00000000 0
36955 4 3 0002B0 00000000 0
36956 4 3 0002B1 00000000 0
36957 4 3 0002B2 00000000 0
36958 4 3 0002B3 00000000 0
36959 4 3 0002B4 00000000 0
36960 4 3 0002B5 00000000 0
36961 4 3 0002B6 00000000 0
36962 4 3 0002B7 00000000 0
36964 3 2 0002F2 00000000 0
36980 4 3 0002F0 00000000 0
36981 4 3 0002F1 00000000 0
36982 4 3 0002F2 00000000 0
36983 4 3 0002F3 00000000 0
36984 4 3 0002F4 00000000 0
36985 4 3 0002F5 00000000 0
36986 4 3 0002F6 00000000 0
36987 4 3 0002F7 00000000 0
36989 0 1 000030 00000000 0
37005 4 3 000030 00000000 0
37006 4 3 000031 00000000 0
37007 4 3 000032 00000000 0
37008 4 3 000033 00000001 0
37009 4 3 000034 00000000 0
37010 4 3 000035 00000000 0
37011 4 3 000036 00000000 0
37012 4 3 000037 00000000 0
37013 1 1 000070 00000000 0
37029 4 3 000070 00000000 0
37030 4 3 000071 00000000 0
37031 4 3 000072 00000000 0
37032 4 3 000073 00000000 0
37033 4 3 000074 00000000 0
37034 4 3 000075 00000000 0
37035 4 3 000076 00000000 0
37036 4 3 000077 00000001 0
37037 2 1 0000B0 00000000 0
37053 4 3 0000B0 00000000 0
37054 4 3 0000B1 00000000 0
37055 4 3 0000B2 00000000 0
37056 4 3 0000B3 00000000 0
37057 4 3 0000B4 00000000 0
37058 4 3 0000B5 00000000 0
37059 4 3 0000B6 00000000 0
37060 4 3 0000B7 00000000 0
37061 3 1 0000F0 00000000 0
37077 4 3 0000F0 00000000 0
37078 4 3 0000F1 00000000 0
37079 4 3 0000F2 00000000 0
37080 4 3 0000F3 00000000 0
37081 4 3 0000F4 00000000 0
37082 4 3 0000F5 00000000 0
37083 4 3 0000F6 00000000 0
37084 4 3 0000F7 00000000 0
37594 0 2 000233 00000000 0
37610 4 3 000230 00000000 0
37611 4 3 000231 00000000 0
37612 4 3 000232 00000000 0
37613 4 3 000233 00000000 0
37614 4 3 000234 00000000 0
37615 4 3 000235 00000000 0
37616 4 3 000236 00000000 0
37617 4 3 000237 00000000 0
37619 1 2 000273 00000000 0
37635 4 3 000270 00000000 0
37636 4 3 000271 00000000 0
37637 4 3 000272 00000000 0
37638 4 3 000273 00000000 0
37639 4 3 000274 00000000 0
37640 4 3 000275 00000000 0
37641 4 3 000276 00000000 0
37642 4 3 000277 00000000 0
37644 2 2 0002B3 00000000 0
37660 4 3 0002B0 00000000 0
37661 4 3 0002B1 00000000 0
37662 4 3 0002B2 00000000 0
37663 4 3 0002B3 00000000 0
37664 4 3 0002B4 00000000 0
37665 4 3 0002B5 00000000 0
37666 4 3 0002B6 00000000 0
37667 4 3 0002B7 00000000 0
37669 3 2 0002F3 00000000 0
37685 4 3 0002F0 00000000 0
37686 4 3 0002F1 00000000 0
37687 4 3 0002F2 00000000 0
37688 4 3 0002F3 00000000 0
37689 4 3 0002F4 00000000 0
37690 4 3 0002F5 00000000 0
37691 4 3 0002F6 00000000 0
37692 4 3 0002F7 00000000 0
37694 0 1 000030 00000000 0
37710 4 3 000030 00000000 0
37711 4 3 000031 00000000 0
37712 4 3 000032 00000000 0
37713 4 3 000033 00000001 0
37714 4 3 000034 00000000 0
37715 4 3 000035 00000000 0
37716 4 3 000036 00000000 0
37717 4 3 000037 00000000 0
37718 1 1 000070 00000000 0
37734 4 3 000070 00000000 0
37735 4 3 000071 00000000 0
37736 4 3 000072 00000000 0
37737 4 3 000073 00000000 0
37738 4 3 000074 00000000 0
37739 4 3 000075 00000000 0
37740 4 3 000076 00000000 0
37741 4 3 000077 00000001 0
37742 2 1 0000B0 00000000 0
37758 4 3 0000B0 00000000 0
37759 4 3 0000B1 00000000 0
37760 4 3 0000B2 00000000 0
37761 4 3 0000B3 00000000 0
37762 4 3 0000B4 00000000 0
37763 4 3 0000B5 00000000 0
37764 4 3 0000B6 00000000 0
37765 4 3 0000B7 00000000 0
37766 3 1 0000F0 00000000 0
37782 4 3 0000F0 00000000 0
37783 4 3 0000F1 00000000 0
37784 4 3 0000F2 00000000 0
37785 4 3 0000F3 00000000 0
37786 4 3 0000F4 00000000 0
37787 4 3 0000F5 00000000 0
37788 4 3 0000F6 00000000 0
37789 4 3 0000F7 00000000 0
38299 0 2 000234 00000000 0
38315 4 3 000230 00000000 0
38316 4 3 000231 00000000 0
38317 4 3 000232 00000000 0
38318 4 3 000233 00000001 0
38319 4 3 000234 00000000 0
38320 4 3 000235 00000000 0
38321 4 3 000236 00000000 0
38322 4 3 000237 00000000 0
38324 1 2 000274 00000000 0
38340 4 3 000270 00000000 0
38341 4 3 000271 00000000 0
38342 4 3 000272 00000000 0
38343 4 3 000273 00000000 0
38344 4 3 000274 00000000 0
38345 4 3 000275 00000000 0
38346 4 3 000276 00000000 0
38347 4 3 000277 00000000 0
38349 2 2 0002B4 00000000 0
38365 4 3 0002B0 00000000 0
38366 4 3 0002B1 00000000 0
38367 4 3 0002B2 00000000 0
38368 4 3 0002B3 00000000 0
38369 4 3 0002B4 00000000 0
38370 4 3 0002B5 00000000 0
38371 4 3 0002B6 00000000 0
38372 4 3 0002B7 00000000 0
38374 3 2 0002F4 00000000 0
38390 4 3 0002F0 00000000 0
38391 4 3 0002F1 00000000 0
38392 4 3 0002F2 00000000 0
38393 4 3 0002F3 00000000 0
38394 4 3 0002F4 00000000 0
38395 4 3 0002F5 00000000 0
38396 4 3 0002F6 00000000 0
38397 4 3 0002F7 00000000 0
38399 0 1 000030 00000000 0
38415 4 3 000030 00000000 0
38416 4 3 000031 00000000 0
38417 4 3 000032 00000000 0
38418 4 3 000033 00000001 0
38419 4 3 000034 00000000 0
38420 4 3 000035 00000000 0
38421 4 3 000036 00000000 0
38422 4 3 000037 00000000 0
38423 1 1 000070 00000000 0
38439 4 3 000070 00000000 0
38440 4 3 000071 00000000 0
38441 4 3 000072 00000000 0
38442 4 3 000073 00000000 0
38443 4 3 000074 00000000 0
38444 4 3 000075 00000000 0
38445 4 3 000076 00000000 0
38446 4 3 000077 00000001 0
38447 2 1 0000B0 00000000 0
38463 4 3 0000B0 00000000 0
38464 4 3 0000B1 00000000 0
38465 4 3 0000B2 00000000 0
38466 4 3 0000B3 00000000 0
38467 4 3 0000B4 00000000 0
38468 4 3 0000B5 00000000 0
38469 4 3 0000B6 00000000 0
38470 4 3 0000B7 00000000 0
38471 3 1 0000F0 00000000 0
38487 4 3 0000F0 00000000 0
38488 4 3 0000F1 00000000 0
38489 4 3 0000F2 00000000 0
38490 4 3 0000F3 00000000 0
38491 4 3 0000F4 00000000 0
38492 4 3 0000F5 00000000 0
38493 4 3 0000F6 00000000 0
38494 4 3 0000F7 00000000 0
39004 0 2 000235 00000000 0
39020 4 3 000230 00000000 0
39021 4 3 000231 00000000 0
39022 4 3 000232 00000000 0
39023 4 3 000233 00000001 0
39024 4 3 000234 00000000 0
39025 4 3 000235 00000000 0
39026 4 3 000236 00000000 0
39027 4 3 000237 00000000 0
39029 1 2 000275 00000000 0
39045 4 3 000270 00000000 0
39046 4 3 000271 00000000 0
39047 4 3 000272 00000000 0
39048 4 3 000273 00000000 0
39049 4 3 000274 00000000 0
39050 4 3 000275 00000000 0
39051 4 3 000276 00000000 0
39052 4 3 000277 00000000 0
39054 2 2 0002B5 00000000 0
39070 4 3 0002B0 00000000 0
39071 4 3 0002B1 00000000 0
39072 4 3 0002B2 00000000 0
39073 4 3 0002B3 00000000 0
39074 4 3 0002B4 00000000 0
39075 4 3 0002B5 00000000 0
39076 4 3 0002B6 00000000 0
39077 4 3 0002B7 00000000 0
39079 3 2 0002F5 00000000 0
39095 4 3 0002F0 00000000 0
39096 4 3 0002F1 00000000 0
39097 4 3 0002F2 00000000 0
39098 4 3 0002F3 00000000 0
39099 4 3 0002F4 00000000 0
39100 4 3 0002F5 00000000 0
39101 4 3 0002F6 00000000 0
39102 4 3 0002F7 00000000 0
39104 0 1 000030 00000000 0
39120 4 3 000030 00000000 0
39121 4 3 000031 00000000 0
39122 4 3 000032 00000000 0
39123 4 3 000033 00000001 0
39124 4 3 000034 00000000 0
39125 4 3 000035 00000000 0
39126 4 3 000036 00000000 0
39127 4 3 000037 00000000 0
39128 1 1 000070 00000000 0
39144 4 3 000070 00000000 0
39145 4 3 000071 00000000 0
39146 4 3 000072 00000000 0
39147 4 3 000073 00000000 0
39148 4 3 000074 00000000 0
39149 4 3 000075 00000000 0
39150 4 3 000076 00000000 0
39151 4 3 000077 00000001 0
39152 2 1 0000B0 00000000 0
39168 4 3 0000B0 00000000 0
39169 4 3 0000B1 00000000 0
39170 4 3 0000B2 00000000 0
39171 4 3 0000B3 00000000 0
39172 4 3 0000B4 00000000 0
39173 4 3 0000B5 00000000 0
39174 4 3 0000B6 00000000 0
39175 4 3 0000B7 00000000 0
39176 3 1 0000F0 00000000 0
39192 4 3 0000F0 00000000 0
39193 4 3 0000F1 00000000 0
39194 4 3 0000F2 00000000 0
39195 4 3 0000F3 00000000 0
39196 4 3 0000F4 00000000 0
39197 4 3 0000F5 00000000 0
39198 4 3 0000F6 00000000 0
39199 4 3 0000F7 00000000 0
39709 0 2 000236 00000000 0
39725 4 3 000230 00000000 0
39726 4 3 000231 00000000 0
39727 4 3 000232 00000000 0
39728 4 3 000233 00000001 0
39729 4 3 000234 00000000 0
39730 4 3 000235 00000000 0
39731 4 3 000236 00000000 0
39732 4 3 000237 00000000 0
39734 1 2 000276 00000000 0
39750 4 3 000270 00000000 0
39751 4 3 000271 00000000 0
39752 4 3 000272 00000000 0
39753 4 3 000273 00000000 0
39754 4 3 000274 00000000 0
39755 4 3 000275 00000000 0
39756 4 3 000276 00000000 0
39757 4 3 000277 00000000 0
39759 2 2 0002B6 00000000 0
39775 4 3 0002B0 00000000 0
39776 4 3 0002B1 00000000 0
39777 4 3 0002B2 00000000 0
39778 4 3 0002B3 00000000 0
39779 4 3 0002B4 00000000 0
39780 4 3 0002B5 00000000 0
39781 4 3 0002B6 00000000 0
39782 4 3 0002B7 00000000 0
39784 3 2 0002F6 00000000 0
39800 4 3 0002F0 00000000 0
39801 4 3 0002F1 00000000 0
39802 4 3 0002F2 00000000 0
39803 4 3 0002F3 00000000 0
39804 4 3 0002F4 00000000 0
39805 4 3 0002F5 00000000 0
39806 4 3 0002F6 00000000 0
39807 4 3 0002F7 00000000 0
39809 0 1 000030 00000000 0
39825 4 3 000030 00000000 0
39826 4 3 000031 00000000 0
39827 4 3 000032 00000000 0
39828 4 3 000033 00000001 0
39829 4 3 000034 00000000 0
39830 4 3 000035 00000000 0
39831 4 3 000036 00000000 0
39832 4 3 000037 00000000 0
39833 1 1 000070 00000000 0
39849 4 3 000070 00000000 0
39850 4 3 000071 00000000 0
39851 4 3 000072 00000000 0
39852 4 3 000073 00000000 0
39853 4 3 000074 00000000 0
39854 4 3 000075 00000000 0
39855 4 3 000076 00000000 0
39856 4 3 000077 00000001 0
39857 2 1 0000B0 00000000 0
39873 4 3 0000B0 00000000 0
39874 4 3 0000B1 00000000 0
39875 4 3 0000B2 00000000 0
39876 4 3 0000B3 00000000 0
39877 4 3 0000B4 00000000 0
39878 4 3 0000B5 00000000 0
39879 4 3 0000B6 00000000 0
39880 4 3 0000B7 00000000 0
39881 3 1 0000F0 00000000 0
39897 4 3 0000F0 00000000 0
39898 4 3 0000F1 00000000 0
39899 4 3 0000F2 00000000 0
39900 4 3 0000F3 00000000 0
39901 4 3 0000F4 00000000 0
39902 4 3 0000F5 00000000 0
39903 4 3 0000F6 00000000 0
39904 4 3 0000F7 00000000 0
40414 0 2 000237 00000000 0
40430 4 3 000230 00000000 0
40431 4 3 000231 00000000 0
40432 4 3 000232 00000000 0
40433 4 3 000233 00000001 0
40434 4 3 000234 00000000 0
40435 4 3 000235 00000000 0
40436 4 3 000236 00000000 0
40437 4 3 000237 00000000 0
40439 1 2 000277 00000000 0
40455 4 3 000270 00000000 0
40456 4 3 000271 00000000 0
40457 4 3 000272 00000000 0
40458 4 3 000273 00000000 0
40459 4 3 000274 00000000 0
40460 4 3 000275 00000000 0
40461 4 3 000276 00000000 0
40462 4 3 000277 00000000 0
40464 2 2 0002B7 00000000 0
40480 4 3 0002B0 00000000 0
40481 4 3 0002B1 00000000 0
40482 4 3 0002B2 00000000 0
40483 4 3 0002B3 00000000 0
40484 4 3 0002B4 00000000 0
40485 4 3 0002B5 00000000 0
40486 4 3 0002B6 00000000 0
40487 4 3 0002B7 00000000 0
40489 3 2 0002F7 00000000 0
40505 4 3 0002F0 00000000 0
40506 4 3 0002F1 00000000 0
40507 4 3 0002F2 00000000 0
40508 4 3 0002F3 00000000 0
40509 4 3 0002F4 00000000 0
40510 4 3 0002F5 00000000 0
40511 4 3 0002F6 00000000 0
40512 4 3 0002F7 00000000 0
40514 0 1 000030 00000000 0
40530 4 3 000030 00000000 0
40531 4 3 000031 00000000 0
40532 4 3 000032 00000000 0
40533 4 3 000033 00000001 0
40534 4 3 000034 00000000 0
40535 4 3 000035 00000000 0
40536 4 3 000036 00000000 0
40537 4 3 000037 00000000 0
40538 1 1 000070 00000000 0
40554 4 3 000070 00000000 0
40555 4 3 000071 00000000 0
40556 4 3 000072 00000000 0
40557 4 3 000073 00000000 0
40558 4 3 000074 00000000 0
40559 4 3 000075 00000000 0
40560 4 3 000076 00000000 0
40561 4 3 000077 00000001 0
40562 2 1 0000B0 00000000 0
40578 4 3 0000B0 00000000 0
40579 4 3 0000B1 00000000 0
40580 4 3 0000B2 00000000 0
40581 4 3 0000B3 00000000 0
40582 4 3 0000B4 00000000 0
40583 4 3 0000B5 00000000 0
40584 4 3 0000B6 00000000 0
40585 4 3 0000B7 00000000 0
40586 3 1 0000F0 00000000 0
40602 4 3 0000F0 00000000 0
40603 4 3 0000F1 00000000 0
40604 4 3 0000F2 00000000 0
40605 4 3 0000F3 00000000 0
40606 4 3 0000F4 00000000 0
40607 4 3 0000F5 00000000 0
40608 4 3 0000F6 00000000 0
40609 4 3 0000F7 00000000 0
41119 0 2 000238 00000000 0
41135 4 3 000238 00000000 0
41136 4 3 000239 00000000 0
41137 4 3 00023A 00000000 0
41138 4 3 00023B 00000000 0
41139 4 3 00023C 00000000 0
41140 4 3 00023D 00000000 0
41141 4 3 00023E 00000000 0
41142 4 3 00023F 00000000 0
41144 1 2 000278 00000000 0
41160 4 3 000278 00000000 0
41161 4 3 000279 00000000 0
41162 4 3 00027A 00000000 0
41163 4 3 00027B 00000000 0
41164 4 3 00027C 00000000 0
41165 4 3 00027D 00000000 0
41166 4 3 00027E 00000000 0
41167 4 3 00027F 00000000 0
41169 2 2 0002B8 00000000 0
41185 4 3 0002B8 00000000 0
41186 4 3 0002B9 00000000 0
41187 4 3 0002BA 00000000 0
41188 4 3 0002BB 00000000 0
41189 4 3 0002BC 00000000 0
41190 4 3 0002BD 00000000 0
41191 4 3 0002BE 00000000 0
41192 4 3 0002BF 00000000 0
41194 3 2 0002F8 00000000 0
41210 4 3 0002F8 00000000 0
41211 4 3 0002F9 00000000 0
41212 4 3 0002FA 00000000 0
41213 4 3 0002FB 00000000 0
41214 4 3 0002FC 00000000 0
41215 4 3 0002FD 00000000 0
41216 4 3 0002FE 00000000 0
41217 4 3 0002FF 00000000 0
41449 0 1 000038 00000000 0
41465 4 3 000038 00000000 0
41466 4 3 000039 00000000 0
41467 4 3 00003A 00000000 0
41468 4 3 00003B 00000000 0
41469 4 3 00003C 00000000 0
41470 4 3 00003D 00000000 0
41471 4 3 00003E 00000000 0
41472 4 3 00003F 00000000 0
41474 1 1 000078 00000000 0
41490 4 3 000078 00000000 0
41491 4 3 000079 00000000 0
41492 4 3 00007A 00000000 0
41493 4 3 00007B 00000000 0
41494 4 3 00007C 00000000 0
41495 4 3 00007D 00000000 0
41496 4 3 00007E 00000000 0
41497 4 3 00007F 00000000 0
41499 2 1 0000B8 00000000 0
41515 4 3 0000B8 00000000 0
41516 4 3 0000B9 00000000 0
41517 4 3 0000BA 00000000 0
41518 4 3 0000BB 00000001 0
41519 4 3 0000BC 00000000 0
41520 4 3 0000BD 00000000 0
41521 4 3 0000BE 00000000 0
41522 4 3 0000BF 00000000 0
41524 3 1 0000F8 00000000 0
41540 4 3 0000F8 00000000 0
41541 4 3 0000F9 00000000 0
41542 4 3 0000FA 00000000 0
41543 4 3 0000FB 00000000 0
41544 4 3 0000FC 00000000 0
41545 4 3 0000FD 00000000 0
41546 4 3 0000FE 00000000 0
41547 4 3 0000FF 00000001 0
41766 0 2 000239 00000000 0
41782 4 3 000238 00000000 0
41783 4 3 000239 00000000 0
41784 4 3 00023A 00000000 0
41785 4 3 00023B 00000000 0
41786 4 3 00023C 00000000 0
41787 4 3 00023D 00000000 0
41788 4 3 00023E 00000000 0
41789 4 3 00023F 00000000 0
41791 1 2 000279 00000000 0
41807 4 3 000278 00000000 0
41808 4 3 000279 00000000 0
41809 4 3 00027A 00000000 0
41810 4 3 00027B 00000000 0
41811 4 3 00027C 00000000 0
41812 4 3 00027D 00000000 0
41813 4 3 00027E 00000000 0
41814 4 3 00027F 00000000 0
41816 2 2 0002B9 00000000 0
41832 4 3 0002B8 00000000 0
41833 4 3 0002B9 00000000 0
41834 4 3 0002BA 00000000 0
41835 4 3 0002BB 00000000 0
41836 4 3 0002BC 00000000 0
41837 4 3 0002BD 00000000 0
41838 4 3 0002BE 00000000 0
41839 4 3 0002BF 00000000 0
41841 3 2 0002F9 00000000 0
41857 4 3 0002F8 00000000 0
41858 4 3 0002F9 00000000 0
41859 4 3 0002FA 00000000 0
41860 4 3 0002FB 00000000 0
41861 4 3 0002FC 00000000 0
41862 4 3 0002FD 00000000 0
41863 4 3 0002FE 00000000 0
41864 4 3 0002FF 00000000 0
42096 0 1 000038 00000000 0
42112 4 3 000038 00000000 0
42113 4 3 000039 00000000 0
42114 4 3 00003A 00000000 0
42115 4 3 00003B 00000000 0
42116 4 3 00003C 00000000 0
42117 4 3 00003D 00000000 0
42118 4 3 00003E 00000000 0
42119 4 3 00003F 00000000 0
42121 1 1 000078 00000000 0
42137 4 3 000078 00000000 0
42138 4 3 000079 00000000 0
42139 4 3 00007A 00000000 0
42140 4 3 00007B 00000000 0
42141 4 3 00007C 00000000 0
42142 4 3 00007D 00000000 0
42143 4 3 00007E 00000000 0
42144 4 3 00007F 00000000 0
42146 2 1 0000B8 00000000 0
42162 4 3 0000B8 00000000 0
42163 4 3 0000B9 00000000 0
42164 4 3 0000BA 00000000 0
42165 4 3 0000BB 00000001 0
42166 4 3 0000BC 00000000 0
42167 4 3 0000BD 00000000 0
42168 4 3 0000BE 00000000 0
42169 4 3 0000BF 00000000 0
42171 3 1 0000F8 00000000 0
42187 4 3 0000F8 00000000 0
42188 4 3 0000F9 00000000 0
42189 4 3 0000FA 00000000 0
42190 4 3 0000FB 00000000 0
42191 4 3 0000FC 00000000 0
42192 4 3 0000FD 00000000 0
42193 4 3 0000FE 00000000 0
42194 4 3 0000FF 00000001 0
42413 0 2 00023A 00000000 0
42429 4 3 000238 00000000 0
42430 4 3 000239 00000000 0
42431 4 3 00023A 00000000 0
42432 4 3 00023B 00000000 0
42433 4 3 00023C 00000000 0
42434 4 3 00023D 00000000 0
42435 4 3 00023E 00000000 0
42436 4 3 00023F 00000000 0
42438 1 2 00027A 00000000 0
42454 4 3 000278 00000000 0
42455 4 3 000279 00000000 0
42456 4 3 00027A 00000000 0
42457 4 3 00027B 00000000 0
42458 4 3 00027C 00000000 0
42459 4 3 00027D 00000000 0
42460 4 3 00027E 00000000 0
42461 4 3 00027F 00000000 0
42463 2 2 0002BA 00000000 0
42479 4 3 0002B8 00000000 0
42480 4 3 0002B9 00000000 0
42481 4 3 0002BA 00000000 0
42482 4 3 0002BB 00000000 0
42483 4 3 0002BC 00000000 0
42484 4 3 0002BD 00000000 0
42485 4 3 0002BE 00000000 0
42486 4 3 0002BF 00000000 0
42488 3 2 0002FA 00000000 0
42504 4 3 0002F8 00000000 0
42505 4 3 0002F9 00000000 0
42506 4 3 0002FA 00000000 0
42507 4 3 0002FB 00000000 0
42508 4 3 0002FC 00000000 0
42509 4 3 0002FD 00000000 0
42510 4 3 0002FE 00000000 0
42511 4 3 0002FF 00000000 0
42743 0 1 000038 00000000 0
42759 4 3 000038 00000000 0
42760 4 3 000039 00000000 0
42761 4 3 00003A 00000000 0
42762 4 3 00003B 00000000 0
42763 4 3 00003C 00000000 0
42764 4 3 00003D 00000000 0
42765 4 3 00003E 00000000 0
42766 4 3 00003F 00000000 0
42768 1 1 000078 00000000 0
42784 4 3 000078 00000000 0
42785 4 3 000079 00000000 0
42786 4 3 00007A 00000000 0
42787 4 3 00007B 00000000 0
42788 4 3 00007C 00000000 0
42789 4 3 00007D 00000000 0
42790 4 3 00007E 00000000 0
42791 4 3 00007F 00000000 0
42793 2 1 0000B8 00000000 0
42809 4 3 0000B8 00000000 0
42810 4 3 0000B9 00000000 0
42811 4 3 0000BA 00000000 0
42812 4 3 0000BB 00000001 0
42813 4 3 0000BC 00000000 0
42814 4 3 0000BD 00000000 0
42815 4 3 0000BE 00000000 0
42816 4 3 0000BF 00000000 0
42818 3 1 0000F8 00000000 0
42834 4 3 0000F8 00000000 0
42835 4 3 0000F9 00000000 0
42836 4 3 0000FA 00000000 0
42837 4 3 0000FB 00000000 0
42838 4 3 0000FC 00000000 0
42839 4 3 0000FD 00000000 0
42840 4 3 0000FE 00000000 0
42841 4 3 0000FF 00000001 0
43060 0 2 00023B 00000000 0
43076 4 3 000238 00000000 0
43077 4 3 000239 00000000 0
43078 4 3 00023A 00000000 0
43079 4 3 00023B 00000000 0
43080 4 3 00023C 00000000 0
43081 4 3 00023D 00000000 0
43082 4 3 00023E 00000000 0
43083 4 3 00023F 00000000 0
43085 1 2 00027B 00000000 0
43101 4 3 000278 00000000 0
43102 4 3 000279 00000000 0
43103 4 3 00027A 00000000 0
43104 4 3 00027B 00000000 0
43105 4 3 00027C 00000000 0
43106 4 3 00027D 00000000 0
43107 4 3 00027E 00000000 0
43108 4 3 00027F 00000000 0
43110 2 2 0002BB 00000000 0
43126 4 3 0002B8 00000000 0
43127 4 3 0002B9 00000000 0
43128 4 3 0002BA 00000000 0
43129 4 3 0002BB 00000000 0
43130 4 3 0002BC 00000000 0
43131 4 3 0002BD 00000000 0
43132 4 3 0002BE 00000000 0
43133 4 3 0002BF 00000000 0
43135 3 2 0002FB 00000000 0
43151 4 3 0002F8 00000000 0
43152 4 3 0002F9 00000000 0
43153 4 3 0002FA 00000000 0
43154 4 3 0002FB 00000000 0
43155 4 3 0002FC 00000000 0
43156 4 3 0002FD 00000000 0
43157 4 3 0002FE 00000000 0
43158 4 3 0002FF 00000000 0
43390 0 1 000038 00000000 0
43406 4 3 000038 00000000 0
43407 4 3 000039 00000000 0
43408 4 3 00003A 00000000 0
43409 4 3 00003B 00000000 0
43410 4 3 00003C 00000000 0
43411 4 3 00003D 00000000 0
43412 4 3 00003E 00000000 0
43413 4 3 00003F 00000000 0
43415 1 1 000078 00000000 0
43431 4 3 000078 00000000 0
43432 4 3 000079 00000000 0
43433 4 3 00007A 00000000 0
43434 4 3 00007B 00000000 0
43435 4 3 00007C 00000000 0
43436 4 3 00007D 00000000 0
43437 4 3 00007E 00000000 0
43438 4 3 00007F 00000000 0
43440 2 1 0000B8 00000000 0
43456 4 3 0000B8 00000000 0
43457 4 3 0000B9 00000000 0
43458 4 3 0000BA 00000000 0
43459 4 3 0000BB 00000001 0
43460 4 3 0000BC 00000000 0
43461 4 3 0000BD 00000000 0
43462 4 3 0000BE 00000000 0
43463 4 3 0000BF 00000000 0
43465 3 1 0000F8 00000000 0
43481 4 3 0000F8 00000000 0
43482 4 3 0000F9 00000000 0
43483 4 3 0000FA 00000000 0
43484 4 3 0000FB 00000000 0
43485 4 3 0000FC 00000000 0
43486 4 3 0000FD 00000000 0
43487 4 3 0000FE 00000000 0
43488 4 3 0000FF 00000001 0
43707 0 2 00023C 00000000 0
43723 4 3 000238 00000000 0
43724 4 3 000239 00000000 0
43725 4 3 00023A 00000000 0
43726 4 3 00023B 00000000 0
43727 4 3 00023C 00000000 0
43728 4 3 00023D 00000000 0
43729 4 3 00023E 00000000 0
43730 4 3 00023F 00000000 0
43732 1 2 00027C 00000000 0
43748 4 3 000278 00000000 0
43749 4 3 000279 00000000 0
43750 4 3 00027A 00000000 0
43751 4 3 00027B 00000000 0
43752 4 3 00027C 00000000 0
43753 4 3 00027D 00000000 0
43754 4 3 00027E 00000000 0
43755 4 3 00027F 00000000 0
43757 2 2 0002BC 00000000 0
43773 4 3 0002B8 00000000 0
43774 4 3 0002B9 00000000 0
43775 4 3 0002BA 00000000 0
43776 4 3 0002BB 00000001 0
43777 4 3 0002BC 00000000 0
43778 4 3 0002BD 00000000 0
43779 4 3 0002BE 00000000 0
43780 4 3 0002BF 00000000 0
43782 3 2 0002FC 00000000 0
43798 4 3 0002F8 00000000 0
43799 4 3 0002F9 00000000 0
43800 4 3 0002FA 00000000 0
43801 4 3 0002FB 00000000 0
43802 4 3 0002FC 00000000 0
43803 4 3 0002FD 00000000 0
43804 4 3 0002FE 00000000 0
43805 4 3 0002FF 00000000 0
44037 0 1 000038 00000000 0
44053 4 3 000038 00000000 0
44054 4 3 000039 00000000 0
44055 4 3 00003A 00000000 0
44056 4 3 00003B 00000000 0
44057 4 3 00003C 00000000 0
44058 4 3 00003D 00000000 0
44059 4 3 00003E 00000000 0
44060 4 3 00003F 00000000 0
44062 1 1 000078 00000000 0
44078 4 3 000078 00000000 0
44079 4 3 000079 00000000 0
44080 4 3 00007A 00000000 0
44081 4 3 00007B 00000000 0
44082 4 3 00007C 00000000 0
44083 4 3 00007D 00000000 0
44084 4 3 00007E 00000000 0
44085 4 3 00007F 00000000 0
44087 2 1 0000B8 00000000 0
44103 4 3 0000B8 00000000 0
44104 4 3 0000B9 00000000 0
44105 4 3 0000BA 00000000 0
44106 4 3 0000BB 00000001 0
44107 4 3 0000BC 00000000 0
44108 4 3 0000BD 00000000 0
44109 4 3 0000BE 00000000 0
44110 4 3 0000BF 00000000 0
44112 3 1 0000F8 00000000 0
44128 4 3 0000F8 00000000 0
44129 4 3 0000F9 00000000 0
44130 4 3 0000FA 00000000 0
44131 4 3 0000FB 00000000 0
44132 4 3 0000FC 00000000 0
44133 4 3 0000FD 00000000 0
44134 4 3 0000FE 00000000 0
44135 4 3 0000FF 00000001 0
44354 0 2 00023D 00000000 0
44370 4 3 000238 00000000 0
44371 4 3 000239 00000000 0
44372 4 3 00023A 00000000 0
44373 4 3 00023B 00000000 0
44374 4 3 00023C 00000000 0
44375 4 3 00023D 00000000 0
44376 4 3 00023E 00000000 0
44377 4 3 00023F 00000000 0
44379 1 2 00027D 00000000 0
44395 4 3 000278 00000000 0
44396 4 3 000279 00000000 0
44397 4 3 00027A 00000000 0
44398 4 3 00027B 00000000 0
44399 4 3 00027C 00000000 0
44400 4 3 00027D 00000000 0
44401 4 3 00027E 00000000 0
44402 4 3 00027F 00000000 0
44404 2 2 0002BD 00000000 0
44420 4 3 0002B8 00000000 0
44421 4 3 0002B9 00000000 0
44422 4 3 0002BA 00000000 0
44423 4 3 0002BB 00000001 0
44424 4 3 0002BC 00000000 0
44425 4 3 0002BD 00000000 0
44426 4 3 0002BE 00000000 0
44427 4 3 0002BF 00000000 0
44429 3 2 0002FD 00000000 0
44445 4 3 0002F8 00000000 0
44446 4 3 0002F9 00000000 0
44447 4 3 0002FA 00000000 0
44448 4 3 0002FB 00000000 0
44449 4 3 0002FC 00000000 0
44450 4 3 0002FD 00000000 0
44451 4 3 0002FE 00000000 0
44452 4 3 0002FF 00000000 0
44684 0 1 000038 00000000 0
44700 4 3 000038 00000000 0
44701 4 3 000039 00000000 0
44702 4 3 00003A 00000000 0
44703 4 3 00003B 00000000 0
44704 4 3 00003C 00000000 0
44705 4 3 00003D 00000000 0
44706 4 3 00003E 00000000 0
44707 4 3 00003F 00000000 0
44709 1 1 000078 00000000 0
44725 4 3 000078 00000000 0
44726 4 3 000079 00000000 0
44727 4 3 00007A 00000000 0
44728 4 3 00007B 00000000 0
44729 4 3 00007C 00000000 0
44730 4 3 00007D 00000000 0
44731 4 3 00007E 00000000 0
44732 4 3 00007F 00000000 0
44734 2 1 0000B8 00000000 0
44750 4 3 0000B8 00000000 0
44751 4 3 0000B9 00000000 0
44752 4 3 0000BA 00000000 0
44753 4 3 0000BB 00000001 0
44754 4 3 0000BC 00000000 0
44755 4 3 0000BD 00000000 0
44756 4 3 0000BE 00000000 0
44757 4 3 0000BF 00000000 0
44759 3 1 0000F8 00000000 0
44775 4 3 0000F8 00000000 0
44776 4 3 0000F9 00000000 0
44777 4 3 0000FA 00000000 0
44778 4 3 0000FB 00000000 0
44779 4 3 0000FC 00000000 0
44780 4 3 0000FD 00000000 0
44781 4 3 0000FE 00000000 0
44782 4 3 0000FF 00000001 0
45001 0 2 00023E 00000000 0
45017 4 3 000238 00000000 0
45018 4 3 000239 00000000 0
45019 4 3 00023A 00000000 0
45020 4 3 00023B 00000000 0
45021 4 3 00023C 00000000 0
45022 4 3 00023D 00000000 0
45023 4 3 00023E 00000000 0
45024 4 3 00023F 00000000 0
45026 1 2 00027E 00000000 0
45042 4 3 000278 00000000 0
45043 4 3 000279 00000000 0
45044 4 3 00027A 00000000 0
45045 4 3 00027B 00000000 0
45046 4 3 00027C 00000000 0
45047 4 3 00027D 00000000 0
45048 4 3 00027E 00000000 0
45049 4 3 00027F 00000000 0
45051 2 2 0002BE 00000000 0
45067 4 3 0002B8 00000000 0
45068 4 3 0002B9 00000000 0
45069 4 3 0002BA 00000000 0
45070 4 3 0002BB 00000001 0
45071 4 3 0002BC 00000000 0
45072 4 3 0002BD 00000000 0
45073 4 3 0002BE 00000000 0
45074 4 3 0002BF 00000000 0
45076 3 2 0002FE 00000000 0
45092 4 3 0002F8 00000000 0
45093 4 3 0002F9 00000000 0
45094 4 3 0002FA 00000000 0
45095 4 3 0002FB 00000000 0
45096 4 3 0002FC 00000000 0
45097 4 3 0002FD 00000000 0
45098 4 3 0002FE 00000000 0
45099 4 3 0002FF 00000000 0
45331 0 1 000038 00000000 0
45347 4 3 000038 00000000 0
45348 4 3 000039 00000000 0
45349 4 3 00003A 00000000 0
45350 4 3 00003B 00000000 0
45351 4 3 00003C 00000000 0
45352 4 3 00003D 00000000 0
45353 4 3 00003E 00000000 0
45354 4 3 00003F 00000000 0
45356 1 1 000078 00000000 0
45372 4 3 000078 00000000 0
45373 4 3 000079 00000000 0
45374 4 3 00007A 00000000 0
45375 4 3 00007B 00000000 0
45376 4 3 00007C 00000000 0
45377 4 3 00007D 00000000 0
45378 4 3 00007E 00000000 0
45379 4 3 00007F 00000000 0
45381 2 1 0000B8 00000000 0
45397 4 3 0000B8 00000000 0
45398 4 3 0000B9 00000000 0
45399 4 3 0000BA 00000000 0
45400 4 3 0000BB 00000001 0
45401 4 3 0000BC 00000000 0
45402 4 3 0000BD 00000000 0
45403 4 3 0000BE 00000000 0
45404 4 3 0000BF 00000000 0
45406 3 1 0000F8 00000000 0
45422 4 3 0000F8 00000000 0
45423 4 3 0000F9 00000000 0
45424 4 3 0000FA 00000000 0
45425 4 3 0000FB 00000000 0
45426 4 3 0000FC 00000000 0
45427 4 3 0000FD 00000000 0
45428 4 3 0000FE 00000000 0
45429 4 3 0000FF 00000001 0
45648 0 2 00023F 00000000 0
45664 4 3 000238 00000000 0
45665 4 3 000239 00000000 0
45666 4 3 00023A 00000000 0
45667 4 3 00023B 00000000 0
45668 4 3 00023C 00000000 0
45669 4 3 00023D 00000000 0
45670 4 3 00023E 00000000 0
45671 4 3 00023F 00000000 0
45673 1 2 00027F 00000000 0
45689 4 3 000278 00000000 0
45690 4 3 000279 00000000 0
45691 4 3 00027A 00000000 0
45692 4 3 00027B 00000000 0
45693 4 3 00027C 00000000 0
45694 4 3 00027D 00000000 0
45695 4 3 00027E 00000000 0
45696 4 3 00027F 00000000 0
45698 2 2 0002BF 00000000 0
45714 4 3 0002B8 00000000 0
45715 4 3 0002B9 00000000 0
45716 4 3 0002BA 00000000 0
45717 4 3 0002BB 00000001 0
45718 4 3 0002BC 00000000 0
45719 4 3 0002BD 00000000 0
45720 4 3 0002BE 00000000 0
45721 4 3 0002BF 00000000 0
45723 3 2 0002FF 00000000 0
45739 4 3 0002F8 00000000 0
45740 4 3 0002F9 00000000 0
45741 4 3 0002FA 00000000 0
45742 4 3 0002FB 00000000 0
45743 4 3 0002FC 00000000 0
45744 4 3 0002FD 00000000 0
45745 4 3 0002FE 00000000 0
45746 4 3 0002FF 00000000 0
45748 0 1 000408 00000000 0
45764 4 3 000408 00000000 0
45765 4 3 000409 00000000 0
45766 4 3 00040A 00000000 0
45767 4 3 00040B 00000000 0
45768 4 3 00040C 00000000 0
45769 4 3 00040D 00000000 0
45770 4 3 00040E 00000000 0
45771 4 3 00040F 00000000 0
45772 1 1 000448 00000000 0
45788 4 3 000448 00000000 0
45789 4 3 000449 00000000 0
45790 4 3 00044A 00000000 0
45791 4 3 00044B 00000000 0
45792 4 3 00044C 00000000 0
45793 4 3 00044D 00000000 0
45794 4 3 00044E 00000000 0
45795 4 3 00044F 00000000 0
45796 2 1 000488 00000000 0
45812 4 3 000488 00000000 0
45813 4 3 000489 00000000 0
45814 4 3 00048A 00000000 0
45815 4 3 00048B 00000000 0
45816 4 3 00048C 00000000 0
45817 4 3 00048D 00000000 0
45818 4 3 00048E 00000000 0
45819 4 3 00048F 00000000 0
45820 3 1 0004C8 00000000 0
45836 4 3 0004C8 00000000 0
45837 4 3 0004C9 00000000 0
45838 4 3 0004CA 00000000 0
45839 4 3 0004CB 00000000 0
45840 4 3 0004CC 00000000 0
45841 4 3 0004CD 00000000 0
45842 4 3 0004CE 00000000 0
45843 4 3 0004CF 00000000 0
45844 0 1 000418 00000000 0
45860 4 3 000418 00000000 0
45861 4 3 000419 00000000 0
45862 4 3 00041A 00000000 0
45863 4 3 00041B 00000000 0
45864 4 3 00041C 00000000 0
45865 4 3 00041D 00000000 0
45866 4 3 00041E 00000000 0
45867 4 3 00041F 00000000 0
45868 1 1 000458 00000000 0
45884 4 3 000458 00000000 0
45885 4 3 000459 00000000 0
45886 4 3 00045A 00000000 0
45887 4 3 00045B 00000000 0
45888 4 3 00045C 00000000 0
45889 4 3 00045D 00000000 0
45890 4 3 00045E 00000000 0
45891 4 3 00045F 00000000 0
45892 2 1 000498 00000000 0
45908 4 3 000498 00000000 0
45909 4 3 000499 00000000 0
45910 4 3 00049A 00000000 0
45911 4 3 00049B 00000000 0
45912 4 3 00049C 00000000 0
45913 4 3 00049D 00000000 0
45914 4 3 00049E 00000000 0
45915 4 3 00049F 00000000 0
45916 3 1 0004D8 00000000 0
45932 4 3 0004D8 00000000 0
45933 4 3 0004D9 00000000 0
45934 4 3 0004DA 00000000 0
45935 4 3 0004DB 00000000 0
45936 4 3 0004DC 00000000 0
45937 4 3 0004DD 00000000 0
45938 4 3 0004DE 00000000 0
45939 4 3 0004DF 00000000 0
45940 0 1 000428 00000000 0
45956 4 3 000428 00000000 0
45957 4 3 000429 00000000 0
45958 4 3 00042A 00000000 0
45959 4 3 00042B 00000000 0
45960 4 3 00042C 00000000 0
45961 4 3 00042D 00000000 0
45962 4 3 00042E 00000000 0
45963 4 3 00042F 00000000 0
45964 1 1 000468 00000000 0
45980 4 3 000468 00000000 0
45981 4 3 000469 00000000 0
45982 4 3 00046A 00000000 0
45983 4 3 00046B 00000000 0
45984 4 3 00046C 00000000 0
45985 4 3 00046D 00000000 0
45986 4 3 00046E 00000000 0
45987 4 3 00046F 00000000 0
45988 2 1 0004A8 00000000 0
46004 4 3 0004A8 00000000 0
46005 4 3 0004A9 00000000 0
46006 4 3 0004AA 00000000 0
46007 4 3 0004AB 00000000 0
46008 4 3 0004AC 00000000 0
46009 4 3 0004AD 00000000 0
46010 4 3 0004AE 00000000 0
46011 4 3 0004AF 00000000 0
46012 3 1 0004E8 00000000 0
46028 4 3 0004E8 00000000 0
46029 4 3 0004E9 00000000 0
46030 4 3 0004EA 00000000 0
46031 4 3 0004EB 00000000 0
46032 4 3 0004EC 00000000 0
46033 4 3 0004ED 00000000 0
46034 4 3 0004EE 00000000 0
46035 4 3 0004EF 00000000 0
46036 0 1 000438 00000000 0
46052 4 3 000438 00000000 0
46053 4 3 000439 00000000 0
46054 4 3 00043A 00000000 0
46055 4 3 00043B 00000000 0
46056 4 3 00043C 00000000 0
46057 4 3 00043D 00000000 0
46058 4 3 00043E 00000000 0
46059 4 3 00043F 00000000 0
46060 1 1 000478 00000000 0
46076 4 3 000478 00000000 0
46077 4 3 000479 00000000 0
46078 4 3 00047A 00000000 0
46079 4 3 00047B 00000000 0
46080 4 3 00047C 00000000 0
46081 4 3 00047D 00000000 0
46082 4 3 00047E 00000000 0
46083 4 3 00047F 00000000 0
46084 2 1 0004B8 00000000 0
46100 4 3 0004B8 00000000 0
46101 4 3 0004B9 00000000 0
46102 4 3 0004BA 00000000 0
46103 4 3 0004BB 00000000 0
46104 4 3 0004BC 00000000 0
46105 4 3 0004BD 00000000 0
46106 4 3 0004BE 00000000 0
46107 4 3 0004BF 00000000 0
46108 3 1 0004F8 00000000 0
46124 4 3 0004F8 00000000 0
46125 4 3 0004F9 00000000 0
46126 4 3 0004FA 00000000 0
46127 4 3 0004FB 00000000 0
46128 4 3 0004FC 00000000 0
46129 4 3 0004FD 00000000 0
46130 4 3 0004FE 00000000 0
46131 4 3 0004FF 00000000 0
